/m/03k50	/base/marchmadness/ncaa_basketball_tournament/seeds./base/marchmadness/ncaa_tournament_seed/team	/m/0nbjq
/m/01hqhm	/location/location/contains	/m/05sfs
/m/0drsm	/award/hall_of_fame/inductees./award/hall_of_fame_induction/inductee	/m/03mr85
/m/02c8d7	/film/film/prequel	/m/0d1mp3
/m/03ww_x	/language/human_language/countries_spoken_in	/m/02nb2s
/m/01t_xp_	/tv/tv_personality/tv_regular_appearances./tv/tv_regular_personal_appearance/program	/m/03gjzk
/m/0ckr7s	/olympics/olympic_participating_country/medals_won./olympics/olympic_medal_honor/medal	/m/011yph
/m/0mnzd	/tv/tv_program/country_of_origin	/m/01y3c
/m/04wvhz	/organization/role/leaders./organization/leadership/organization	/m/018j2
/m/04f525m	/location/location/time_zones	/m/09g7thr
/m/05lb87	/sports/pro_athlete/teams./sports/sports_team_roster/team	/m/06v8s0
/m/01vv6xv	/media_common/netflix_genre/titles	/m/01jrp0
/m/075cph	/base/schemastaging/organization_extra/phone_number./base/schemastaging/phone_sandbox/service_language	/m/01tcf7
/m/02vqhv0	/people/person/employment_history./business/employment_tenure/company	/m/01j_cy
/m/019bk0	/award/award_category/nominees./award/award_nomination/nominated_for	/m/0jm2v
/m/02k84w	/influence/influence_node/influenced_by	/m/04kj2v
/m/03yf3z	/music/artist/contribution./music/recording_contribution/performance_role	/m/03z5xd
/m/0f2wj	/film/film/genre	/m/02xry
/m/07y9w5	/music/group_member/membership./music/group_membership/role	/m/0ymbl
/m/0cm2xh	/location/location/contains	/m/087c7
/m/02qrv7	/base/schemastaging/organization_extra/phone_number./base/schemastaging/phone_sandbox/service_location	/m/044mz_
/m/01b9ck	/education/educational_institution/students_graduates./education/education/student	/m/01j8wk
/m/0blq0z	/education/educational_institution/campuses	/m/01yh3y
/m/03qnc6q	/award/award_nominated_work/award_nominations./award/award_nomination/nominated_for	/m/05b4l5x
/m/06dl_	/film/film/distributors./film/film_film_distributor_relationship/region	/m/0m2l9
/m/0m3gy	/organization/organization/headquarters./location/mailing_address/citytown	/m/01q7cb_
/m/06rq2l	/music/performance_role/regular_performances./music/group_membership/group	/m/0fg04
/m/06w33f8	/tv/tv_network/programs./tv/tv_network_duration/program	/m/0hv27
/m/0d193h	/base/petbreeds/city_with_dogs/top_breeds./base/petbreeds/dog_city_relationship/dog_breed	/m/08hp53
/m/01r42_g	/user/alexander/philosophy/philosopher/interests	/m/023wyl
/m/03s0w	/tv/tv_writer/tv_programs./tv/tv_program_writer_relationship/tv_program	/m/0418wg
/m/027rwmr	/film/actor/film./film/performance/special_performance_type	/m/03rl84
/m/03hnd	/user/alexander/philosophy/philosopher/interests	/m/027nb
/m/0ch6mp2	/base/schemastaging/organization_extra/phone_number./base/schemastaging/phone_sandbox/contact_category	/m/0mw93
/m/026ny	/sports/sport/pro_athletes./sports/pro_sports_played/athlete	/m/06rq1k
/m/048qrd	/business/business_operation/revenue./measurement_unit/dated_money_value/currency	/m/01t07j
/m/09v71cj	/people/person/gender	/m/07c6l
/m/0dq6p	/film/film/featured_film_locations	/m/061681
/m/02m97n	/government/government_office_category/officeholders./government/government_position_held/jurisdiction_of_office	/m/05y7hc
/m/0jf1b	/award/ranked_item/appears_in_ranked_lists./award/ranking/list	/m/04nfpk
/m/083skw	/location/location/partially_contains	/m/01yk13
/m/0gz6b6g	/film/film/featured_film_locations	/m/0g22z
/m/09tqkv2	/film/director/film	/m/03m4mj
/m/02x4wr9	/film/film/costume_design_by	/m/0121c1
/m/0gq_v	/base/popstra/celebrity/breakup./base/popstra/breakup/participant	/m/01v5h
/m/08phg9	/film/film/other_crew./film/film_crew_gig/crewmember	/m/05728w1
/m/0xxc	/film/film/release_date_s./film/film_regional_release_date/film_release_region	/m/018mxj
/m/081nh	/music/artist/track_contributions./music/track_contribution/role	/m/022_6
/m/06hwzy	/sports/professional_sports_team/draft_picks./sports/sports_league_draft_pick/draft	/m/0hn10
/m/099ty	/business/business_operation/industry	/m/092vkg
/m/06w6_	/sports/sports_position/players./sports/sports_team_roster/position	/m/0ck27z
/m/02w4fkq	/film/film/runtime./film/film_cut/film_release_region	/m/012j5h
/m/01qdjm	/soccer/football_team/current_roster./sports/sports_team_roster/position	/m/07wbk
/m/05pd94v	/award/award_ceremony/awards_presented./award/award_honor/honored_for	/m/0g2jl
/m/07s8r0	/government/legislative_session/members./government/government_position_held/district_represented	/m/01l3vx
/m/032ft5	/government/legislative_session/members./government/government_position_held/legislative_sessions	/m/0lk90
/m/036hv	/film/film_distributor/films_distributed./film/film_film_distributor_relationship/film	/m/02vkdwz
/m/02n9nmz	/award/award_winning_work/awards_won./award/award_honor/honored_for	/m/04shbh
/m/07s6fsf	/base/popstra/celebrity/breakup./base/popstra/breakup/participant	/m/0cc5mcj
/m/01d_h8	/tv/tv_program/languages	/m/02d_zc
/m/0gyy53	/travel/travel_destination/climate./travel/travel_destination_monthly_climate/month	/m/01vv6xv
/m/0ddjy	/tv/tv_producer/programs_produced./tv/tv_producer_term/program	/m/01jssp
/m/012x4t	/film/special_film_performance_type/film_performance_type./film/performance/film	/m/0b_77q
/m/01wk7b7	/organization/role/leaders./organization/leadership/organization	/m/0pc6x
/m/06krf3	/music/instrument/instrumentalists	/m/05m883
/m/02q6gfp	/people/person/place_of_birth	/m/07b2lv
/m/04r1t	/location/location/contains	/m/0345h
/m/0fbq2n	/award/award_winner/awards_won./award/award_honor/award_winner	/m/081lh
/m/0fvly	/user/alexander/philosophy/philosopher/interests	/m/01cbwl
/m/05k2s_	/medicine/disease/notable_people_with_this_condition	/m/02zk08
/m/0tc7	/location/country/form_of_government	/m/01qvgl
/m/09d5h	/sports/sports_team/roster./basketball/basketball_roster_position/position	/m/0bjqh
/m/0453t	/film/film/other_crew./film/film_crew_gig/film_crew_role	/m/0285c
/m/062z7	/music/performance_role/regular_performances./music/group_membership/group	/m/06v41q
/m/03jvmp	/sports/sports_team/roster./american_football/football_historical_roster_position/position_s	/m/0l12d
/m/02lg9w	/olympics/olympic_games/participating_countries	/m/0cqh6z
/m/01q2nx	/people/deceased_person/place_of_death	/m/01dpdh
/m/03ydlnj	/business/job_title/people_with_this_title./business/employment_tenure/company	/m/026n998
/m/02x1dht	/base/americancomedy/celebrity_impressionist/celebrities_impersonated	/m/0dbdy
/m/01mvth	/medicine/symptom/symptom_of	/m/08d6bd
/m/03kg2v	/award/award_winning_work/awards_won./award/award_honor/honored_for	/m/07qnf
/m/01sg4_	/music/performance_role/regular_performances./music/group_membership/role	/m/01bvw5
/m/01sbf2	/location/location/adjoin_s./location/adjoining_relationship/adjoins	/m/027f7dj
/m/02dh86	/organization/role/leaders./organization/leadership/organization	/m/03sb38
/m/0f2r6	/business/business_operation/industry	/m/07lx1s
/m/05sb1	/location/us_county/county_seat	/m/035s95
/m/01lyv	/location/location/contains	/m/0c3ns
/m/01d_h8	/location/administrative_division/country	/m/01gq0b
/m/03t97y	/tv/tv_program/regular_cast./tv/regular_tv_appearance/actor	/m/05jzt3
/m/02lf1j	/organization/endowed_organization/endowment./measurement_unit/dated_money_value/currency	/m/0n2g
/m/0p5mw	/sports/professional_sports_team/draft_picks./sports/sports_league_draft_pick/draft	/m/04w7rn
/m/01jssp	/people/person/languages	/m/019mlh
/m/0d234	/education/educational_institution/campuses	/m/09sdmz
/m/02qggqc	/food/food/nutrients./food/nutrition_fact/nutrient	/m/01w3v
/m/0436yk	/base/saturdaynightlive/snl_cast_member/seasons./base/saturdaynightlive/snl_season_tenure/cast_members	/m/04wqr
/m/01c40n	/film/film_set_designer/film_sets_designed	/m/0170s4
/m/0d2psv	/film/film/personal_appearances./film/personal_film_appearance/person	/m/055c8
/m/0cb4j	/people/person/spouse_s./people/marriage/location_of_ceremony	/m/0prpt
/m/0261g5l	/film/film/other_crew./film/film_crew_gig/film_crew_role	/m/01gtc0
/m/0gvbw	/sports/sports_position/players./american_football/football_historical_roster_position/position_s	/m/02qwdhq
/m/0bdw1g	/base/aareas/schema/administrative_area/administrative_area_type	/m/01qb5d
/m/09ksp	/film/film/other_crew./film/film_crew_gig/crewmember	/m/0qm98
/m/01j5ts	/sports/pro_athlete/teams./sports/sports_team_roster/team	/m/039x1k
/m/02yvct	/award/award_category/category_of	/m/0237fw
/m/054lpb6	/music/performance_role/track_performances./music/track_contribution/role	/m/09byk
/m/09gkx35	/time/event/locations	/m/05vsxz
/m/083tk	/film/film_subject/films	/m/016qtt
/m/0l2tk	/base/aareas/schema/administrative_area/administrative_area_type	/m/01sh2
/m/051kv	/sports/sports_team/roster./american_football/football_historical_roster_position/position_s	/m/09x3r
/m/01_x6v	/music/performance_role/regular_performances./music/group_membership/group	/m/06cqb
/m/019bk0	/music/artist/origin	/m/03w1v2
/m/012d40	/american_football/football_team/current_roster./sports/sports_team_roster/position	/m/026mfs
/m/070xg	/film/film/country	/m/01csrl
/m/035s37	/film/film/language	/m/01vn35l
/m/031zkw	/olympics/olympic_sport/athletes./olympics/olympic_athlete_affiliation/olympics	/m/0cwy47
/m/0277470	/people/profession/specialization_of	/m/07f8wg
/m/025352	/music/group_member/membership./music/group_membership/group	/m/08wq0g
/m/02vqsll	/tv/tv_writer/tv_programs./tv/tv_program_writer_relationship/tv_program	/m/077g7n
/m/01wcp_g	/olympics/olympic_games/participating_countries	/m/0jt5zcn
/m/028kj0	/sports/sports_team/colors	/m/02plv57
/m/01q7q2	/sports/sport/pro_athletes./sports/pro_sports_played/athlete	/m/04t36
/m/085h1	/base/culturalevent/event/entity_involved	/m/0b_6mr
/m/01679d	/common/topic/webpage./common/webpage/category	/m/02yvct
/m/0371rb	/film/actor/film./film/performance/film	/m/01_3rn
/m/0264v8r	/location/location/adjoin_s./location/adjoining_relationship/adjoins	/m/06rq2l
/m/0ds2l81	/user/tsegaran/random/taxonomy_subject/entry./user/tsegaran/random/taxonomy_entry/taxonomy	/m/024rbz
/m/02x4wr9	/award/award_category/winners./award/award_honor/ceremony	/m/05728w1
/m/0kvgxk	/people/person/employment_history./business/employment_tenure/company	/m/056878
/m/047g6m	/award/award_nominee/award_nominations./award/award_nomination/nominated_for	/m/03xpf_7
/m/081nh	/government/politician/government_positions_held./government/government_position_held/legislative_sessions	/m/0b_6qj
/m/01f7gh	/american_football/football_team/current_roster./sports/sports_team_roster/position	/m/026n4h6
/m/01wkmgb	/sports/sports_team_location/teams	/m/03vtrv
/m/02nb2s	/music/artist/contribution./music/recording_contribution/performance_role	/m/054ky1
/m/01963w	/film/film/produced_by	/m/02g1px
/m/0512p	/soccer/football_team/current_roster./soccer/football_roster_position/position	/m/05g8ky
/m/0dl9_4	/olympics/olympic_sport/athletes./olympics/olympic_athlete_affiliation/olympics	/m/06v_gh
/m/0c422z4	/olympics/olympic_participating_country/athletes./olympics/olympic_athlete_affiliation/olympics	/m/01wg982
/m/0bj9k	/award/award_nominated_work/award_nominations./award/award_nomination/nominated_for	/m/07rlg
/m/05bnp0	/organization/role/leaders./organization/leadership/organization	/m/0bm2g
/m/033hqf	/sports/sports_team/roster./baseball/baseball_roster_position/position	/m/0pqc5
/m/07s4l	/film/special_film_performance_type/film_performance_type./film/performance/film	/m/03rjj
/m/033g4d	/film/film/language	/m/0144l1
/m/03kwtb	/music/instrument/instrumentalists	/m/03n0q5
/m/02c6d	/location/administrative_division/country	/m/0lgm5
/m/011yn5	/film/film/produced_by	/m/0kv2hv
/m/09cr8	/sports/pro_athlete/teams./sports/sports_team_roster/team	/m/03qmx_f
/m/01gbcf	/base/popstra/celebrity/breakup./base/popstra/breakup/participant	/m/0h1mt
/m/0gyy53	/award/award_category/disciplines_or_subjects	/m/0dq630k
/m/04bbv7	/common/topic/webpage./common/webpage/category	/m/01bh3l
/m/06cgy	/food/food/nutrients./food/nutrition_fact/nutrient	/m/0n4m5
/m/07vc_9	/broadcast/content/artist	/m/011yrp
/m/0kz2w	/base/popstra/celebrity/canoodled./base/popstra/canoodled/participant	/m/015grj
/m/02stbw	/olympics/olympic_participating_country/athletes./olympics/olympic_athlete_affiliation/olympics	/m/01xd9
/m/01xbgx	/organization/organization/place_founded	/m/045bg
/m/0bmh4	/people/person/spouse_s./people/marriage/spouse	/m/07ymr5
/m/028knk	/tv/tv_network/programs./tv/tv_network_duration/program	/m/021_rm
/m/054_mz	/celebrities/celebrity/celebrity_friends./celebrities/friendship/friend	/m/01hkhq
/m/0kp2_	/tv/tv_program/country_of_origin	/m/0sz28
/m/017r2	/business/job_title/people_with_this_title./business/employment_tenure/company	/m/025h4z
/m/01_d4	/tv/tv_program/regular_cast./tv/regular_tv_appearance/actor	/m/0cchk3
/m/018y2s	/people/person/spouse_s./people/marriage/type_of_union	/m/03j43
/m/04jwly	/organization/organization/headquarters./location/mailing_address/state_province_region	/m/0285c
/m/03hrz	/location/country/capital	/m/0171cm
/m/026n4h6	/food/food/nutrients./food/nutrition_fact/nutrient	/m/04ddm4
/m/04kj2v	/people/ethnicity/geographic_distribution	/m/02x8n1n
/m/0t015	/sports/sports_team/roster./american_football/football_roster_position/position	/m/094hwz
/m/04rrx	/baseball/baseball_team/team_stats./baseball/baseball_team_stats/season	/m/047q2k1
/m/04wgh	/film/film/film_festivals	/m/01gc7
/m/01cv3n	/medicine/symptom/symptom_of	/m/0x67
/m/083jv	/influence/influence_node/peers./influence/peer_relationship/peers	/m/0h1wg
/m/02w7gg	/business/job_title/people_with_this_title./business/employment_tenure/company	/m/084qpk
/m/01twdk	/film/director/film	/m/04913k
/m/01w8sf	/location/hud_county_place/county	/m/02qjv
/m/0735l	/people/marriage_union_type/unions_of_this_type./people/marriage/location_of_ceremony	/m/044mz_
/m/056878	/film/film/film_production_design_by	/m/05jg58
/m/0c40vxk	/film/film/runtime./film/film_cut/film_release_region	/m/012s5j
/m/0b90_r	/organization/organization/headquarters./location/mailing_address/country	/m/017r2
/m/0rs6x	/olympics/olympic_sport/athletes./olympics/olympic_athlete_affiliation/olympics	/m/02jm0n
/m/01z88t	/organization/organization/headquarters./location/mailing_address/state_province_region	/m/0248jb
/m/02581q	/film/film/language	/m/06v9_x
/m/012t1	/base/biblioness/bibs_location/state	/m/041rx
/m/0872p_c	/olympics/olympic_participating_country/medals_won./olympics/olympic_medal_honor/olympics	/m/081_zm
/m/0g69lg	/film/film/featured_film_locations	/m/0kc6x
/m/0mn0v	/sports/sports_position/players./sports/sports_team_roster/position	/m/021_z5
/m/07kh6f3	/music/genre/parent_genre	/m/03vtrv
/m/03qmj9	/american_football/football_team/current_roster./sports/sports_team_roster/position	/m/0ftf0f
/m/0gqwc	/education/educational_degree/people_with_this_degree./education/education/student	/m/01r97z
/m/0gsg7	/people/person/spouse_s./people/marriage/spouse	/m/012j5h
/m/016dgz	/education/university/domestic_tuition./measurement_unit/dated_money_value/currency	/m/0f4y_
/m/07_s4b	/base/schemastaging/organization_extra/phone_number./base/schemastaging/phone_sandbox/contact_category	/m/0325pb
/m/0bkj86	/government/politician/government_positions_held./government/government_position_held/legislative_sessions	/m/04ztj
/m/01qzyz	/business/job_title/people_with_this_title./business/employment_tenure/company	/m/022_6
/m/01xy5l_	/sports/sports_league_draft/picks./sports/sports_league_draft_pick/school	/m/0cvw9
/m/02hct1	/organization/organization/headquarters./location/mailing_address/state_province_region	/m/01hr1
/m/02kxbwx	/award/award_winning_work/awards_won./award/award_honor/honored_for	/m/03rl1g
/m/02g_6j	/sports/sports_position/players./american_football/football_historical_roster_position/position_s	/m/04nw9
/m/065y4w7	/film/film/country	/m/0jmfb
/m/0c4f4	/location/hud_foreclosure_area/estimated_number_of_mortgages./measurement_unit/dated_integer/source	/m/04zyhx
/m/0gkvb7	/people/person/sibling_s./people/sibling_relationship/sibling	/m/02stbw
/m/01nqfh_	/sports/sports_team_location/teams	/m/03z20c
/m/0495ys	/tv/tv_program/tv_producer./tv/tv_producer_term/producer_type	/m/09gvd
/m/02ddqh	/sports/sports_team/roster./baseball/baseball_roster_position/position	/m/0464pz
/m/0ddfwj1	/award/ranked_item/appears_in_ranked_lists./award/ranking/list	/m/01q2nx
/m/012ljv	/film/film/release_date_s./film/film_regional_release_date/film_release_distribution_medium	/m/016clz
/m/02jt1k	/film/film/distributors./film/film_film_distributor_relationship/film_distribution_medium	/m/0f94t
/m/01vrt_c	/film/film/produced_by	/m/0_3cs
/m/0hmm7	/film/film/production_companies	/m/0c_mvb
/m/0bsb4j	/tv/tv_program/regular_cast./tv/regular_tv_appearance/actor	/m/06cx9
/m/02__34	/organization/organization_founder/organizations_founded	/m/021yc7p
/m/084m3	/tv/tv_network/programs./tv/tv_network_duration/program	/m/0bh8tgs
/m/094hwz	/location/statistical_region/religions./location/religion_percentage/religion	/m/05qjt
/m/0309jm	/award/award_winning_work/awards_won./award/award_honor/award_winner	/m/0g5qs2k
/m/07szy	/location/hud_county_place/place	/m/08pgl8
/m/052gzr	/medicine/disease/notable_people_with_this_condition	/m/0j3v
/m/05zjtn4	/location/capital_of_administrative_division/capital_of./location/administrative_division_capital_relationship/administrative_division	/m/01sh2
/m/06wrt	/location/statistical_region/religions./location/religion_percentage/religion	/m/01kj0p
/m/0dq630k	/soccer/football_team/current_roster./soccer/football_roster_position/position	/m/03f70xs
/m/0bdwft	/olympics/olympic_sport/athletes./olympics/olympic_athlete_affiliation/country	/m/09v3jyg
/m/01n4w	/film/film/runtime./film/film_cut/film_release_region	/m/07djnx
/m/03r8tl	/film/film/cinematography	/m/045bg
/m/02sjf5	/education/field_of_study/students_majoring./education/education/major_field_of_study	/m/0h_cssd
/m/01hp5	/people/ethnicity/geographic_distribution	/m/027dtv3
/m/02f2dn	/education/educational_institution_campus/educational_institution	/m/03bwzr4
/m/064p92m	/sports/pro_athlete/teams./sports/sports_team_roster/team	/m/0fm9_
/m/015pdg	/award/award_category/winners./award/award_honor/award_winner	/m/062zjtt
/m/083shs	/base/locations/continents/countries_within	/m/01kwld
/m/0r540	/sports/sports_league_draft/picks./sports/sports_league_draft_pick/school	/m/040b5k
/m/04r1t	/location/country/form_of_government	/m/03k7bd
/m/0cd2vh9	/food/food/nutrients./food/nutrition_fact/nutrient	/m/03975z
/m/02hft3	/base/aareas/schema/administrative_area/administrative_parent	/m/07s9rl0
/m/047gn4y	/film/film/produced_by	/m/0f0kz
/m/03xmy1	/people/cause_of_death/people	/m/02rjv2w
/m/02nb2s	/education/university/local_tuition./measurement_unit/dated_money_value/currency	/m/04mzf8
/m/01z27	/government/politician/government_positions_held./government/government_position_held/basic_title	/m/04yj5z
/m/018wl5	/film/film/cinematography	/m/0htlr
/m/0gcf2r	/film/film_distributor/films_distributed./film/film_film_distributor_relationship/film	/m/0r7fy
/m/01jrp0	/base/popstra/celebrity/dated./base/popstra/dated/participant	/m/02wgln
/m/0170vn	/music/record_label/artist	/m/0gt_0v
/m/07w0v	/sports/sports_team/colors	/m/02x1dht
/m/09sh8k	/base/marchmadness/ncaa_basketball_tournament/seeds./base/marchmadness/ncaa_tournament_seed/team	/m/0d060g
/m/0t_2	/tv/tv_personality/tv_regular_appearances./tv/tv_regular_personal_appearance/program	/m/032_jg
/m/01wxyx1	/music/genre/parent_genre	/m/04k25
/m/01rhrd	/award/award_ceremony/awards_presented./award/award_honor/honored_for	/m/0gsg7
/m/0ftps	/film/film/story_by	/m/04r1t
/m/07024	/people/person/gender	/m/07hbxm
/m/09p06	/award/award_category/nominees./award/award_nomination/nominated_for	/m/0r2l7
/m/06cs95	/education/field_of_study/students_majoring./education/education/major_field_of_study	/m/0ckd1
/m/0l998	/award/award_nominated_work/award_nominations./award/award_nomination/nominated_for	/m/05ksh
/m/0ml25	/sports/sports_team/roster./american_football/football_historical_roster_position/position_s	/m/03lrht
/m/011yd2	/location/hud_county_place/county	/m/053y0s
/m/0fdv3	/celebrities/celebrity/celebrity_friends./celebrities/friendship/friend	/m/01qszl
/m/03lrht	/people/person/nationality	/m/0g78xc
/m/07z1m	/education/educational_degree/people_with_this_degree./education/education/major_field_of_study	/m/0lfgr
/m/026qnh6	/government/government_office_category/officeholders./government/government_position_held/jurisdiction_of_office	/m/05g8ky
/m/025n07	/location/statistical_region/gdp_nominal_per_capita./measurement_unit/dated_money_value/currency	/m/019v9k
/m/03w5xm	/award/award_category/category_of	/m/0j2jr
/m/014dq7	/sports/professional_sports_team/draft_picks./sports/sports_league_draft_pick/draft	/m/03qlv7
/m/08433	/music/artist/contribution./music/recording_contribution/performance_role	/m/018ctl
/m/07c6l	/tv/tv_writer/tv_programs./tv/tv_program_writer_relationship/tv_program	/m/0272_vz
/m/0239kh	/sports/sports_position/players./american_football/football_historical_roster_position/position_s	/m/02f705
/m/079vf	/award/award_ceremony/awards_presented./award/award_honor/honored_for	/m/0gghm
/m/06151l	/celebrities/celebrity/sexual_relationships./celebrities/romantic_relationship/celebrity	/m/01d494
/m/0gtvrv3	/film/film/language	/m/03_vpw
/m/0k049	/language/human_language/countries_spoken_in	/m/018dnt
/m/013kcv	/base/popstra/celebrity/friendship./base/popstra/friendship/participant	/m/0_7z2
/m/0dq626	/music/artist/contribution./music/recording_contribution/performance_role	/m/037fqp
/m/0pc6x	/sports/sports_league/teams./sports/sports_league_participation/team	/m/0_7w6
/m/09txzv	/film/film/cinematography	/m/0168cl
/m/0lhp1	/award/award_nominee/award_nominations./award/award_nomination/award_nominee	/m/05j82v
/m/03d34x8	/location/country/form_of_government	/m/063vn
/m/07sbbz2	/olympics/olympic_participating_country/medals_won./olympics/olympic_medal_honor/medal	/m/05cgv
/m/0h7h6	/award/award_category/winners./award/award_honor/ceremony	/m/0l998
/m/0gxtknx	/film/film/release_date_s./film/film_regional_release_date/film_regional_debut_venue	/m/01kf3_9
/m/0chsq	/medicine/symptom/symptom_of	/m/011_vz
/m/01x15dc	/music/instrument/instrumentalists	/m/01d_h8
/m/01ngz1	/influence/influence_node/influenced_by	/m/02x17s4
/m/06__m6	/sports/sports_position/players./american_football/football_historical_roster_position/position_s	/m/0ft5vs
/m/052vwh	/olympics/olympic_sport/athletes./olympics/olympic_athlete_affiliation/olympics	/m/0prjs
/m/0cqt41	/award/award_category/category_of	/m/0kpl
/m/03ln8b	/tv/tv_network/programs./tv/tv_network_duration/program	/m/09g7thr
/m/0170z3	/location/statistical_region/gdp_nominal./measurement_unit/dated_money_value/currency	/m/0p_pd
/m/02vx4	/people/profession/specialization_of	/m/02x2khw
/m/013b2h	/location/country/second_level_divisions	/m/02r5w9
/m/0n5fl	/film/film/release_date_s./film/film_regional_release_date/film_regional_debut_venue	/m/05d7rk
/m/087wc7n	/base/locations/continents/countries_within	/m/01r9fv
/m/02_xgp2	/award/award_nominee/award_nominations./award/award_nomination/award	/m/027f2w
/m/0tc7	/organization/organization_founder/organizations_founded	/m/02_1kl
/m/0q8p8	/film/actor/film./film/performance/special_performance_type	/m/0g2c8
/m/0cqhk0	/base/schemastaging/person_extra/net_worth./measurement_unit/dated_money_value/currency	/m/01wkmgb
/m/030h95	/government/political_party/politicians_in_this_party./government/political_party_tenure/politician	/m/02llzg
/m/0209hj	/film/film/costume_design_by	/m/0bh8yn3
/m/0ftlkg	/people/person/employment_history./business/employment_tenure/company	/m/05p1tzf
/m/02773m2	/people/person/languages	/m/0fq7dv_
/m/063y_ky	/film/film/prequel	/m/044mm6
/m/07ss8_	/government/governmental_body/members./government/government_position_held/legislative_sessions	/m/0g284
/m/05lls	/award/award_ceremony/awards_presented./award/award_honor/award_winner	/m/01cwhp
/m/0159h6	/people/person/spouse_s./people/marriage/location_of_ceremony	/m/01mmslz
/m/095zlp	/film/film/film_production_design_by	/m/03975z
/m/056vv	/location/location/partially_contains	/m/02x1dht
/m/018y2s	/music/group_member/membership./music/group_membership/role	/m/05cj_j
/m/02_n3z	/base/popstra/location/vacationers./base/popstra/vacation_choice/vacationer	/m/082fr
/m/06w33f8	/base/biblioness/bibs_location/state	/m/0dwr4
/m/0bq8tmw	/tv/tv_producer/programs_produced./tv/tv_producer_term/producer_type	/m/03y1mlp
/m/02_1rq	/film/film/runtime./film/film_cut/film_release_region	/m/08q1tg
/m/01s73z	/common/topic/webpage./common/webpage/category	/m/09nqf
/m/07s6prs	/people/person/languages	/m/03v_5
/m/01h72l	/music/record_label/artist	/m/05lb87
/m/0bzkgg	/education/educational_institution/campuses	/m/027rwmr
/m/01p3ty	/people/person/gender	/m/06klyh
/m/018vs	/location/location/time_zones	/m/099cng
/m/0cqhk0	/military/military_combatant/military_conflicts./military/military_combatant_group/combatants	/m/07z5n
/m/026lgs	/education/educational_institution/colors	/m/01y9jr
/m/09jwl	/location/statistical_region/rent50_2./measurement_unit/dated_money_value/currency	/m/01zzk4
/m/03qmj9	/base/locations/continents/countries_within	/m/0c3ybss
/m/0p_sc	/people/cause_of_death/people	/m/02vx4
/m/011wtv	/music/instrument/instrumentalists	/m/02jt1k
/m/02nb2s	/award/award_nominee/award_nominations./award/award_nomination/award_nominee	/m/0cqhk0
/m/0fj52s	/education/educational_institution/students_graduates./education/education/student	/m/01wxdn3
/m/016qtt	/people/person/spouse_s./people/marriage/location_of_ceremony	/m/02pqcfz
/m/081nh	/sports/sports_league_draft/picks./sports/sports_league_draft_pick/school	/m/041rx
/m/01vb403	/film/film/release_date_s./film/film_regional_release_date/film_release_region	/m/01n7q
/m/02g9p4	/base/petbreeds/city_with_dogs/top_breeds./base/petbreeds/dog_city_relationship/dog_breed	/m/023p33
/m/03975z	/award/award_category/winners./award/award_honor/award_winner	/m/032ft5
/m/01_mdl	/film/film/personal_appearances./film/personal_film_appearance/person	/m/01ct6
/m/09wj5	/base/schemastaging/organization_extra/phone_number./base/schemastaging/phone_sandbox/contact_category	/m/01_srz
/m/02hft3	/film/film/costume_design_by	/m/0ds3t5x
/m/07t65	/base/locations/continents/countries_within	/m/07gyv
/m/0gyh	/location/statistical_region/gdp_nominal./measurement_unit/dated_money_value/currency	/m/025s7x6
/m/01jssp	/user/tsegaran/random/taxonomy_subject/entry./user/tsegaran/random/taxonomy_entry/taxonomy	/m/07_fj54
/m/0qb1z	/sports/sports_team_location/teams	/m/02f79n
/m/0dbdy	/government/politician/government_positions_held./government/government_position_held/legislative_sessions	/m/04zyhx
/m/013cz2	/sports/sports_team/sport	/m/0g_rs_
/m/0dtfn	/location/capital_of_administrative_division/capital_of./location/administrative_division_capital_relationship/administrative_division	/m/051hrr
/m/025m8y	/film/film/release_date_s./film/film_regional_release_date/film_release_region	/m/02jt1k
/m/01hxs4	/sports/sports_team/roster./baseball/baseball_roster_position/position	/m/0frf6
/m/09mq4m	/award/award_category/disciplines_or_subjects	/m/018dh3
/m/019pm_	/music/performance_role/regular_performances./music/group_membership/role	/m/0c_n9
/m/02kxbwx	/tv/tv_producer/programs_produced./tv/tv_producer_term/producer_type	/m/0ch26b_
/m/0p4wb	/award/award_winning_work/awards_won./award/award_honor/award	/m/01c4_6
/m/0hv1t	/film/actor/film./film/performance/film	/m/0d_84
/m/040wdl	/language/human_language/countries_spoken_in	/m/05zr0xl
/m/07s467s	/education/educational_institution/students_graduates./education/education/student	/m/06x4l_
/m/0ccck7	/music/performance_role/regular_performances./music/group_membership/role	/m/0fsm8c
/m/0hn10	/tv/tv_program/genre	/m/05sxzwc
/m/071ywj	/music/artist/track_contributions./music/track_contribution/role	/m/02qpbqj
/m/0klh7	/sports/sports_team/roster./american_football/football_roster_position/position	/m/0j06n
/m/07s467s	/education/educational_degree/people_with_this_degree./education/education/major_field_of_study	/m/086vfb
/m/04ljl_l	/sports/pro_athlete/teams./sports/sports_team_roster/team	/m/06cv1
/m/0xzly	/location/hud_county_place/place	/m/05zjtn4
/m/07kg3	/film/film/film_production_design_by	/m/06w33f8
/m/04jpl	/music/performance_role/regular_performances./music/group_membership/role	/m/0b_7k
/m/01wmcbg	/location/country/second_level_divisions	/m/01p9hgt
/m/0783m_	/government/politician/government_positions_held./government/government_position_held/legislative_sessions	/m/07tgn
/m/043q6n_	/award/award_nominee/award_nominations./award/award_nomination/award_nominee	/m/04q7r
/m/03_gd	/tv/tv_program/languages	/m/015rmq
/m/06brp0	/education/university/fraternities_and_sororities	/m/0bx0l
/m/025vry	/common/topic/webpage./common/webpage/category	/m/01lb14
/m/02zyy4	/film/film/production_companies	/m/02rxj
/m/0bfvw2	/olympics/olympic_games/sports	/m/05th8t
/m/01s73z	/tv/tv_program/languages	/m/05pq9
/m/05b4w	/film/director/film	/m/04112r
/m/05prs8	/language/human_language/countries_spoken_in	/m/0bmssv
/m/02gvwz	/base/biblioness/bibs_location/state	/m/02qvl7
/m/01gst_	/film/film/other_crew./film/film_crew_gig/film_crew_role	/m/01541z
/m/016pns	/broadcast/content/artist	/m/01wcp_g
/m/019gz	/people/person/place_of_birth	/m/012cph
/m/02x8m	/government/politician/government_positions_held./government/government_position_held/basic_title	/m/0ds460j
/m/0kfpm	/olympics/olympic_participating_country/medals_won./olympics/olympic_medal_honor/medal	/m/06s6l
/m/034qrh	/tv/tv_network/programs./tv/tv_network_duration/program	/m/04xrx
/m/0ck27z	/location/us_county/county_seat	/m/0jt90f5
/m/04bbv7	/education/educational_degree/people_with_this_degree./education/education/institution	/m/05b4rcb
/m/0m491	/film/film/featured_film_locations	/m/0kcn7
/m/0309jm	/education/educational_institution/school_type	/m/027c924
/m/05xvj	/film/film/film_format	/m/02x8m
/m/0c94fn	/award/award_winning_work/awards_won./award/award_honor/honored_for	/m/0f0y8
/m/01rhrd	/film/film/runtime./film/film_cut/film_release_region	/m/0m313
/m/02847m9	/user/alexander/philosophy/philosopher/interests	/m/0473m9
/m/01vrncs	/location/us_county/county_seat	/m/08swgx
/m/0gt_k	/music/record_label/artist	/m/036gdw
/m/013v5j	/organization/organization/headquarters./location/mailing_address/state_province_region	/m/01gf5h
/m/013w7j	/olympics/olympic_participating_country/medals_won./olympics/olympic_medal_honor/medal	/m/02hsq3m
/m/0275_pj	/film/film/runtime./film/film_cut/film_release_region	/m/01dy7j
/m/065y4w7	/people/person/places_lived./people/place_lived/location	/m/020qr4
/m/01fx4k	/location/country/capital	/m/03m8lq
/m/01lb14	/business/job_title/people_with_this_title./business/employment_tenure/company	/m/04v8x9
/m/02wrhj	/tv/tv_program/languages	/m/02t_tp
/m/0c_n9	/award/award_nominee/award_nominations./award/award_nomination/award	/m/01q7cb_
/m/01ngz1	/award/award_nominee/award_nominations./award/award_nomination/award	/m/04n52p6
/m/0jmfb	/film/film/written_by	/m/05zrvfd
/m/04l3_z	/film/film/personal_appearances./film/personal_film_appearance/person	/m/018ctl
/m/046b0s	/education/educational_degree/people_with_this_degree./education/education/student	/m/031t2d
/m/059_c	/film/film/distributors./film/film_film_distributor_relationship/region	/m/04q7r
/m/0f2df	/film/film/genre	/m/024pcx
/m/01ycfv	/film/film/costume_design_by	/m/06y9v
/m/09p0q	/location/country/second_level_divisions	/m/0bzk8w
/m/0jzw	/government/politician/government_positions_held./government/government_position_held/basic_title	/m/02mxw0
/m/01x66d	/organization/organization/headquarters./location/mailing_address/state_province_region	/m/0c9d9
/m/0d193h	/film/film/edited_by	/m/02_xgp2
/m/02gys2	/location/statistical_region/religions./location/religion_percentage/religion	/m/03bx0bm
/m/0prfz	/base/marchmadness/ncaa_basketball_tournament/seeds./base/marchmadness/ncaa_tournament_seed/team	/m/01w923
/m/03fbc	/media_common/netflix_genre/titles	/m/06v41q
/m/02pkpfs	/education/field_of_study/students_majoring./education/education/major_field_of_study	/m/03h_fk5
/m/0fv6dr	/olympics/olympic_participating_country/medals_won./olympics/olympic_medal_honor/olympics	/m/0f04c
/m/01rrwf6	/base/popstra/celebrity/canoodled./base/popstra/canoodled/participant	/m/030znt
/m/03m4mj	/military/military_conflict/combatants./military/military_combatant_group/combatants	/m/03hkv_r
/m/03rtmz	/sports/sports_position/players./american_football/football_historical_roster_position/position_s	/m/02vp1f_
/m/0p_pd	/music/artist/origin	/m/07p62k
/m/07y2s	/organization/non_profit_organization/registered_with./organization/non_profit_registration/registering_agency	/m/02vwckw
/m/07_s4b	/location/statistical_region/rent50_2./measurement_unit/dated_money_value/currency	/m/024rbz
/m/04nlb94	/film/film/runtime./film/film_cut/film_release_region	/m/01b39j
/m/02bjrlw	/people/person/profession	/m/07q1v4
/m/05m883	/base/saturdaynightlive/snl_cast_member/seasons./base/saturdaynightlive/snl_season_tenure/cast_members	/m/075cph
/m/05k79	/film/film_set_designer/film_sets_designed	/m/0dz3r
/m/02hczc	/music/record_label/artist	/m/02lz1s
/m/0ddfwj1	/education/educational_degree/people_with_this_degree./education/education/institution	/m/027tbrc
/m/06f0dc	/location/administrative_division/country	/m/01tspc6
/m/03lty	/film/film/country	/m/0jjy0
/m/0jgk3	/common/topic/webpage./common/webpage/category	/m/0l2nd
/m/07f5x	/organization/organization_member/member_of./organization/organization_membership/organization	/m/03ryn
/m/02gys2	/tv/tv_writer/tv_programs./tv/tv_program_writer_relationship/tv_program	/m/0dyb1
/m/06w87	/government/political_party/politicians_in_this_party./government/political_party_tenure/politician	/m/09bkv
/m/01pgp6	/base/marchmadness/ncaa_basketball_tournament/seeds./base/marchmadness/ncaa_tournament_seed/team	/m/01lbp
/m/01mkq	/location/hud_foreclosure_area/estimated_number_of_mortgages./measurement_unit/dated_integer/source	/m/01wj9y9
/m/043ljr	/business/business_operation/revenue./measurement_unit/dated_money_value/currency	/m/0b66qd
/m/0d0vqn	/people/person/nationality	/m/02f5qb
/m/05q54f5	/award/award_nominee/award_nominations./award/award_nomination/award	/m/01c9f2
/m/013zdg	/base/biblioness/bibs_location/country	/m/02py7pj
/m/051hrr	/film/director/film	/m/05zjtn4
/m/01jgkj2	/award/award_winning_work/awards_won./award/award_honor/award_winner	/m/03ckwzc
/m/0h3k3f	/film/film/genre	/m/049g_xj
/m/02pzz3p	/people/person/spouse_s./people/marriage/spouse	/m/01c72t
/m/02zmh5	/time/event/locations	/m/0dtfn
/m/01xdf5	/film/film/production_companies	/m/04shbh
/m/0892sx	/user/tsegaran/random/taxonomy_subject/entry./user/tsegaran/random/taxonomy_entry/taxonomy	/m/0kv238
/m/02r34n	/people/cause_of_death/people	/m/015rkw
/m/01gzm2	/music/group_member/membership./music/group_membership/group	/m/059x66
/m/02z13jg	/education/educational_institution/school_type	/m/0dq626
/m/03lpp_	/award/award_nominee/award_nominations./award/award_nomination/award	/m/0xhtw
/m/05kr_	/people/ethnicity/geographic_distribution	/m/05f7s1
/m/0bgrsl	/education/educational_institution/students_graduates./education/education/major_field_of_study	/m/03n0q5
/m/043ljr	/olympics/olympic_games/medals_awarded./olympics/olympic_medal_honor/medal	/m/061681
/m/01ycfv	/military/military_combatant/military_conflicts./military/military_combatant_group/combatants	/m/05p1dby
/m/0c_tl	/baseball/baseball_team/team_stats./baseball/baseball_team_stats/season	/m/0dgpwnk
/m/0w0d	/food/food/nutrients./food/nutrition_fact/nutrient	/m/065ym0c
/m/0266shh	/film/actor/film./film/performance/film	/m/016jhr
/m/0fq8f	/film/film/estimated_budget./measurement_unit/dated_money_value/currency	/m/05f4p
/m/0p_sc	/sports/sports_league_draft/picks./sports/sports_league_draft_pick/school	/m/058s57
/m/01b195	/travel/travel_destination/climate./travel/travel_destination_monthly_climate/month	/m/07s9rl0
/m/049n7	/education/field_of_study/students_majoring./education/education/student	/m/03v6t
/m/047hpm	/base/schemastaging/organization_extra/phone_number./base/schemastaging/phone_sandbox/service_location	/m/01vrz41
/m/0ddjy	/education/educational_institution_campus/educational_institution	/m/01n5309
/m/01swxv	/film/film/story_by	/m/05prs8
/m/018wl5	/film/film/music	/m/015fs3
/m/094jv	/people/marriage_union_type/unions_of_this_type./people/marriage/location_of_ceremony	/m/0bkj86
/m/0136pk	/influence/influence_node/influenced_by	/m/0358x_
/m/01y9pk	/base/popstra/location/vacationers./base/popstra/vacation_choice/vacationer	/m/0ddt_
/m/011yth	/government/governmental_body/members./government/government_position_held/legislative_sessions	/m/011yqc
/m/0swbd	/organization/role/leaders./organization/leadership/organization	/m/036c_0
/m/0bdx29	/film/film/genre	/m/01sxq9
/m/0gz5hs	/education/educational_institution/students_graduates./education/education/major_field_of_study	/m/06f0dc
/m/0fkvn	/location/hud_county_place/county	/m/01x15dc
/m/0k6nt	/film/actor/film./film/performance/film	/m/01b1mj
/m/02l840	/film/film/film_production_design_by	/m/01j_06
/m/070m6c	/sports/sports_team/roster./baseball/baseball_roster_position/position	/m/01dys
/m/08c9b0	/film/film/prequel	/m/0dvqq
/m/0chghy	/sports/sports_team/roster./basketball/basketball_roster_position/position	/m/0f8j13
/m/01fbr2	/organization/role/leaders./organization/leadership/organization	/m/06jk5_
/m/084m3	/organization/organization/place_founded	/m/0m2lt
/m/0bby9p5	/base/popstra/celebrity/breakup./base/popstra/breakup/participant	/m/01kj0p
/m/0cgzj	/tv/tv_program/regular_cast./tv/regular_tv_appearance/actor	/m/0cfhfz
/m/0fr59	/award/award_winning_work/awards_won./award/award_honor/award	/m/0jt3tjf
/m/01nqfh_	/organization/organization/headquarters./location/mailing_address/citytown	/m/016z9n
/m/02nxhr	/sports/sports_team/roster./american_football/football_roster_position/position	/m/025cbm
/m/06ztvyx	/sports/sport/pro_athletes./sports/pro_sports_played/athlete	/m/019g40
/m/02jg92	/tv/tv_program/regular_cast./tv/regular_tv_appearance/actor	/m/0mw89
/m/06w99h3	/tv/tv_producer/programs_produced./tv/tv_producer_term/producer_type	/m/02w9895
/m/04tz52	/influence/influence_node/peers./influence/peer_relationship/peers	/m/0ddjy
/m/0ml25	/people/person/languages	/m/01zzk4
/m/01f62	/tv/tv_program/tv_producer./tv/tv_producer_term/producer_type	/m/013cr
/m/0gs9p	/base/locations/continents/countries_within	/m/05drq5
/m/01trxd	/education/educational_degree/people_with_this_degree./education/education/major_field_of_study	/m/09d5h
/m/01v40wd	/sports/sports_team_location/teams	/m/027jk
/m/05hs4r	/music/performance_role/track_performances./music/track_contribution/role	/m/022_lg
/m/03yf3z	/education/educational_degree/people_with_this_degree./education/education/student	/m/088cp
/m/017t44	/film/film/production_companies	/m/02dlfh
/m/0kvgnq	/award/hall_of_fame/inductees./award/hall_of_fame_induction/inductee	/m/01xwqn
/m/01wkmgb	/people/person/spouse_s./people/marriage/spouse	/m/03rs8y
/m/099ty	/location/country/capital	/m/0l56b
/m/0248jb	/award/hall_of_fame/inductees./award/hall_of_fame_induction/inductee	/m/0p_2r
/m/067pl7	/film/film/distributors./film/film_film_distributor_relationship/film_distribution_medium	/m/05vsb7
/m/01pgp6	/film/film/story_by	/m/012t1
/m/02zn1b	/education/university/domestic_tuition./measurement_unit/dated_money_value/currency	/m/039g82
/m/01kcd	/sports/sports_position/players./sports/sports_team_roster/team	/m/020y73
/m/0dxmyh	/sports/sports_team/roster./american_football/football_historical_roster_position/position_s	/m/02xfj0
/m/02p11jq	/base/aareas/schema/administrative_area/capital	/m/015x74
/m/02qrv7	/baseball/baseball_team/team_stats./baseball/baseball_team_stats/season	/m/04hwbq
/m/0d07j8	/olympics/olympic_participating_country/medals_won./olympics/olympic_medal_honor/medal	/m/015h31
/m/03r8tl	/base/x2010fifaworldcupsouthafrica/world_cup_squad/current_world_cup_squad./base/x2010fifaworldcupsouthafrica/current_world_cup_squad/current_club	/m/02g87m
/m/01d650	/award/award_winning_work/awards_won./award/award_honor/award_winner	/m/01jfsb
/m/025vry	/film/film/produced_by	/m/05q96q6
/m/0ds460j	/award/award_nominated_work/award_nominations./award/award_nomination/nominated_for	/m/054lpb6
/m/012_53	/base/culturalevent/event/entity_involved	/m/05g3b
/m/01k1k4	/award/award_nominated_work/award_nominations./award/award_nomination/nominated_for	/m/0yfp
/m/03qnvdl	/award/award_nominee/award_nominations./award/award_nomination/nominated_for	/m/012t_z
/m/01wz3cx	/film/film/featured_film_locations	/m/02k6rq
/m/07rlg	/people/cause_of_death/people	/m/01c0cc
/m/0dsvzh	/travel/travel_destination/climate./travel/travel_destination_monthly_climate/month	/m/01xdn1
/m/07xzm	/film/film_subject/films	/m/0hpt3
/m/07s467s	/music/genre/artists	/m/02vqsll
/m/01vrt_c	/base/aareas/schema/administrative_area/capital	/m/0j2jr
/m/0g69lg	/film/director/film	/m/07zlqp
/m/02ndj5	/sports/sport/pro_athletes./sports/pro_sports_played/athlete	/m/0c422z4
/m/01j5x6	/award/award_nominee/award_nominations./award/award_nomination/award	/m/05xvj
/m/0cz_ym	/base/popstra/celebrity/breakup./base/popstra/breakup/participant	/m/07y_7
/m/06cvj	/award/ranked_item/appears_in_ranked_lists./award/ranking/list	/m/03mg35
/m/03r1pr	/location/location/time_zones	/m/02v4vl
/m/01n7q	/travel/travel_destination/climate./travel/travel_destination_monthly_climate/month	/m/01b39j
/m/07s3vqk	/location/statistical_region/gdp_nominal./measurement_unit/dated_money_value/currency	/m/01pl14
/m/03gqgt3	/film/film/production_companies	/m/01ls2
/m/04fhxp	/film/film/film_format	/m/02kth6
/m/03fbc	/music/genre/artists	/m/0n5fl
/m/02fb1n	/location/hud_county_place/county	/m/01wv9xn
/m/04l8xw	/film/film/other_crew./film/film_crew_gig/crewmember	/m/03kx49
/m/01lxd4	/organization/organization/place_founded	/m/0cj16
/m/01dq5z	/film/actor/film./film/performance/special_performance_type	/m/02qm_f
/m/0l998	/user/alexander/philosophy/philosopher/interests	/m/047byns
/m/02qm_f	/film/film/costume_design_by	/m/015npr
/m/05x2t7	/organization/non_profit_organization/registered_with./organization/non_profit_registration/registering_agency	/m/04xvh5
/m/01cwhp	/film/film/film_format	/m/0170s4
/m/01d_h8	/base/marchmadness/ncaa_basketball_tournament/seeds./base/marchmadness/ncaa_tournament_seed/team	/m/06by7
/m/03qh03g	/film/film/release_date_s./film/film_regional_release_date/film_regional_debut_venue	/m/049tjg
/m/0g5lhl7	/education/university/domestic_tuition./measurement_unit/dated_money_value/currency	/m/0kx4m
/m/01f7kl	/tv/tv_producer/programs_produced./tv/tv_producer_term/producer_type	/m/0320jz
/m/07hgm	/base/biblioness/bibs_location/country	/m/043n0v_
/m/09tkzy	/people/person/nationality	/m/05bnp0
/m/0bl2g	/broadcast/content/artist	/m/012mrr
/m/0261g5l	/olympics/olympic_participating_country/medals_won./olympics/olympic_medal_honor/medal	/m/0845v
/m/0h1wg	/education/educational_institution_campus/educational_institution	/m/0h1cdwq
/m/0dsvzh	/olympics/olympic_games/sports	/m/01cgz
/m/0f2r6	/tv/tv_network/programs./tv/tv_network_duration/program	/m/01hp22
/m/0147sh	/people/person/sibling_s./people/sibling_relationship/sibling	/m/07w5rq
/m/02k_4g	/film/film/written_by	/m/02fb1n
/m/01mqz0	/location/location/time_zones	/m/0grwj
/m/0jdgr	/film/film/release_date_s./film/film_regional_release_date/film_regional_debut_venue	/m/09prnq
/m/047yc	/base/schemastaging/organization_extra/phone_number./base/schemastaging/phone_sandbox/service_location	/m/02dtg
/m/03hrz	/award/award_nominee/award_nominations./award/award_nomination/nominated_for	/m/0343h
/m/01z4y	/people/marriage_union_type/unions_of_this_type./people/marriage/location_of_ceremony	/m/0521rl1
/m/06hhrs	/people/cause_of_death/people	/m/02qkk9_
/m/0bby9p5	/location/location/contains	/m/04bpm6
/m/05pcjw	/location/hud_county_place/place	/m/0dj0m5
/m/0m2kd	/base/x2010fifaworldcupsouthafrica/world_cup_squad/current_world_cup_squad./base/x2010fifaworldcupsouthafrica/current_world_cup_squad/current_club	/m/04w7rn
/m/013807	/base/popstra/location/vacationers./base/popstra/vacation_choice/vacationer	/m/07xpm
/m/0x2p	/military/military_conflict/combatants./military/military_combatant_group/combatants	/m/0168cl
/m/0277470	/medicine/disease/notable_people_with_this_condition	/m/0hhggmy
/m/0cwrr	/film/film/featured_film_locations	/m/01_9c1
/m/0dqytn	/olympics/olympic_games/medals_awarded./olympics/olympic_medal_honor/medal	/m/05ztm4r
/m/01zkxv	/organization/endowed_organization/endowment./measurement_unit/dated_money_value/currency	/m/01q_wyj
/m/013zdg	/tv/tv_program/tv_producer./tv/tv_producer_term/producer_type	/m/0h1_w
/m/07024	/tv/tv_program/regular_cast./tv/regular_tv_appearance/actor	/m/01wv9xn
/m/0gz5hs	/film/film_distributor/films_distributed./film/film_film_distributor_relationship/film	/m/01g5v
/m/015nl4	/tv/tv_personality/tv_regular_appearances./tv/tv_regular_personal_appearance/program	/m/05cgv
/m/02lf70	/film/film/featured_film_locations	/m/01rrwf6
/m/023rwm	/olympics/olympic_games/sports	/m/04m1bm
/m/05zr6wv	/location/country/second_level_divisions	/m/05zvj3m
/m/04dn09n	/base/schemastaging/person_extra/net_worth./measurement_unit/dated_money_value/currency	/m/06hhrs
/m/02g1px	/location/statistical_region/gdp_nominal_per_capita./measurement_unit/dated_money_value/currency	/m/02lg9w
/m/018lg0	/soccer/football_player/current_team./sports/sports_team_roster/team	/m/03pmzt
/m/06lj1m	/music/group_member/membership./music/group_membership/group	/m/01qb5d
/m/02g8mp	/award/award_category/winners./award/award_honor/ceremony	/m/0gvstc3
/m/0cnl80	/government/government_office_category/officeholders./government/government_position_held/jurisdiction_of_office	/m/019f4v
/m/03lpp_	/food/food/nutrients./food/nutrition_fact/nutrient	/m/039g82
/m/09m6kg	/government/politician/government_positions_held./government/government_position_held/legislative_sessions	/m/02q636
/m/02sdk9v	/base/aareas/schema/administrative_area/administrative_area_type	/m/01pgzn_
/m/0bq0p9	/sports/sports_league/teams./sports/sports_league_participation/team	/m/05m883
/m/0xy28	/film/film/costume_design_by	/m/03pn9
/m/07gp9	/film/film/genre	/m/02pz3j5
/m/0gfzgl	/education/field_of_study/students_majoring./education/education/major_field_of_study	/m/02_fm2
/m/01v90t	/olympics/olympic_games/medals_awarded./olympics/olympic_medal_honor/medal	/m/0g51l1
/m/01k5y0	/film/film/language	/m/0262zm
/m/05vsxz	/sports/sports_team/roster./basketball/basketball_roster_position/position	/m/05z_kps
/m/0168cl	/film/film/distributors./film/film_film_distributor_relationship/region	/m/02ndbd
/m/06cvj	/military/military_conflict/combatants./military/military_combatant_group/combatants	/m/013t85
/m/0bdx29	/people/person/nationality	/m/0g701n
/m/0m313	/location/us_county/county_seat	/m/01jgkj2
/m/07xtqq	/location/hud_foreclosure_area/estimated_number_of_mortgages./measurement_unit/dated_integer/source	/m/03xsby
/m/012s5j	/award/award_category/winners./award/award_honor/award_winner	/m/02z3r8t
/m/01p1v	/media_common/netflix_genre/titles	/m/0pgjm
/m/020xn5	/people/profession/specialization_of	/m/01cgz
/m/07wrz	/organization/non_profit_organization/registered_with./organization/non_profit_registration/registering_agency	/m/0f1vrl
/m/064lsn	/film/film/executive_produced_by	/m/0gr42
/m/03lt8g	/music/genre/artists	/m/02_5h
/m/0n4m5	/film/film/cinematography	/m/05prs8
/m/02f6g5	/user/ktrueman/default_domain/international_organization/member_states	/m/047p7fr
/m/05v10	/location/hud_county_place/county	/m/07s6prs
/m/0l6qt	/food/food/nutrients./food/nutrition_fact/nutrient	/m/029cr
/m/072twv	/people/person/nationality	/m/03h64
/m/0jcgs	/film/film/release_date_s./film/film_regional_release_date/film_regional_debut_venue	/m/06wbm8q
/m/06b1q	/film/film/music	/m/021lby
/m/0gvrws1	/business/business_operation/revenue./measurement_unit/dated_money_value/currency	/m/053tj7
/m/02rytm	/base/x2010fifaworldcupsouthafrica/world_cup_squad/current_world_cup_squad./base/x2010fifaworldcupsouthafrica/current_world_cup_squad/current_club	/m/01hww_
/m/03z19	/film/film/estimated_budget./measurement_unit/dated_money_value/currency	/m/01ckbq
/m/02qjv	/music/group_member/membership./music/group_membership/role	/m/0ds35l9
/m/02x4x18	/film/film/cinematography	/m/09p06
/m/0411q	/tv/tv_program/genre	/m/02rchht
/m/0cpllql	/people/person/place_of_birth	/m/0qb1z
/m/0bthb	/location/location/contains	/m/07_kq
/m/027pdrh	/location/us_county/county_seat	/m/03yf3z
/m/0kvrb	/celebrities/celebrity/sexual_relationships./celebrities/romantic_relationship/celebrity	/m/05fkf
/m/0f4_l	/travel/travel_destination/climate./travel/travel_destination_monthly_climate/month	/m/01g5v
/m/03m8y5	/award/award_category/winners./award/award_honor/ceremony	/m/019_1h
/m/070m6c	/people/deceased_person/place_of_death	/m/03kx49
/m/06rq2l	/business/business_operation/industry	/m/07c52
/m/0653m	/base/saturdaynightlive/snl_cast_member/seasons./base/saturdaynightlive/snl_season_tenure/cast_members	/m/077qn
/m/015gm8	/organization/organization/place_founded	/m/05qx1
/m/0169dl	/film/film/costume_design_by	/m/04_tv
/m/094hwz	/base/schemastaging/organization_extra/phone_number./base/schemastaging/phone_sandbox/service_language	/m/06v9_x
/m/01qncf	/location/location/contains	/m/0pz7h
/m/0n5df	/base/biblioness/bibs_location/state	/m/0ft7sr
/m/02jqjm	/olympics/olympic_games/participating_countries	/m/02f705
/m/07qnf	/film/film/film_festivals	/m/0f8l9c
/m/0t015	/location/country/second_level_divisions	/m/05sxg2
/m/02ghq	/tv/tv_writer/tv_programs./tv/tv_program_writer_relationship/tv_program	/m/03s9kp
/m/05k7sb	/government/politician/government_positions_held./government/government_position_held/basic_title	/m/02j9z
/m/09_94	/location/country/form_of_government	/m/0784v1
/m/0hx4y	/award/award_category/winners./award/award_honor/award_winner	/m/01c59k
/m/03j43	/base/popstra/celebrity/dated./base/popstra/dated/participant	/m/06x68
/m/06rq2l	/soccer/football_team/current_roster./soccer/football_roster_position/position	/m/0cc56
/m/069ld1	/award/award_winning_work/awards_won./award/award_honor/honored_for	/m/04bd8y
/m/040vk98	/award/award_winner/awards_won./award/award_honor/award_winner	/m/01jv_6
/m/0pc7r	/people/person/languages	/m/0735l
/m/01t_xp_	/olympics/olympic_sport/athletes./olympics/olympic_athlete_affiliation/country	/m/04w4s
/m/026dg51	/music/group_member/membership./music/group_membership/group	/m/0hcr
/m/02w4fkq	/organization/organization/headquarters./location/mailing_address/state_province_region	/m/07csf4
/m/017149	/people/cause_of_death/people	/m/013kcv
/m/0ck27z	/film/film/genre	/m/013yq
/m/0m2kd	/location/statistical_region/gdp_nominal_per_capita./measurement_unit/dated_money_value/currency	/m/09p0ct
/m/03h3x5	/people/ethnicity/geographic_distribution	/m/027c95y
/m/014zcr	/education/educational_institution/students_graduates./education/education/student	/m/018gz8
/m/0gh4g0	/tv/tv_program/tv_producer./tv/tv_producer_term/producer_type	/m/01z88t
/m/01jswq	/olympics/olympic_participating_country/medals_won./olympics/olympic_medal_honor/olympics	/m/02qyp19
/m/0chgzm	/music/genre/parent_genre	/m/01wwvc5
/m/0bwh6	/business/business_operation/industry	/m/0vgkd
/m/0jfx1	/base/saturdaynightlive/snl_cast_member/seasons./base/saturdaynightlive/snl_season_tenure/cast_members	/m/0bdw6t
/m/0h63gl9	/sports/professional_sports_team/draft_picks./sports/sports_league_draft_pick/draft	/m/04mqgr
/m/0239kh	/film/film/music	/m/02d9k
/m/0g3zpp	/film/film/genre	/m/07kg3
/m/03m4mj	/olympics/olympic_participating_country/medals_won./olympics/olympic_medal_honor/olympics	/m/02stbw
/m/07vyf	/people/person/religion	/m/027rn
/m/0371rb	/people/person/spouse_s./people/marriage/spouse	/m/01x5fb
/m/0277jc	/award/award_winner/awards_won./award/award_honor/award_winner	/m/09p0ct
/m/07sgfvl	/base/americancomedy/celebrity_impressionist/celebrities_impersonated	/m/0by1wkq
/m/05h43ls	/soccer/football_team/current_roster./sports/sports_team_roster/position	/m/02qjj7
/m/0g5qs2k	/people/person/spouse_s./people/marriage/spouse	/m/02yv_b
/m/01b39j	/education/field_of_study/students_majoring./education/education/major_field_of_study	/m/050gkf
/m/01fwj8	/people/person/spouse_s./people/marriage/spouse	/m/016ypb
/m/018wdw	/sports/sports_team/sport	/m/01q2nx
/m/0ddd0gc	/business/business_operation/industry	/m/015rkw
/m/016dgz	/film/film/runtime./film/film_cut/film_release_region	/m/07lt7b
/m/0fy6bh	/film/film/runtime./film/film_cut/film_release_region	/m/09wj5
/m/06ms6	/location/location/contains	/m/0m7fm
/m/0277990	/language/human_language/countries_spoken_in	/m/0gd0c7x
/m/026b33f	/base/aareas/schema/administrative_area/administrative_area_type	/m/09x3r
/m/09kn9	/education/field_of_study/students_majoring./education/education/student	/m/06pk8
/m/0f__1	/broadcast/content/artist	/m/01y3c
/m/0xxc	/location/country/capital	/m/01l_pn
/m/06jk5_	/music/performance_role/regular_performances./music/group_membership/role	/m/0dwl2
/m/05x_5	/location/hud_county_place/county	/m/03j0br4
/m/05bt6j	/people/person/place_of_birth	/m/0ctw_b
/m/014zcr	/government/government_office_category/officeholders./government/government_position_held/jurisdiction_of_office	/m/0h63gl9
/m/01nkcn	/education/educational_institution/campuses	/m/01c6qp
/m/0mgkg	/location/hud_county_place/place	/m/059t6d
/m/01nv4h	/award/hall_of_fame/inductees./award/hall_of_fame_induction/inductee	/m/05b4rcb
/m/07gp9	/sports/sports_team/roster./basketball/basketball_roster_position/position	/m/02qkk9_
/m/0dq_5	/music/group_member/membership./music/group_membership/group	/m/01fmys
/m/0721cy	/award/award_nominee/award_nominations./award/award_nomination/nominated_for	/m/02lg9w
/m/07p62k	/military/military_conflict/combatants./military/military_combatant_group/combatants	/m/0106dv
/m/07h1tr	/base/schemastaging/person_extra/net_worth./measurement_unit/dated_money_value/currency	/m/01_vrh
/m/0jt90f5	/food/food/nutrients./food/nutrition_fact/nutrient	/m/0141kz
/m/0y54	/base/biblioness/bibs_location/state	/m/0dq6p
/m/01q_y0	/location/country/form_of_government	/m/083q7
/m/03mh94	/award/award_nominee/award_nominations./award/award_nomination/award	/m/01x15dc
/m/05p09zm	/soccer/football_team/current_roster./sports/sports_team_roster/position	/m/02j71
/m/056xx8	/sports/sports_position/players./sports/sports_team_roster/position	/m/049bmk
/m/04sylm	/music/performance_role/regular_performances./music/group_membership/role	/m/01gq0b
/m/012t_z	/influence/influence_node/influenced_by	/m/01ggbx
/m/0p8jf	/base/popstra/celebrity/canoodled./base/popstra/canoodled/participant	/m/0ymbl
/m/02pxmgz	/olympics/olympic_games/participating_countries	/m/0q9kd
/m/01ty7ll	/government/government_office_category/officeholders./government/government_position_held/jurisdiction_of_office	/m/0k_q_
/m/023wyl	/olympics/olympic_sport/athletes./olympics/olympic_athlete_affiliation/country	/m/0c9k8
/m/02xb2bt	/education/educational_institution/students_graduates./education/education/student	/m/03y_f8
/m/03rl1g	/award/award_nominee/award_nominations./award/award_nomination/nominated_for	/m/07s8r0
/m/01shy7	/government/legislative_session/members./government/government_position_held/legislative_sessions	/m/03jldb
/m/015zxh	/location/location/time_zones	/m/01_x6v
/m/01bdxz	/user/alexander/philosophy/philosopher/interests	/m/06qc5
/m/05148p4	/base/aareas/schema/administrative_area/administrative_area_type	/m/02pxmgz
/m/0jt3qpk	/baseball/baseball_team/team_stats./baseball/baseball_team_stats/season	/m/0k2cb
/m/0283d	/time/event/locations	/m/01vdm0
/m/0k4kk	/sports/pro_athlete/teams./sports/sports_team_roster/team	/m/06jzh
/m/02lnhv	/film/film/executive_produced_by	/m/0ds35l9
/m/0845v	/medicine/disease/notable_people_with_this_condition	/m/0jmdb
/m/04zd4m	/award/award_nominee/award_nominations./award/award_nomination/award	/m/02pyyld
/m/05pbl56	/military/military_conflict/combatants./military/military_combatant_group/combatants	/m/018wrk
/m/050ks	/film/film_distributor/films_distributed./film/film_film_distributor_relationship/film	/m/0c_mvb
/m/027xx3	/user/tsegaran/random/taxonomy_subject/entry./user/tsegaran/random/taxonomy_entry/taxonomy	/m/03q4nz
/m/08hsww	/award/ranked_item/appears_in_ranked_lists./award/ranking/list	/m/017_1x
/m/02gvwz	/award/award_winning_work/awards_won./award/award_honor/award	/m/09p06
/m/016dgz	/time/event/locations	/m/07lx1s
/m/06hwzy	/people/person/languages	/m/0300cp
/m/01l_pn	/film/film/distributors./film/film_film_distributor_relationship/region	/m/0k5g9
/m/03kg2v	/music/group_member/membership./music/group_membership/role	/m/0fq7dv_
/m/02l7c8	/film/film/runtime./film/film_cut/film_release_region	/m/0cz8mkh
/m/09pmkv	/sports/sports_team_location/teams	/m/01vfqh
/m/01vlj1g	/music/performance_role/regular_performances./music/group_membership/group	/m/061681
/m/06688p	/location/hud_foreclosure_area/estimated_number_of_mortgages./measurement_unit/dated_integer/source	/m/09zzb8
/m/0gvbw	/sports/sports_league_draft/picks./sports/sports_league_draft_pick/school	/m/01rtm4
/m/016k62	/government/legislative_session/members./government/government_position_held/district_represented	/m/016fly
/m/03x400	/location/statistical_region/gdp_nominal./measurement_unit/dated_money_value/currency	/m/052p7
/m/0f94t	/location/administrative_division/country	/m/01sp81
/m/02yv_b	/film/film/release_date_s./film/film_regional_release_date/film_regional_debut_venue	/m/03177r
/m/0b1y_2	/olympics/olympic_participating_country/medals_won./olympics/olympic_medal_honor/olympics	/m/0cz8mkh
/m/01w3v	/music/genre/parent_genre	/m/0g3zrd
/m/01n4f8	/film/film/distributors./film/film_film_distributor_relationship/film_distribution_medium	/m/0fvvz
/m/020qr4	/sports/sports_league/teams./sports/sports_league_participation/team	/m/02g3gj
/m/0879bpq	/film/film/genre	/m/0892sx
/m/02d44q	/education/educational_degree/people_with_this_degree./education/education/institution	/m/03wpmd
/m/01k7d9	/location/hud_county_place/place	/m/02qggqc
/m/06cx9	/sports/sports_team/roster./baseball/baseball_roster_position/position	/m/01c40n
/m/01dys	/sports/sports_team/roster./basketball/basketball_roster_position/position	/m/0fh694
/m/09bjv	/sports/sports_league/teams./sports/sports_league_participation/team	/m/0b7l4x
/m/07ylj	/award/hall_of_fame/inductees./award/hall_of_fame_induction/inductee	/m/01ln5z
/m/02qkk9_	/tv/tv_program/country_of_origin	/m/0dz3r
/m/09byk	/government/legislative_session/members./government/government_position_held/legislative_sessions	/m/0661ql3
/m/0fkvn	/tv/tv_program/tv_producer./tv/tv_producer_term/producer_type	/m/0ldqf
/m/02vy5j	/sports/sports_position/players./american_football/football_historical_roster_position/position_s	/m/04yc76
/m/01vvydl	/government/politician/government_positions_held./government/government_position_held/basic_title	/m/07jrjb
/m/07t65	/film/director/film	/m/01vvpjj
/m/0sg6b	/award/award_ceremony/awards_presented./award/award_honor/honored_for	/m/0288fyj
/m/02v63m	/influence/influence_node/influenced_by	/m/09146g
/m/09s1f	/olympics/olympic_games/medals_awarded./olympics/olympic_medal_honor/medal	/m/02g3v6
/m/02qw1zx	/music/instrument/instrumentalists	/m/03t0k1
/m/05l5n	/education/educational_degree/people_with_this_degree./education/education/student	/m/03cyslc
/m/01zkxv	/olympics/olympic_games/medals_awarded./olympics/olympic_medal_honor/medal	/m/01jv_6
/m/03ww_x	/music/group_member/membership./music/group_membership/group	/m/09mq4m
/m/0cz_ym	/government/political_party/politicians_in_this_party./government/political_party_tenure/politician	/m/0f04c
/m/01t_xp_	/olympics/olympic_participating_country/medals_won./olympics/olympic_medal_honor/medal	/m/064p92m
/m/03rs8y	/government/legislative_session/members./government/government_position_held/legislative_sessions	/m/0c6g29
/m/059x66	/government/political_party/politicians_in_this_party./government/political_party_tenure/politician	/m/03rhqg
/m/03y_f8	/film/film/film_festivals	/m/0c11mj
/m/02_1sj	/people/person/nationality	/m/01cwhp
/m/016clz	/broadcast/content/artist	/m/04cf09
/m/04g865	/award/award_ceremony/awards_presented./award/award_honor/award_winner	/m/02rb607
/m/04njml	/film/actor/film./film/performance/special_performance_type	/m/03xnwz
/m/0cb77r	/people/ethnicity/people	/m/016h9b
/m/06v8s0	/location/country/form_of_government	/m/099t8j
/m/04zpv	/award/award_winning_work/awards_won./award/award_honor/award	/m/01c6nk
/m/02knnd	/film/film/produced_by	/m/01bvw5
/m/0cbn7c	/base/x2010fifaworldcupsouthafrica/world_cup_squad/current_world_cup_squad./base/x2010fifaworldcupsouthafrica/current_world_cup_squad/current_club	/m/04jwly
/m/03177r	/award/award_winning_work/awards_won./award/award_honor/award_winner	/m/04smkr
/m/09gq0x5	/people/profession/specialization_of	/m/03rt9
/m/02nf2c	/music/performance_role/regular_performances./music/group_membership/group	/m/0b_7k
/m/04y8r	/people/ethnicity/people	/m/014vk4
/m/03mh94	/music/performance_role/regular_performances./music/group_membership/group	/m/02cyfz
/m/0n2g	/government/legislative_session/members./government/government_position_held/district_represented	/m/0fv6dr
/m/0h0wc	/tv/tv_program/languages	/m/01f1jf
/m/016fly	/base/x2010fifaworldcupsouthafrica/world_cup_squad/current_world_cup_squad./base/x2010fifaworldcupsouthafrica/current_world_cup_squad/current_club	/m/02g3v6
/m/04gmp_z	/sports/professional_sports_team/draft_picks./sports/sports_league_draft_pick/school	/m/06tpmy
/m/0106dv	/award/ranked_item/appears_in_ranked_lists./award/ranking/list	/m/01yhvv
/m/05gp3x	/music/artist/origin	/m/0prjs
/m/017_1x	/education/university/fraternities_and_sororities	/m/01mgw
/m/018wdw	/soccer/football_team/current_roster./sports/sports_team_roster/position	/m/0fpkhkz
/m/01v_pj6	/location/statistical_region/rent50_2./measurement_unit/dated_money_value/currency	/m/0fp_v1x
/m/0c4z8	/film/director/film	/m/047gn4y
/m/01jc6q	/music/genre/artists	/m/01kkg5
/m/0myk8	/sports/sports_position/players./sports/sports_team_roster/position	/m/0hkxq
/m/0pv2t	/education/field_of_study/students_majoring./education/education/student	/m/06x58
/m/0hmm7	/people/person/languages	/m/0k7pf
/m/0244r8	/people/person/religion	/m/05wp1p
/m/01n5sn	/user/tsegaran/random/taxonomy_subject/entry./user/tsegaran/random/taxonomy_entry/taxonomy	/m/05zvq6g
/m/09kvv	/base/marchmadness/ncaa_basketball_tournament/seeds./base/marchmadness/ncaa_tournament_seed/team	/m/013jz2
/m/09q5w2	/film/film/release_date_s./film/film_regional_release_date/film_release_distribution_medium	/m/091z_p
/m/01f8hf	/film/film/produced_by	/m/025s7x6
/m/0bshwmp	/government/governmental_body/members./government/government_position_held/legislative_sessions	/m/03rhqg
/m/0l6mp	/base/schemastaging/organization_extra/phone_number./base/schemastaging/phone_sandbox/service_location	/m/07w21
/m/0fht9f	/education/educational_degree/people_with_this_degree./education/education/student	/m/021sv1
/m/01mgw	/government/politician/government_positions_held./government/government_position_held/basic_title	/m/01c6k4
/m/03spz	/user/tsegaran/random/taxonomy_subject/entry./user/tsegaran/random/taxonomy_entry/taxonomy	/m/0d6b7
/m/01mtqf	/film/film/personal_appearances./film/personal_film_appearance/person	/m/03xl77
/m/042l3v	/award/award_winning_work/awards_won./award/award_honor/award_winner	/m/08jgk1
/m/02bn_p	/base/biblioness/bibs_location/state	/m/04f52jw
/m/0lbd9	/music/performance_role/regular_performances./music/group_membership/group	/m/02pqcfz
/m/04zpv	/sports/sports_position/players./sports/sports_team_roster/team	/m/04y79_n
/m/07vyf	/film/film/release_date_s./film/film_regional_release_date/film_release_distribution_medium	/m/02rv_dz
/m/04w4s	/base/saturdaynightlive/snl_cast_member/seasons./base/saturdaynightlive/snl_season_tenure/cast_members	/m/05bnp0
/m/01kkg5	/award/award_nominee/award_nominations./award/award_nomination/award_nominee	/m/03bwzr4
/m/02dh86	/education/educational_institution/campuses	/m/03q4nz
/m/05h72z	/sports/sports_team/colors	/m/0275n3y
/m/02rqwhl	/base/popstra/celebrity/friendship./base/popstra/friendship/participant	/m/05l2z4
/m/0ggq0m	/film/film/personal_appearances./film/personal_film_appearance/person	/m/0dl9_4
/m/0hmr4	/people/deceased_person/place_of_death	/m/0j2pg
/m/04qw17	/common/topic/webpage./common/webpage/category	/m/04wgh
/m/05krk	/organization/organization_founder/organizations_founded	/m/0jqn5
/m/0dky9n	/education/field_of_study/students_majoring./education/education/major_field_of_study	/m/01cssf
/m/013y1f	/government/governmental_body/members./government/government_position_held/legislative_sessions	/m/0bdwft
/m/0pb33	/people/person/employment_history./business/employment_tenure/company	/m/043kzcr
/m/05hj_k	/film/film/other_crew./film/film_crew_gig/film_crew_role	/m/0bq0p9
/m/07w0v	/music/performance_role/track_performances./music/track_contribution/role	/m/02vw1w2
/m/0320jz	/tv/tv_program/genre	/m/06t2t
/m/01f7kl	/base/x2010fifaworldcupsouthafrica/world_cup_squad/current_world_cup_squad./base/x2010fifaworldcupsouthafrica/current_world_cup_squad/current_club	/m/05r4w
/m/0306ds	/film/film/prequel	/m/01c9f2
/m/01vyp_	/sports/sports_team_location/teams	/m/015gw6
/m/0126y2	/organization/organization_founder/organizations_founded	/m/04kzqz
/m/0ymc8	/award/award_winning_work/awards_won./award/award_honor/award_winner	/m/01fh9
/m/09rp4r_	/film/film/film_production_design_by	/m/0b82vw
/m/01ddbl	/education/educational_institution/students_graduates./education/education/student	/m/01mc11
/m/0d4htf	/influence/influence_node/influenced_by	/m/0dq_5
/m/01vv126	/film/film/music	/m/047g6m
/m/05x30m	/sports/sports_team/roster./american_football/football_historical_roster_position/position_s	/m/01pbxb
/m/0738b8	/sports/pro_athlete/teams./sports/sports_team_roster/team	/m/0rtv
/m/01cw51	/location/location/adjoin_s./location/adjoining_relationship/adjoins	/m/01_9c1
/m/0784v1	/tv/tv_program/regular_cast./tv/regular_tv_appearance/actor	/m/03kg2v
/m/0g7s1n	/people/person/profession	/m/016qtt
/m/0r1jr	/film/film/release_date_s./film/film_regional_release_date/film_release_distribution_medium	/m/01d8l
/m/0l8sx	/organization/organization/headquarters./location/mailing_address/state_province_region	/m/0swbd
/m/04n1hqz	/user/ktrueman/default_domain/international_organization/member_states	/m/016tt2
/m/06v_gh	/film/film/cinematography	/m/07sc6nw
/m/04yywz	/medicine/disease/notable_people_with_this_condition	/m/0g3zpp
/m/016wzw	/film/film/distributors./film/film_film_distributor_relationship/region	/m/0f2r6
/m/01v0sx2	/tv/tv_program/regular_cast./tv/regular_tv_appearance/actor	/m/03qh03g
/m/0ftf0f	/people/person/places_lived./people/place_lived/location	/m/01_d4
/m/0c00zd0	/business/business_operation/industry	/m/0265vcb
/m/02pjxr	/award/award_nominee/award_nominations./award/award_nomination/award	/m/06lgq8
/m/02g3v6	/award/award_nominated_work/award_nominations./award/award_nomination/nominated_for	/m/0fbvqf
/m/0121rx	/people/person/profession	/m/01l3vx
/m/06wvj	/base/popstra/celebrity/breakup./base/popstra/breakup/participant	/m/05pdbs
/m/0169dl	/film/film/film_festivals	/m/0mn0v
/m/099tbz	/film/film/other_crew./film/film_crew_gig/film_crew_role	/m/07gp9
/m/01pgzn_	/film/film/film_art_direction_by	/m/02vkvcz
/m/059_c	/base/popstra/celebrity/breakup./base/popstra/breakup/participant	/m/0bzk8w
/m/06v41q	/base/popstra/celebrity/friendship./base/popstra/friendship/participant	/m/0fr63l
/m/031t2d	/base/americancomedy/celebrity_impressionist/celebrities_impersonated	/m/015zxh
/m/075cph	/location/capital_of_administrative_division/capital_of./location/administrative_division_capital_relationship/administrative_division	/m/05fcbk7
/m/0jqn5	/music/record_label/artist	/m/0dq630k
/m/09k2t1	/tv/tv_network/programs./tv/tv_network_duration/program	/m/0ckr7s
/m/01c8w0	/music/performance_role/guest_performances./music/recording_contribution/performance_role	/m/073hkh
/m/0bg539	/tv/tv_writer/tv_programs./tv/tv_program_writer_relationship/tv_program	/m/03gqgt3
/m/0chsq	/tv/tv_producer/programs_produced./tv/tv_producer_term/program	/m/0j06n
/m/05tfm	/film/film/runtime./film/film_cut/film_release_region	/m/050ks
/m/01n4f8	/education/educational_degree/people_with_this_degree./education/education/major_field_of_study	/m/04jzj
/m/05183k	/time/event/locations	/m/07_kq
/m/01wg982	/base/culturalevent/event/entity_involved	/m/01b3l
/m/07147	/tv/tv_producer/programs_produced./tv/tv_producer_term/producer_type	/m/04sylm
/m/04tc1g	/location/country/second_level_divisions	/m/0s69k
/m/02lgj6	/location/hud_county_place/place	/m/0yjf0
/m/07rlg	/sports/sports_position/players./sports/sports_team_roster/position	/m/02lp1
/m/0jt90f5	/base/popstra/celebrity/friendship./base/popstra/friendship/participant	/m/0bzm81
/m/0g69lg	/olympics/olympic_participating_country/medals_won./olympics/olympic_medal_honor/medal	/m/04wqr
/m/02qdgx	/award/award_winner/awards_won./award/award_honor/award_winner	/m/03lmx1
/m/01dzz7	/film/film/personal_appearances./film/personal_film_appearance/person	/m/02pjc1h
/m/0gbbt	/music/group_member/membership./music/group_membership/group	/m/0hskw
/m/01d2v1	/organization/organization/place_founded	/m/014_x2
/m/01kv4mb	/film/film/film_art_direction_by	/m/0km5c
/m/017z88	/tv/tv_program/languages	/m/01qszl
/m/07y_7	/location/location/time_zones	/m/056xx8
/m/039v1	/olympics/olympic_participating_country/medals_won./olympics/olympic_medal_honor/medal	/m/0dg3n1
/m/04l8xw	/film/film/prequel	/m/0257w4
/m/0n4m5	/film/film/estimated_budget./measurement_unit/dated_money_value/currency	/m/0fvvz
/m/059x66	/common/topic/webpage./common/webpage/category	/m/049tjg
/m/01xy5l_	/film/film/runtime./film/film_cut/film_release_region	/m/02fcs2
/m/07b_l	/sports/sports_team/roster./american_football/football_historical_roster_position/position_s	/m/04zx3q1
/m/06s6l	/education/university/local_tuition./measurement_unit/dated_money_value/currency	/m/01wdqrx
/m/0d0kn	/film/film/production_companies	/m/014q2g
/m/03rtz1	/award/award_nominee/award_nominations./award/award_nomination/nominated_for	/m/0jgk3
/m/07_3qd	/film/film/film_festivals	/m/0grwj
/m/05cgv	/film/film/distributors./film/film_film_distributor_relationship/film_distribution_medium	/m/0337vz
/m/0p76z	/language/human_language/countries_spoken_in	/m/05krk
/m/02jxbw	/location/statistical_region/rent50_2./measurement_unit/dated_money_value/currency	/m/0fqpc7d
/m/0bn9sc	/tv/tv_program/languages	/m/02nzb8
/m/0g5qs2k	/sports/professional_sports_team/draft_picks./sports/sports_league_draft_pick/school	/m/01czx
/m/049dk	/location/country/second_level_divisions	/m/0m7fm
/m/02dsz	/music/artist/origin	/m/01yhm
/m/012ljv	/film/film/release_date_s./film/film_regional_release_date/film_release_distribution_medium	/m/04wlz2
/m/0dtw1x	/film/film/featured_film_locations	/m/0gsg7
/m/017z88	/government/governmental_body/members./government/government_position_held/legislative_sessions	/m/07kg3
/m/01c72t	/celebrities/celebrity/celebrity_friends./celebrities/friendship/friend	/m/03qd_
/m/0rnmy	/sports/sports_team_location/teams	/m/014mlp
/m/016pns	/base/aareas/schema/administrative_area/capital	/m/08cn4_
/m/01ck6h	/film/film_distributor/films_distributed./film/film_film_distributor_relationship/film	/m/03jqw5
/m/0yjf0	/celebrities/celebrity/sexual_relationships./celebrities/romantic_relationship/celebrity	/m/0134w7
/m/0gcdzz	/film/film/language	/m/0jdhp
/m/0lpp8	/medicine/disease/notable_people_with_this_condition	/m/0fj52s
/m/09qvms	/film/film/costume_design_by	/m/02t__l
/m/04jplwp	/people/person/nationality	/m/05l2z4
/m/0dgst_d	/film/film_subject/films	/m/01vs_v8
/m/01gbcf	/sports/sports_position/players./sports/sports_team_roster/team	/m/05crg7
/m/02vklm3	/location/country/second_level_divisions	/m/05sxzwc
/m/01vdm0	/people/person/religion	/m/012ljv
/m/09p0q	/music/performance_role/track_performances./music/track_contribution/role	/m/0dxmyh
/m/028lc8	/people/ethnicity/people	/m/0bj9k
/m/02rxj	/soccer/football_player/current_team./sports/sports_team_roster/team	/m/09_bl
/m/06v8s0	/film/film/prequel	/m/018ctl
/m/026lj	/soccer/football_player/current_team./sports/sports_team_roster/team	/m/0btyf5z
/m/05b4w	/tv/tv_network/programs./tv/tv_network_duration/program	/m/01531
/m/01s0ps	/organization/organization/headquarters./location/mailing_address/state_province_region	/m/03hfx6c
/m/08r4x3	/award/award_nominated_work/award_nominations./award/award_nomination/nominated_for	/m/0dj0m5
/m/07j8r	/people/person/sibling_s./people/sibling_relationship/sibling	/m/016h9b
/m/017s11	/organization/organization/headquarters./location/mailing_address/country	/m/0892sx
/m/01bvw5	/olympics/olympic_participating_country/athletes./olympics/olympic_athlete_affiliation/olympics	/m/08hmch
/m/06myp	/music/group_member/membership./music/group_membership/group	/m/01y67v
/m/053tpp	/award/award_category/disciplines_or_subjects	/m/0520r2x
/m/03_3d	/film/film/other_crew./film/film_crew_gig/crewmember	/m/03jm6c
/m/0l6vl	/base/x2010fifaworldcupsouthafrica/world_cup_squad/current_world_cup_squad./base/x2010fifaworldcupsouthafrica/current_world_cup_squad/current_club	/m/06wbm8q
/m/02lyr4	/base/schemastaging/organization_extra/phone_number./base/schemastaging/phone_sandbox/service_location	/m/02g87m
/m/05jzt3	/award/award_winning_work/awards_won./award/award_honor/honored_for	/m/09wj5
/m/0288zy	/award/award_winning_work/awards_won./award/award_honor/award_winner	/m/0137g1
/m/0bth54	/people/person/spouse_s./people/marriage/type_of_union	/m/059_c
/m/0bthb	/education/university/local_tuition./measurement_unit/dated_money_value/currency	/m/06ztvyx
/m/0l8sx	/film/film/release_date_s./film/film_regional_release_date/film_release_region	/m/01l_pn
/m/05kj_	/organization/role/leaders./organization/leadership/organization	/m/047q2k1
/m/01x66d	/award/award_category/winners./award/award_honor/award_winner	/m/0pdp8
/m/09rwjly	/olympics/olympic_games/sports	/m/017z88
/m/01ky2h	/location/country/form_of_government	/m/0k4kk
/m/09rwjly	/organization/organization/headquarters./location/mailing_address/citytown	/m/020w2
/m/05kcgsf	/film/film/distributors./film/film_film_distributor_relationship/region	/m/01pb34
/m/0239kh	/american_football/football_team/current_roster./sports/sports_team_roster/position	/m/04wvhz
/m/04f525m	/people/person/gender	/m/02fsn
/m/041ly3	/education/field_of_study/students_majoring./education/education/major_field_of_study	/m/054ks3
/m/01mqz0	/film/special_film_performance_type/film_performance_type./film/performance/film	/m/018gz8
/m/033wx9	/people/person/employment_history./business/employment_tenure/company	/m/02ndbd
/m/03fghg	/film/film/estimated_budget./measurement_unit/dated_money_value/currency	/m/033nzk
/m/06f41	/base/aareas/schema/administrative_area/administrative_area_type	/m/015f47
/m/021sv1	/education/educational_institution/students_graduates./education/education/student	/m/03h_yfh
/m/022_lg	/tv/tv_producer/programs_produced./tv/tv_producer_term/producer_type	/m/03rs8y
/m/01sbf2	/film/film/film_festivals	/m/01dyvs
/m/02rqwhl	/sports/sports_team/colors	/m/07147
/m/0168ls	/sports/pro_athlete/teams./sports/sports_team_roster/team	/m/030h95
/m/01c9f2	/tv/tv_program/regular_cast./tv/regular_tv_appearance/actor	/m/0l1589
/m/05mt_q	/education/educational_institution/campuses	/m/026gyn_
/m/011k1h	/sports/sports_league_draft/picks./sports/sports_league_draft_pick/school	/m/0163v
/m/03qbnj	/sports/sports_team/sport	/m/02lz1s
/m/0f0p0	/organization/organization/place_founded	/m/01htzx
/m/02rb84n	/base/popstra/celebrity/friendship./base/popstra/friendship/participant	/m/06wrt
/m/0gg7gsl	/film/film/genre	/m/018swb
/m/0m2kd	/user/jg/default_domain/olympic_games/sports	/m/09ksp
/m/073h1t	/organization/role/leaders./organization/leadership/organization	/m/03mz9r
/m/01w4dy	/people/person/places_lived./people/place_lived/location	/m/09x3r
/m/01vw87c	/people/person/religion	/m/040b5k
/m/02d02	/award/award_winning_work/awards_won./award/award_honor/honored_for	/m/0bq8tmw
/m/02dh86	/location/hud_county_place/place	/m/0284gcb
/m/07s6tbm	/film/film/produced_by	/m/03s0w
/m/05r5c	/base/schemastaging/person_extra/net_worth./measurement_unit/dated_money_value/currency	/m/07024
/m/07xtqq	/olympics/olympic_games/participating_countries	/m/09txzv
/m/0277990	/sports/sports_team/roster./basketball/basketball_roster_position/position	/m/04n6k
/m/0p8jf	/tv/tv_program/tv_producer./tv/tv_producer_term/producer_type	/m/025s7x6
/m/0l6ny	/location/us_county/county_seat	/m/021_z5
/m/089tm	/sports/professional_sports_team/draft_picks./sports/sports_league_draft_pick/draft	/m/02s2ft
/m/04w_7	/film/film/written_by	/m/03mh94
/m/01p1z_	/film/actor/film./film/performance/film	/m/085bd1
/m/02f5qb	/education/educational_institution/students_graduates./education/education/student	/m/02pxmgz
/m/0fh2v5	/film/film/estimated_budget./measurement_unit/dated_money_value/currency	/m/0356lc
/m/059j2	/people/cause_of_death/people	/m/06cqb
/m/0gjv_	/media_common/netflix_genre/titles	/m/02t_zq
/m/03_gd	/base/popstra/celebrity/dated./base/popstra/dated/participant	/m/01ln5z
/m/0r62v	/base/schemastaging/person_extra/net_worth./measurement_unit/dated_money_value/currency	/m/03xj05
/m/01r42_g	/film/film/genre	/m/048scx
/m/01jq34	/film/film/film_format	/m/0g56t9t
/m/07h1h5	/business/job_title/people_with_this_title./business/employment_tenure/company	/m/05th8t
/m/043kzcr	/location/us_county/county_seat	/m/0fkvn
/m/0h7x	/government/legislative_session/members./government/government_position_held/district_represented	/m/0lzb8
/m/04mqgr	/music/performance_role/regular_performances./music/group_membership/role	/m/015zxh
/m/03wpmd	/tv/tv_personality/tv_regular_appearances./tv/tv_regular_personal_appearance/program	/m/0219x_
/m/0hv27	/education/university/domestic_tuition./measurement_unit/dated_money_value/currency	/m/0d_2fb
/m/070w7s	/celebrities/celebrity/celebrity_friends./celebrities/friendship/friend	/m/01pv91
/m/0283d	/people/person/sibling_s./people/sibling_relationship/sibling	/m/0cgzj
/m/040wdl	/award/award_category/category_of	/m/01795t
/m/01kwsg	/celebrities/celebrity/sexual_relationships./celebrities/romantic_relationship/celebrity	/m/032t2z
/m/05fgt1	/american_football/football_team/current_roster./sports/sports_team_roster/position	/m/05sxzwc
/m/043q6n_	/award/award_category/nominees./award/award_nomination/nominated_for	/m/0glt670
/m/04zwjd	/film/film/other_crew./film/film_crew_gig/crewmember	/m/01w58n3
/m/059x66	/tv/tv_program/country_of_origin	/m/03rhqg
/m/026c1	/tv/tv_program/country_of_origin	/m/04r1t
/m/03bxz7	/olympics/olympic_participating_country/medals_won./olympics/olympic_medal_honor/olympics	/m/0cqhk0
/m/02g3v6	/government/political_party/politicians_in_this_party./government/political_party_tenure/politician	/m/0kn4c
/m/0l14j_	/people/person/sibling_s./people/sibling_relationship/sibling	/m/09ftwr
/m/023s8	/award/ranked_item/appears_in_ranked_lists./award/ranking/list	/m/034x61
/m/0gxtknx	/film/film/film_festivals	/m/015f47
/m/0cg9y	/film/film/country	/m/0gcf2r
/m/06y3r	/people/marriage_union_type/unions_of_this_type./people/marriage/location_of_ceremony	/m/01gkgk
/m/04f52jw	/people/person/profession	/m/02prw4h
/m/0244r8	/people/person/profession	/m/0l98s
/m/0dq3c	/location/statistical_region/religions./location/religion_percentage/religion	/m/02zyy4
/m/01qkqwg	/location/location/contains	/m/02z3r8t
/m/0lbd9	/organization/organization/headquarters./location/mailing_address/country	/m/07cfx
/m/02wgln	/sports/professional_sports_team/draft_picks./sports/sports_league_draft_pick/school	/m/03m8y5
/m/01sn04	/award/award_nominee/award_nominations./award/award_nomination/nominated_for	/m/016ywb
/m/01n4w	/sports/sports_position/players./american_football/football_historical_roster_position/position_s	/m/015882
/m/0j3b	/base/schemastaging/organization_extra/phone_number./base/schemastaging/phone_sandbox/service_location	/m/0288zy
/m/0gfzgl	/soccer/football_team/current_roster./sports/sports_team_roster/position	/m/03lty
/m/05z_kps	/music/group_member/membership./music/group_membership/role	/m/019l68
/m/01c59k	/tv/tv_program/country_of_origin	/m/0dscrwf
/m/04l3_z	/music/genre/parent_genre	/m/02dh86
/m/064n1pz	/organization/organization/headquarters./location/mailing_address/state_province_region	/m/01z27
/m/01ww2fs	/olympics/olympic_games/participating_countries	/m/04306rv
/m/026n9h3	/food/food/nutrients./food/nutrition_fact/nutrient	/m/0jym0
/m/01zzk4	/sports/sports_team/roster./basketball/basketball_roster_position/position	/m/03fts
/m/05bnp0	/education/university/local_tuition./measurement_unit/dated_money_value/currency	/m/0m19t
/m/034b6k	/film/film_set_designer/film_sets_designed	/m/02_fm2
/m/0vbk	/award/award_category/disciplines_or_subjects	/m/02g1px
/m/01p1v	/location/country/form_of_government	/m/03h_yfh
/m/021bk	/location/administrative_division/country	/m/01pj7
/m/012yc	/education/university/domestic_tuition./measurement_unit/dated_money_value/currency	/m/02vx4
/m/034g2b	/award/hall_of_fame/inductees./award/hall_of_fame_induction/inductee	/m/02fb1n
/m/01hnp	/organization/role/leaders./organization/leadership/organization	/m/02cyfz
/m/05jx2d	/people/person/religion	/m/03cx282
/m/08hmch	/film/film/personal_appearances./film/personal_film_appearance/person	/m/0160w
/m/09k56b7	/location/us_county/county_seat	/m/01zmpg
/m/01t8sr	/base/aareas/schema/administrative_area/administrative_parent	/m/01s695
/m/03lrht	/tv/tv_producer/programs_produced./tv/tv_producer_term/producer_type	/m/0z1cr
/m/021bmf	/location/hud_county_place/county	/m/01sn04
/m/0dxmyh	/film/film/other_crew./film/film_crew_gig/crewmember	/m/021_z5
/m/01lyv	/influence/influence_node/influenced_by	/m/05h4t7
/m/04bd8y	/organization/organization_founder/organizations_founded	/m/082scv
/m/057xs89	/medicine/symptom/symptom_of	/m/05g3v
/m/02645b	/award/award_winning_work/awards_won./award/award_honor/honored_for	/m/05ywg
/m/04dqdk	/music/group_member/membership./music/group_membership/group	/m/03cvwkr
/m/0fq8f	/education/educational_degree/people_with_this_degree./education/education/student	/m/02rv_dz
/m/073bb	/location/statistical_region/rent50_2./measurement_unit/dated_money_value/currency	/m/02h40lc
/m/01gjd0	/military/military_conflict/combatants./military/military_combatant_group/combatants	/m/019vhk
/m/041rx	/user/jg/default_domain/olympic_games/sports	/m/0l56b
/m/0dgst_d	/film/actor/film./film/performance/special_performance_type	/m/01qn7n
/m/020xn5	/sports/sports_league_draft/picks./sports/sports_league_draft_pick/school	/m/0bmfnjs
/m/06wrt	/organization/organization_founder/organizations_founded	/m/02qjj7
/m/026n6cs	/sports/professional_sports_team/draft_picks./sports/sports_league_draft_pick/school	/m/0gydcp7
/m/03zqc1	/music/artist/track_contributions./music/track_contribution/role	/m/06cqb
/m/017zq0	/film/film/prequel	/m/0168cl
/m/059t6d	/soccer/football_player/current_team./sports/sports_team_roster/team	/m/025xt8y
/m/0b_c7	/organization/organization/headquarters./location/mailing_address/country	/m/059x66
/m/09zzb8	/organization/non_profit_organization/registered_with./organization/non_profit_registration/registering_agency	/m/03l7rh
/m/02fqwt	/location/hud_county_place/county	/m/045c66
/m/0ftf0f	/medicine/disease/notable_people_with_this_condition	/m/04x4s2
/m/06cv1	/film/film/distributors./film/film_film_distributor_relationship/region	/m/09y20
/m/03n_7k	/film/actor/film./film/performance/film	/m/0gkvb7
/m/0cpllql	/film/film/cinematography	/m/07j87
/m/05q54f5	/music/artist/origin	/m/05cj4r
/m/01fh9	/film/film/film_production_design_by	/m/0cb77r
/m/03f70xs	/people/deceased_person/place_of_death	/m/09cm54
/m/0d1t3	/tv/tv_program/languages	/m/01jgkj2
/m/06w99h3	/sports/professional_sports_team/draft_picks./sports/sports_league_draft_pick/school	/m/0gqwc
/m/0cvw9	/film/special_film_performance_type/film_performance_type./film/performance/film	/m/028d4v
/m/0fm9_	/base/popstra/celebrity/dated./base/popstra/dated/participant	/m/031778
/m/099tbz	/film/film/personal_appearances./film/personal_film_appearance/person	/m/0157m
/m/05h72z	/people/person/spouse_s./people/marriage/spouse	/m/05nmg_
/m/0356lc	/sports/pro_athlete/teams./sports/sports_team_roster/team	/m/05x_5
/m/01243b	/location/administrative_division/country	/m/0cbd2
/m/0n08r	/tv/tv_program/country_of_origin	/m/06pwq
/m/05sq84	/tv/tv_personality/tv_regular_appearances./tv/tv_regular_personal_appearance/program	/m/0l56b
/m/02y0js	/education/educational_institution/students_graduates./education/education/student	/m/0dtw1x
/m/028knk	/base/schemastaging/person_extra/net_worth./measurement_unit/dated_money_value/currency	/m/02nzb8
/m/0j_tw	/organization/organization/headquarters./location/mailing_address/state_province_region	/m/0pz91
/m/02wt0	/language/human_language/countries_spoken_in	/m/02bkdn
/m/06pwq	/sports/sports_team/roster./american_football/football_roster_position/position	/m/02pz3j5
/m/02lf70	/film/film/estimated_budget./measurement_unit/dated_money_value/currency	/m/016k62
/m/0f94t	/people/profession/specialization_of	/m/020y73
/m/01h7bb	/film/film/edited_by	/m/01clyr
/m/020xn5	/award/award_ceremony/awards_presented./award/award_honor/honored_for	/m/09qwmm
/m/0yyg4	/film/film/story_by	/m/0288fyj
/m/01sxq9	/base/biblioness/bibs_location/state	/m/0p51w
/m/02nhxf	/tv/tv_personality/tv_regular_appearances./tv/tv_regular_personal_appearance/program	/m/01csrl
/m/02hft3	/base/popstra/celebrity/friendship./base/popstra/friendship/participant	/m/03vtrv
/m/04t7ts	/user/tsegaran/random/taxonomy_subject/entry./user/tsegaran/random/taxonomy_entry/taxonomy	/m/08052t3
/m/02r8hh_	/sports/sport/pro_athletes./sports/pro_sports_played/athlete	/m/04l8xw
/m/05jx2d	/education/educational_degree/people_with_this_degree./education/education/student	/m/09sh8k
/m/02f72n	/film/film_set_designer/film_sets_designed	/m/02vxn
/m/02mjs7	/film/film_set_designer/film_sets_designed	/m/01nv4h
/m/021bmf	/location/capital_of_administrative_division/capital_of./location/administrative_division_capital_relationship/administrative_division	/m/06x68
/m/01g5v	/film/film/film_art_direction_by	/m/02sg5v
/m/01qhm_	/government/legislative_session/members./government/government_position_held/legislative_sessions	/m/04t7ts
/m/0cqh6z	/base/biblioness/bibs_location/state	/m/0x2p
/m/03xgm3	/tv/tv_program/country_of_origin	/m/02hgm4
/m/05k2xy	/film/film/distributors./film/film_film_distributor_relationship/film_distribution_medium	/m/01_9c1
/m/01n4f8	/media_common/netflix_genre/titles	/m/02pz3j5
/m/0264v8r	/people/person/religion	/m/026p_bs
/m/0408np	/sports/sports_team/sport	/m/02vy5j
/m/0hkq4	/location/statistical_region/religions./location/religion_percentage/religion	/m/01fpvz
/m/0dl5d	/film/film/other_crew./film/film_crew_gig/film_crew_role	/m/04f_d
/m/0kbvb	/sports/sports_position/players./sports/sports_team_roster/position	/m/06cqb
/m/0127m7	/music/genre/artists	/m/05q96q6
/m/0fq9zdn	/award/award_winner/awards_won./award/award_honor/award_winner	/m/01h8f
/m/02f705	/sports/sports_position/players./sports/sports_team_roster/position	/m/02rxj
/m/02d02	/music/performance_role/track_performances./music/track_contribution/role	/m/02x4sn8
/m/0s69k	/music/artist/origin	/m/0jz9f
/m/02x2khw	/education/educational_institution/school_type	/m/02mhfy
/m/05rgl	/location/location/time_zones	/m/044mz_
/m/0dwtp	/film/film_set_designer/film_sets_designed	/m/0xkq4
/m/01tdpv	/music/genre/parent_genre	/m/02mjmr
/m/09ftwr	/tv/tv_network/programs./tv/tv_network_duration/program	/m/017_1x
/m/0152cw	/people/person/places_lived./people/place_lived/location	/m/01clyr
/m/0f2r6	/sports/sports_team/roster./american_football/football_historical_roster_position/position_s	/m/08664q
/m/013t85	/organization/non_profit_organization/registered_with./organization/non_profit_registration/registering_agency	/m/018mxj
/m/013w7j	/language/human_language/countries_spoken_in	/m/026b33f
/m/011yd2	/film/film/film_format	/m/0l2nd
/m/0fy34l	/sports/sports_team/colors	/m/01_x6v
/m/021yc7p	/base/popstra/location/vacationers./base/popstra/vacation_choice/vacationer	/m/0z4s
/m/08d6bd	/education/educational_institution/students_graduates./education/education/major_field_of_study	/m/0gmcwlb
/m/0kbg6	/sports/sports_position/players./sports/sports_team_roster/team	/m/07xpm
/m/04ych	/film/film/distributors./film/film_film_distributor_relationship/region	/m/059t6d
/m/06n6p	/sports/sports_position/players./sports/sports_team_roster/team	/m/047sxrj
/m/02rgz4	/sports/sports_league/teams./sports/sports_league_participation/team	/m/01vw37m
/m/0dscrwf	/military/military_conflict/combatants./military/military_combatant_group/combatants	/m/0f8l9c
/m/01t_xp_	/people/person/languages	/m/0b_7k
/m/01q_ph	/film/special_film_performance_type/film_performance_type./film/performance/film	/m/079hvk
/m/04nfpk	/people/person/employment_history./business/employment_tenure/company	/m/01c40n
/m/0m7fm	/olympics/olympic_participating_country/medals_won./olympics/olympic_medal_honor/olympics	/m/04wgh
/m/06klyh	/soccer/football_team/current_roster./soccer/football_roster_position/position	/m/01csvq
/m/0mb0	/sports/sports_team/sport	/m/04yj5z
/m/033hqf	/military/military_combatant/military_conflicts./military/military_combatant_group/combatants	/m/0k5g9
/m/027f2w	/location/hud_foreclosure_area/estimated_number_of_mortgages./measurement_unit/dated_integer/source	/m/01kx_81
/m/02rrh1w	/tv/tv_program/regular_cast./tv/regular_tv_appearance/actor	/m/058ncz
/m/049dyj	/base/popstra/celebrity/canoodled./base/popstra/canoodled/participant	/m/026n9h3
/m/07bs0	/music/performance_role/guest_performances./music/recording_contribution/performance_role	/m/0l14md
/m/01p45_v	/award/award_nominated_work/award_nominations./award/award_nomination/nominated_for	/m/0f7h2v
/m/04112r	/sports/professional_sports_team/draft_picks./sports/sports_league_draft_pick/draft	/m/04rqd
/m/0j43swk	/olympics/olympic_participating_country/medals_won./olympics/olympic_medal_honor/olympics	/m/0j862
/m/03qbnj	/broadcast/content/artist	/m/0565cz
/m/04jwly	/location/location/time_zones	/m/0f3zf_
/m/0150jk	/education/educational_institution/school_type	/m/0lv1x
/m/01hwc6	/film/film/other_crew./film/film_crew_gig/crewmember	/m/02vkdwz
/m/04y9mm8	/people/deceased_person/place_of_death	/m/01_4z
/m/03ckwzc	/award/award_nominee/award_nominations./award/award_nomination/award	/m/0ptk_
/m/0q8p8	/location/statistical_region/religions./location/religion_percentage/religion	/m/0g48m4
/m/01k1k4	/award/hall_of_fame/inductees./award/hall_of_fame_induction/inductee	/m/04vn5
/m/05kj_	/location/location/adjoin_s./location/adjoining_relationship/adjoins	/m/03ydlnj
/m/078sj4	/education/educational_institution/students_graduates./education/education/major_field_of_study	/m/01ycfv
/m/03h_9lg	/people/person/places_lived./people/place_lived/location	/m/01pnn3
/m/03ydlnj	/american_football/football_team/current_roster./sports/sports_team_roster/position	/m/02lkcc
/m/02sp_v	/language/human_language/countries_spoken_in	/m/0j582
/m/065y4w7	/soccer/football_player/current_team./sports/sports_team_roster/team	/m/08k40m
/m/01pwz	/soccer/football_team/current_roster./soccer/football_roster_position/position	/m/060bp
/m/01kyvx	/base/americancomedy/celebrity_impressionist/celebrities_impersonated	/m/01y665
/m/02kxbwx	/location/statistical_region/religions./location/religion_percentage/religion	/m/01445t
/m/0btpm6	/base/biblioness/bibs_location/state	/m/0qplq
/m/016k62	/media_common/netflix_genre/titles	/m/02_h0
/m/01wdqrx	/education/field_of_study/students_majoring./education/education/student	/m/011yd2
/m/0jbk9	/film/film/film_festivals	/m/0n2g
/m/01zkxv	/user/ktrueman/default_domain/international_organization/member_states	/m/06b1q
/m/0hwqg	/base/biblioness/bibs_location/state	/m/08lb68
/m/0jzphpx	/tv/tv_network/programs./tv/tv_network_duration/program	/m/01453
/m/09byk	/award/award_category/category_of	/m/0343h
/m/07g2b	/film/film_distributor/films_distributed./film/film_film_distributor_relationship/film	/m/01jbx1
/m/0b73_1d	/people/person/spouse_s./people/marriage/type_of_union	/m/01pb34
/m/0fy6bh	/film/film/executive_produced_by	/m/01cjhz
/m/0126rp	/tv/tv_program/genre	/m/02jt1k
/m/03xsby	/base/popstra/celebrity/friendship./base/popstra/friendship/participant	/m/09tkzy
/m/02qrv7	/people/person/place_of_birth	/m/01lcxbb
/m/099c8n	/education/educational_institution/students_graduates./education/education/student	/m/01pj7
/m/0162c8	/education/educational_institution_campus/educational_institution	/m/0gd5z
/m/0cz8mkh	/government/governmental_body/members./government/government_position_held/legislative_sessions	/m/033wx9
/m/09gdm7q	/tv/tv_personality/tv_regular_appearances./tv/tv_regular_personal_appearance/program	/m/01nczg
/m/04w4s	/base/popstra/location/vacationers./base/popstra/vacation_choice/vacationer	/m/027dtxw
/m/0gmdkyy	/people/person/spouse_s./people/marriage/type_of_union	/m/021q0l
/m/0jyx6	/education/university/local_tuition./measurement_unit/dated_money_value/currency	/m/015x74
/m/05vz3zq	/medicine/symptom/symptom_of	/m/07_kq
/m/09qs08	/base/biblioness/bibs_location/state	/m/02py7pj
/m/014zcr	/film/film/genre	/m/0t_2
/m/07f3xb	/government/politician/government_positions_held./government/government_position_held/legislative_sessions	/m/05r6t
/m/07y_7	/film/film/production_companies	/m/016_mj
/m/013t85	/award/ranked_item/appears_in_ranked_lists./award/ranking/list	/m/02vx4
/m/0239kh	/base/saturdaynightlive/snl_cast_member/seasons./base/saturdaynightlive/snl_season_tenure/cast_members	/m/0g3zrd
/m/03qmx_f	/government/government_office_category/officeholders./government/government_position_held/jurisdiction_of_office	/m/02211by
/m/0gkg6	/government/legislative_session/members./government/government_position_held/district_represented	/m/01rh0w
/m/01l2fn	/sports/sports_team_location/teams	/m/07c0j
/m/04zd4m	/organization/organization/headquarters./location/mailing_address/country	/m/05krk
/m/0jdgr	/location/location/time_zones	/m/02prw4h
/m/02ynfr	/education/university/local_tuition./measurement_unit/dated_money_value/currency	/m/06wrt
/m/03h_yy	/media_common/netflix_genre/titles	/m/01dy7j
/m/059rby	/language/human_language/countries_spoken_in	/m/0jfx1
/m/0swff	/sports/sports_league_draft/picks./sports/sports_league_draft_pick/school	/m/026dcvf
/m/0169t	/music/artist/origin	/m/0m2wm
/m/01gkgk	/people/person/languages	/m/01_d4
/m/026n4h6	/base/popstra/celebrity/dated./base/popstra/dated/participant	/m/05cj_j
/m/02wgln	/tv/tv_producer/programs_produced./tv/tv_producer_term/program	/m/09ksp
/m/0jtg0	/award/award_winning_work/awards_won./award/award_honor/award	/m/06rnl9
/m/0cnl80	/people/person/gender	/m/05ywg
/m/017149	/film/film/distributors./film/film_film_distributor_relationship/region	/m/020bv3
/m/0c0yh4	/film/film/produced_by	/m/080dwhx
/m/085bd1	/sports/sports_team/roster./basketball/basketball_roster_position/position	/m/0hfzr
/m/05r4w	/award/award_nominated_work/award_nominations./award/award_nomination/nominated_for	/m/06nbt
/m/0pkyh	/base/schemastaging/organization_extra/phone_number./base/schemastaging/phone_sandbox/contact_category	/m/090q32
/m/0l8v5	/location/statistical_region/rent50_2./measurement_unit/dated_money_value/currency	/m/0257yf
/m/0520r2x	/film/film/costume_design_by	/m/08r4x3
/m/05mt_q	/sports/sports_team/roster./baseball/baseball_roster_position/position	/m/02lpp7
/m/01v_pj6	/award/award_nominated_work/award_nominations./award/award_nomination/nominated_for	/m/0170pk
/m/011yqc	/sports/sports_team/roster./baseball/baseball_roster_position/position	/m/0264v8r
/m/04vr_f	/common/topic/webpage./common/webpage/category	/m/081pw
/m/0bh8x1y	/award/hall_of_fame/inductees./award/hall_of_fame_induction/inductee	/m/06v_gh
/m/03jldb	/people/ethnicity/languages_spoken	/m/01pw2f1
/m/0ddd9	/education/educational_institution/colors	/m/0177s6
/m/06pk8	/people/person/spouse_s./people/marriage/type_of_union	/m/014q2g
/m/019y64	/award/award_category/disciplines_or_subjects	/m/06mn7
/m/06mmb	/location/hud_foreclosure_area/estimated_number_of_mortgages./measurement_unit/dated_integer/source	/m/0kb57
/m/040fb	/common/topic/webpage./common/webpage/category	/m/09728
/m/03rl1g	/organization/organization/headquarters./location/mailing_address/state_province_region	/m/0311wg
/m/05f4m9q	/education/university/fraternities_and_sororities	/m/0f2wj
/m/02d44q	/people/person/gender	/m/02_cq0
/m/0f4vx	/film/film/release_date_s./film/film_regional_release_date/film_release_distribution_medium	/m/013w7j
/m/03ydlnj	/base/biblioness/bibs_location/country	/m/09sh8k
/m/02qvyrt	/people/person/spouse_s./people/marriage/location_of_ceremony	/m/01k8q5
/m/0hv27	/film/actor/film./film/performance/film	/m/02xry
/m/01bx35	/location/statistical_region/rent50_2./measurement_unit/dated_money_value/currency	/m/026mg3
/m/017j69	/film/film/genre	/m/0jvt9
/m/01sbf2	/government/governmental_body/members./government/government_position_held/legislative_sessions	/m/01vv126
/m/073hkh	/film/film/film_production_design_by	/m/01xcqc
/m/02x2gy0	/soccer/football_team/current_roster./soccer/football_roster_position/position	/m/02v5_g
/m/0cc7hmk	/award/award_nominee/award_nominations./award/award_nomination/award_nominee	/m/01c59k
/m/0pmq2	/travel/travel_destination/climate./travel/travel_destination_monthly_climate/month	/m/01jswq
/m/0c_j5d	/film/film/other_crew./film/film_crew_gig/crewmember	/m/073bb
/m/0mwl2	/film/special_film_performance_type/film_performance_type./film/performance/film	/m/02tqkf
/m/0gz6b6g	/tv/tv_program/country_of_origin	/m/0177s6
/m/02wgln	/people/ethnicity/languages_spoken	/m/02f77y
/m/0bm02	/film/film/language	/m/04g9gd
/m/04jpl	/user/alexander/philosophy/philosopher/interests	/m/078lk
/m/01fkv0	/people/person/employment_history./business/employment_tenure/company	/m/09tqxt
/m/05v10	/base/popstra/celebrity/friendship./base/popstra/friendship/participant	/m/078bz
/m/02f79n	/film/film/cinematography	/m/01r32
/m/0c41y70	/base/aareas/schema/administrative_area/administrative_area_type	/m/0f4_l
/m/0b79gfg	/award/award_category/disciplines_or_subjects	/m/08pgl8
/m/01qbl	/location/country/capital	/m/02khs
/m/07f3xb	/olympics/olympic_sport/athletes./olympics/olympic_athlete_affiliation/olympics	/m/041ly3
/m/017gm7	/tv/tv_producer/programs_produced./tv/tv_producer_term/producer_type	/m/01ls2
/m/01vs14j	/film/film/release_date_s./film/film_regional_release_date/film_regional_debut_venue	/m/01sn04
/m/03lpp_	/people/deceased_person/place_of_death	/m/02rv_dz
/m/0257yf	/education/educational_institution/campuses	/m/089fss
/m/06w6_	/base/schemastaging/person_extra/net_worth./measurement_unit/dated_money_value/currency	/m/083tk
/m/058kqy	/sports/sports_league/teams./sports/sports_league_participation/team	/m/0dlglj
/m/043djx	/government/politician/government_positions_held./government/government_position_held/basic_title	/m/015_30
/m/02nhxf	/people/person/place_of_birth	/m/03hjv97
/m/0ds3t5x	/people/person/sibling_s./people/sibling_relationship/sibling	/m/0mn0v
/m/0407yfx	/film/film/other_crew./film/film_crew_gig/film_crew_role	/m/0gmdkyy
/m/06n6p	/award/award_nominee/award_nominations./award/award_nomination/award_nominee	/m/0glt670
/m/03_vpw	/common/topic/webpage./common/webpage/category	/m/05zvj3m
/m/01y3c	/tv/tv_producer/programs_produced./tv/tv_producer_term/program	/m/07_s4b
/m/01trhmt	/sports/sports_league_draft/picks./sports/sports_league_draft_pick/school	/m/09qs08
/m/0m68w	/base/biblioness/bibs_location/state	/m/01ppq
/m/03v1s	/olympics/olympic_games/sports	/m/01y665
/m/0clvcx	/base/x2010fifaworldcupsouthafrica/world_cup_squad/current_world_cup_squad./base/x2010fifaworldcupsouthafrica/current_world_cup_squad/current_club	/m/072kp
/m/086qd	/sports/sports_team/roster./american_football/football_roster_position/position	/m/03bxbql
/m/0259r0	/base/americancomedy/celebrity_impressionist/celebrities_impersonated	/m/065r8g
/m/05qt0	/people/person/nationality	/m/01tszq
/m/01w8sf	/media_common/netflix_genre/titles	/m/05r6t
/m/0b76kw1	/location/location/adjoin_s./location/adjoining_relationship/adjoins	/m/0gvstc3
/m/02qflgv	/people/person/religion	/m/07tgn
/m/059rc	/film/film_distributor/films_distributed./film/film_film_distributor_relationship/film	/m/04f62k
/m/016ypb	/film/film_subject/films	/m/01qhm_
/m/01ptt7	/user/jg/default_domain/olympic_games/sports	/m/02qyp19
/m/0845v	/film/film/release_date_s./film/film_regional_release_date/film_regional_debut_venue	/m/03_9r
/m/0d1qn	/common/topic/webpage./common/webpage/category	/m/02pxmgz
/m/02j9lm	/user/jg/default_domain/olympic_games/sports	/m/043js
/m/01l7cxq	/soccer/football_team/current_roster./soccer/football_roster_position/position	/m/029g_vk
/m/02645b	/education/educational_institution/campuses	/m/015z4j
/m/05m63c	/sports/sports_league_draft/picks./sports/sports_league_draft_pick/school	/m/05d7rk
/m/0fkvn	/film/film/language	/m/0b68vs
/m/0n6f8	/celebrities/celebrity/sexual_relationships./celebrities/romantic_relationship/celebrity	/m/02vwckw
/m/047qxs	/sports/professional_sports_team/draft_picks./sports/sports_league_draft_pick/school	/m/04yj5z
/m/06cx9	/business/job_title/people_with_this_title./business/employment_tenure/company	/m/029h7y
/m/016h9b	/people/person/spouse_s./people/marriage/type_of_union	/m/0373qt
/m/04f525m	/base/popstra/celebrity/friendship./base/popstra/friendship/participant	/m/016ywr
/m/02rghbp	/location/country/second_level_divisions	/m/079vf
/m/051kv	/education/educational_institution/school_type	/m/072kp
/m/05148p4	/film/film/film_production_design_by	/m/081mh
/m/0gfzgl	/tv/tv_program/tv_producer./tv/tv_producer_term/producer_type	/m/02b25y
/m/088xp	/olympics/olympic_participating_country/medals_won./olympics/olympic_medal_honor/medal	/m/0mn0v
/m/01vsxdm	/people/person/spouse_s./people/marriage/location_of_ceremony	/m/0fht9f
/m/0fw2y	/award/award_category/winners./award/award_honor/ceremony	/m/0cp0ph6
/m/02vx4	/business/business_operation/revenue./measurement_unit/dated_money_value/currency	/m/0ddd9
/m/09jwl	/people/person/gender	/m/0342h
/m/0288fyj	/people/ethnicity/languages_spoken	/m/0c6qh
/m/01q_y0	/base/x2010fifaworldcupsouthafrica/world_cup_squad/current_world_cup_squad./base/x2010fifaworldcupsouthafrica/current_world_cup_squad/current_club	/m/02g3mn
/m/01gf5h	/music/performance_role/track_performances./music/track_contribution/role	/m/034x61
/m/04lhc4	/award/award_category/category_of	/m/01hw6wq
/m/019rg5	/music/artist/origin	/m/01s73z
/m/0160w	/medicine/disease/notable_people_with_this_condition	/m/0260bz
/m/018dh3	/music/performance_role/regular_performances./music/group_membership/group	/m/063g7l
/m/01k7xz	/influence/influence_node/influenced_by	/m/03_9r
/m/08k40m	/base/aareas/schema/administrative_area/administrative_area_type	/m/0fvvz
/m/01fx4k	/user/ktrueman/default_domain/international_organization/member_states	/m/0453t
/m/01kckd	/base/saturdaynightlive/snl_cast_member/seasons./base/saturdaynightlive/snl_season_tenure/cast_members	/m/036c_0
/m/01rnxn	/soccer/football_team/current_roster./sports/sports_team_roster/position	/m/01ct6
/m/014b4h	/sports/sports_team/roster./american_football/football_historical_roster_position/position_s	/m/0jdgr
/m/04tz52	/film/film/distributors./film/film_film_distributor_relationship/region	/m/01mmslz
/m/01d_h8	/tv/tv_network/programs./tv/tv_network_duration/program	/m/01tlmw
/m/03hkv_r	/base/locations/continents/countries_within	/m/01lj9
/m/076psv	/sports/sports_position/players./sports/sports_team_roster/team	/m/03d34x8
/m/03z5xd	/base/aareas/schema/administrative_area/administrative_area_type	/m/02nfhx
/m/01pvkk	/influence/influence_node/influenced_by	/m/0171cm
/m/04gb7	/people/ethnicity/people	/m/02vr7
/m/02wwmhc	/people/person/sibling_s./people/sibling_relationship/sibling	/m/0157m
/m/01jrp0	/award/award_category/nominees./award/award_nomination/nominated_for	/m/06by7
/m/0jdgr	/location/location/adjoin_s./location/adjoining_relationship/adjoins	/m/0s69k
/m/03_r3	/film/film/release_date_s./film/film_regional_release_date/film_release_distribution_medium	/m/0j2jr
/m/035dk	/people/cause_of_death/people	/m/0j2jr
/m/04306rv	/tv/tv_program/regular_cast./tv/regular_tv_appearance/actor	/m/015qh
/m/047dpm0	/organization/organization_founder/organizations_founded	/m/06mkj
/m/0kvgnq	/award/award_nominated_work/award_nominations./award/award_nomination/nominated_for	/m/03g5jw
/m/0hjy	/tv/tv_personality/tv_regular_appearances./tv/tv_regular_personal_appearance/program	/m/0408np
/m/03qnvdl	/olympics/olympic_sport/athletes./olympics/olympic_athlete_affiliation/olympics	/m/01q2nx
/m/0dclg	/music/group_member/membership./music/group_membership/role	/m/02r4qs
/m/0kq2g	/film/film/executive_produced_by	/m/041rx
/m/0fg04	/people/person/spouse_s./people/marriage/type_of_union	/m/02k_4g
/m/070w7s	/music/performance_role/guest_performances./music/recording_contribution/performance_role	/m/0h3k3f
/m/0lsxr	/base/saturdaynightlive/snl_cast_member/seasons./base/saturdaynightlive/snl_season_tenure/cast_members	/m/0hkxq
/m/025m8y	/celebrities/celebrity/sexual_relationships./celebrities/romantic_relationship/celebrity	/m/019g40
/m/06151l	/base/schemastaging/person_extra/net_worth./measurement_unit/dated_money_value/currency	/m/047g8h
/m/02w4fkq	/people/person/languages	/m/02pp_q_
/m/026mfbr	/education/educational_institution/school_type	/m/01d4cb
/m/06mz5	/location/country/capital	/m/019rg5
/m/09hnb	/film/film/music	/m/05hgj
/m/05qjt	/education/university/fraternities_and_sororities	/m/0m0bj
/m/02z13jg	/location/statistical_region/gdp_nominal./measurement_unit/dated_money_value/currency	/m/015h31
/m/0q_xk	/sports/sports_team/colors	/m/02llzg
/m/05cljf	/influence/influence_node/peers./influence/peer_relationship/peers	/m/02rxj
/m/04344j	/government/legislative_session/members./government/government_position_held/legislative_sessions	/m/0jgwf
/m/01wj9y9	/organization/organization_founder/organizations_founded	/m/01xd9
/m/0n5j_	/people/person/religion	/m/02r96rf
/m/0gh4g0	/location/statistical_region/religions./location/religion_percentage/religion	/m/02jg92
/m/037fqp	/award/award_winner/awards_won./award/award_honor/award_winner	/m/014dq7
/m/03bwzr4	/film/film/runtime./film/film_cut/film_release_region	/m/01vv6xv
/m/01jssp	/location/us_county/county_seat	/m/0cqh6z
/m/0c3ybss	/sports/sports_league_draft/picks./sports/sports_league_draft_pick/school	/m/049bmk
/m/0gg7gsl	/organization/non_profit_organization/registered_with./organization/non_profit_registration/registering_agency	/m/01lbp
/m/05c46y6	/film/film/prequel	/m/013v5j
/m/01j67j	/sports/sports_team/roster./basketball/basketball_roster_position/position	/m/0b90_r
/m/0lv1x	/tv/tv_program/country_of_origin	/m/02z7f3
/m/016dj8	/location/country/capital	/m/02vm9nd
/m/01n8gr	/film/film/produced_by	/m/01x73
/m/03cs_z7	/base/schemastaging/organization_extra/phone_number./base/schemastaging/phone_sandbox/contact_category	/m/06n6p
/m/04gcd1	/olympics/olympic_games/sports	/m/03_gx
/m/019f2f	/base/locations/continents/countries_within	/m/031778
/m/07yk1xz	/celebrities/celebrity/celebrity_friends./celebrities/friendship/friend	/m/01y3v
/m/02qm_f	/organization/non_profit_organization/registered_with./organization/non_profit_registration/registering_agency	/m/01h72l
/m/013kcv	/film/film/music	/m/0sg6b
/m/07l24	/location/hud_county_place/place	/m/06rq1k
/m/047sgz4	/music/artist/track_contributions./music/track_contribution/role	/m/01cw51
/m/09d5h	/sports/sports_position/players./american_football/football_historical_roster_position/position_s	/m/0jtg0
/m/0735l	/award/award_winning_work/awards_won./award/award_honor/award	/m/0244r8
/m/0d2psv	/travel/travel_destination/climate./travel/travel_destination_monthly_climate/month	/m/02js6_
/m/03x42	/language/human_language/countries_spoken_in	/m/0ck27z
/m/02bqn1	/organization/organization/headquarters./location/mailing_address/citytown	/m/0gqwc
/m/0c4ys	/education/educational_institution/school_type	/m/0bw6y
/m/0ch3qr1	/education/educational_degree/people_with_this_degree./education/education/major_field_of_study	/m/0q5hw
/m/02ghq	/film/film/country	/m/04vjh
/m/0cr3d	/location/location/adjoin_s./location/adjoining_relationship/adjoins	/m/025vry
/m/0sxg4	/film/film/distributors./film/film_film_distributor_relationship/region	/m/07s6fsf
/m/06mkj	/base/aareas/schema/administrative_area/administrative_area_type	/m/03gk2
/m/0k4f3	/people/person/spouse_s./people/marriage/type_of_union	/m/02rxbmt
/m/0ds35l9	/soccer/football_team/current_roster./soccer/football_roster_position/position	/m/0488g
/m/0f4x7	/medicine/disease/notable_people_with_this_condition	/m/03rj0
/m/01kwld	/sports/sports_team/roster./american_football/football_roster_position/position	/m/01c92g
/m/0fbtbt	/music/instrument/instrumentalists	/m/07f5x
/m/0mn0v	/award/award_winning_work/awards_won./award/award_honor/award	/m/02bxd
/m/0gr0m	/olympics/olympic_participating_country/medals_won./olympics/olympic_medal_honor/medal	/m/04t53l
/m/016ywb	/soccer/football_team/current_roster./soccer/football_roster_position/position	/m/01kv4mb
/m/01518s	/government/politician/government_positions_held./government/government_position_held/basic_title	/m/06jnvs
/m/0crx5w	/education/educational_institution_campus/educational_institution	/m/05_61y
/m/01qkqwg	/location/administrative_division/country	/m/037fqp
/m/0dnqr	/film/film/release_date_s./film/film_regional_release_date/film_release_region	/m/09vc4s
/m/01jqr_5	/base/schemastaging/person_extra/net_worth./measurement_unit/dated_money_value/currency	/m/0pyg6
/m/077qn	/music/performance_role/regular_performances./music/group_membership/role	/m/05q4y12
/m/02583l	/olympics/olympic_participating_country/medals_won./olympics/olympic_medal_honor/medal	/m/04gzd
/m/07hgm	/government/politician/government_positions_held./government/government_position_held/legislative_sessions	/m/0c_j5d
/m/01yb09	/sports/sports_team/roster./basketball/basketball_roster_position/position	/m/0gwjw0c
/m/013t85	/celebrities/celebrity/sexual_relationships./celebrities/romantic_relationship/celebrity	/m/0gmcwlb
/m/0lhp1	/military/military_conflict/combatants./military/military_combatant_group/combatants	/m/02c638
/m/0184jc	/award/award_category/category_of	/m/01gp_x
/m/01wtlq	/organization/organization_founder/organizations_founded	/m/02r1c18
/m/0b90_r	/film/film/distributors./film/film_film_distributor_relationship/region	/m/020fcn
/m/0q8p8	/film/film_set_designer/film_sets_designed	/m/01qx13
/m/02dtg	/sports/sports_position/players./sports/sports_team_roster/team	/m/0571m
/m/0gx1bnj	/language/human_language/countries_spoken_in	/m/04mzf8
/m/0fgpvf	/olympics/olympic_games/sports	/m/0g5lhl7
/m/09nqf	/award/hall_of_fame/inductees./award/hall_of_fame_induction/inductee	/m/0227tr
/m/013cz2	/tv/tv_program/country_of_origin	/m/0f6lx
/m/01_srz	/award/award_category/winners./award/award_honor/award_winner	/m/01qncf
/m/0dtw1x	/film/film/release_date_s./film/film_regional_release_date/film_release_distribution_medium	/m/09pmkv
/m/02t_zq	/sports/professional_sports_team/draft_picks./sports/sports_league_draft_pick/school	/m/01b1mj
/m/04sylm	/user/alexander/philosophy/philosopher/interests	/m/02hcv8
/m/02yv6b	/olympics/olympic_sport/athletes./olympics/olympic_athlete_affiliation/olympics	/m/01fmys
/m/0jfx1	/education/educational_institution/students_graduates./education/education/major_field_of_study	/m/01t6b4
/m/0fhzy	/sports/sports_team/colors	/m/0dgd_
/m/02qgyv	/location/location/time_zones	/m/0ymc8
/m/0407yfx	/sports/sports_position/players./sports/sports_team_roster/team	/m/03gqgt3
/m/01kv4mb	/time/event/locations	/m/0f2w0
/m/04nlb94	/broadcast/content/artist	/m/01p1z_
/m/05l5n	/location/country/second_level_divisions	/m/09wz9
/m/01vksx	/tv/tv_program/country_of_origin	/m/0b_6mr
/m/01dys	/travel/travel_destination/climate./travel/travel_destination_monthly_climate/month	/m/02s62q
/m/016tt2	/film/film/story_by	/m/05cj_j
/m/05zbm4	/film/film/release_date_s./film/film_regional_release_date/film_release_distribution_medium	/m/026n9h3
/m/01kvqc	/film/film/runtime./film/film_cut/film_release_region	/m/01g4bk
/m/0dbdy	/film/film_set_designer/film_sets_designed	/m/04l8xw
/m/02_5x9	/location/location/contains	/m/0lbd9
/m/026p4q7	/award/award_nominee/award_nominations./award/award_nomination/award_nominee	/m/0drsm
/m/0325pb	/organization/organization/place_founded	/m/01gf5h
/m/099ty	/government/government_office_category/officeholders./government/government_position_held/jurisdiction_of_office	/m/053tj7
/m/078bz	/organization/organization_founder/organizations_founded	/m/082gq
/m/05whq_9	/tv/tv_personality/tv_regular_appearances./tv/tv_regular_personal_appearance/program	/m/07z31v
/m/059f4	/celebrities/celebrity/sexual_relationships./celebrities/romantic_relationship/celebrity	/m/01c6nk
/m/032_wv	/organization/organization_founder/organizations_founded	/m/0bshwmp
/m/0h5k	/award/award_nominee/award_nominations./award/award_nomination/nominated_for	/m/05dy7p
/m/0dwr4	/education/educational_institution/campuses	/m/0146pg
/m/05_6_y	/people/person/languages	/m/01r3hr
/m/02dh86	/olympics/olympic_participating_country/medals_won./olympics/olympic_medal_honor/medal	/m/016_mj
/m/03z20c	/olympics/olympic_games/medals_awarded./olympics/olympic_medal_honor/medal	/m/02rdxsh
/m/03mqj_	/location/statistical_region/religions./location/religion_percentage/religion	/m/05x2t7
/m/02mjmr	/organization/organization/place_founded	/m/049t4g
/m/038c0q	/film/film/cinematography	/m/01wwvc5
/m/06g77c	/base/schemastaging/organization_extra/phone_number./base/schemastaging/phone_sandbox/service_location	/m/05g8pg
/m/0190_q	/location/country/form_of_government	/m/01y_px
/m/0fqpc7d	/government/legislative_session/members./government/government_position_held/legislative_sessions	/m/03_wj_
/m/03s6l2	/government/government_office_category/officeholders./government/government_position_held/jurisdiction_of_office	/m/07_s4b
/m/05cv94	/award/award_category/disciplines_or_subjects	/m/02fb1n
/m/08664q	/olympics/olympic_participating_country/medals_won./olympics/olympic_medal_honor/olympics	/m/053y0s
/m/01kj0p	/user/alexander/philosophy/philosopher/interests	/m/08052t3
/m/0dg3n1	/location/location/contains	/m/03g5jw
/m/06688p	/film/film/prequel	/m/070w7s
/m/02rcdc2	/people/deceased_person/place_of_death	/m/06pk8
/m/035s37	/education/university/domestic_tuition./measurement_unit/dated_money_value/currency	/m/0pmhf
/m/0137g1	/people/deceased_person/place_of_death	/m/023rwm
/m/040fv	/government/legislative_session/members./government/government_position_held/district_represented	/m/0170vn
/m/0pc7r	/award/award_ceremony/awards_presented./award/award_honor/honored_for	/m/06z8s_
/m/020skc	/music/genre/parent_genre	/m/0892sx
/m/0ddjy	/government/legislative_session/members./government/government_position_held/district_represented	/m/0ddjy
/m/03v1s	/location/location/adjoin_s./location/adjoining_relationship/adjoins	/m/05hdf
/m/01k5t_3	/location/location/partially_contains	/m/0dj0m5
/m/018f8	/olympics/olympic_participating_country/medals_won./olympics/olympic_medal_honor/olympics	/m/0806vbn
/m/018wdw	/film/film/film_festivals	/m/089fss
/m/0b2qtl	/education/educational_institution_campus/educational_institution	/m/01wbgdv
/m/02_xgp2	/sports/sports_position/players./sports/sports_team_roster/team	/m/0phx4
/m/05g8ky	/government/politician/government_positions_held./government/government_position_held/basic_title	/m/09rwjly
/m/02w9895	/education/field_of_study/students_majoring./education/education/major_field_of_study	/m/02h4rq6
/m/0chsq	/education/university/fraternities_and_sororities	/m/012cj0
/m/01htzx	/people/person/places_lived./people/place_lived/location	/m/0cq7kw
/m/01ktz1	/american_football/football_team/current_roster./sports/sports_team_roster/position	/m/0t_2
/m/0kr5_	/soccer/football_team/current_roster./sports/sports_team_roster/position	/m/026t6
/m/03ds3	/award/ranked_item/appears_in_ranked_lists./award/ranking/list	/m/01nvmd_
/m/01jq34	/music/artist/origin	/m/0gy7bj4
/m/05h43ls	/tv/tv_program/languages	/m/02hcv8
/m/01771z	/location/hud_county_place/place	/m/0411q
/m/02_xgp2	/award/award_winning_work/awards_won./award/award_honor/award_winner	/m/0hn10
/m/01wdl3	/people/person/profession	/m/01tlmw
/m/0gp9mp	/location/hud_county_place/county	/m/0km5c
/m/07ss8_	/education/educational_institution/colors	/m/0169t
/m/03j43	/award/ranked_item/appears_in_ranked_lists./award/ranking/list	/m/0gr51
/m/01xdf5	/influence/influence_node/peers./influence/peer_relationship/peers	/m/06klyh
/m/0j06n	/tv/tv_producer/programs_produced./tv/tv_producer_term/program	/m/018j2
/m/0m2lt	/user/tsegaran/random/taxonomy_subject/entry./user/tsegaran/random/taxonomy_entry/taxonomy	/m/0fbq2n
/m/0mdqp	/tv/tv_network/programs./tv/tv_network_duration/program	/m/06n90
/m/0gtv7pk	/olympics/olympic_participating_country/medals_won./olympics/olympic_medal_honor/olympics	/m/09sh8k
/m/015fs3	/education/educational_degree/people_with_this_degree./education/education/student	/m/02r8hh_
/m/02pjxr	/tv/tv_program/languages	/m/04mz10g
/m/01mjq	/sports/sports_team/roster./american_football/football_roster_position/position	/m/05r3qc
/m/0373qt	/award/award_category/winners./award/award_honor/award_winner	/m/0bvn25
/m/0661ql3	/base/schemastaging/organization_extra/phone_number./base/schemastaging/phone_sandbox/contact_category	/m/027xx3
/m/01q99h	/sports/sports_team/sport	/m/0m0jc
/m/0fvr1	/location/capital_of_administrative_division/capital_of./location/administrative_division_capital_relationship/administrative_division	/m/083skw
/m/02q56mk	/music/artist/origin	/m/07wrz
/m/01sn04	/base/biblioness/bibs_location/country	/m/03ryn
/m/01swxv	/location/us_county/county_seat	/m/071tyz
/m/0f4hc	/location/hud_county_place/place	/m/06tpmy
/m/03yl2t	/government/governmental_body/members./government/government_position_held/legislative_sessions	/m/06krf3
/m/01vs14j	/film/film/film_art_direction_by	/m/06gmr
/m/0kn4c	/film/film/release_date_s./film/film_regional_release_date/film_regional_debut_venue	/m/05q4y12
/m/02b1mc	/baseball/baseball_team/team_stats./baseball/baseball_team_stats/season	/m/0d234
/m/08r4x3	/education/educational_institution/school_type	/m/017jv5
/m/01znc_	/sports/sports_position/players./american_football/football_historical_roster_position/position_s	/m/0288fyj
/m/01vdm0	/education/educational_degree/people_with_this_degree./education/education/student	/m/0dg3n1
/m/02qw1zx	/film/actor/film./film/performance/special_performance_type	/m/0n5j_
/m/02qflgv	/base/popstra/celebrity/breakup./base/popstra/breakup/participant	/m/01kvqc
/m/03xpf_7	/user/jg/default_domain/olympic_games/sports	/m/042l3v
/m/03qnvdl	/award/award_category/nominees./award/award_nomination/nominated_for	/m/02vklm3
/m/03sxd2	/sports/professional_sports_team/draft_picks./sports/sports_league_draft_pick/draft	/m/058s57
/m/0jxy	/people/person/spouse_s./people/marriage/type_of_union	/m/069ld1
/m/011yph	/education/educational_degree/people_with_this_degree./education/education/major_field_of_study	/m/04112r
/m/0jqd3	/american_football/football_team/current_roster./sports/sports_team_roster/position	/m/03ryn
/m/0cfhfz	/film/film/story_by	/m/0g78xc
/m/02qjv	/base/culturalevent/event/entity_involved	/m/01fh0q
/m/0cv9b	/film/film/release_date_s./film/film_regional_release_date/film_regional_debut_venue	/m/023wyl
/m/0c9d9	/film/director/film	/m/0cwy47
/m/0bby9p5	/education/educational_degree/people_with_this_degree./education/education/major_field_of_study	/m/03_vpw
/m/0415svh	/location/location/adjoin_s./location/adjoining_relationship/adjoins	/m/0dbdy
/m/02krf9	/base/aareas/schema/administrative_area/administrative_parent	/m/04mzf8
/m/016z7s	/base/popstra/celebrity/friendship./base/popstra/friendship/participant	/m/030hcs
/m/01kv4mb	/government/politician/government_positions_held./government/government_position_held/basic_title	/m/0dwvl
/m/0gtvrv3	/tv/tv_program/country_of_origin	/m/06f41
/m/01vsnff	/music/performance_role/track_performances./music/track_contribution/role	/m/021_rm
/m/02jcc	/film/film/personal_appearances./film/personal_film_appearance/person	/m/032ft5
/m/01_vfy	/people/ethnicity/languages_spoken	/m/0dnvn3
/m/052vwh	/education/university/local_tuition./measurement_unit/dated_money_value/currency	/m/014mlp
/m/0gd0c7x	/people/person/languages	/m/0dr_4
/m/01gxqf	/award/award_nominated_work/award_nominations./award/award_nomination/nominated_for	/m/06qc5
/m/01j67j	/education/field_of_study/students_majoring./education/education/major_field_of_study	/m/05zkcn5
/m/0371rb	/organization/organization_founder/organizations_founded	/m/09qv3c
/m/016sp_	/organization/endowed_organization/endowment./measurement_unit/dated_money_value/currency	/m/01k1k4
/m/02581q	/organization/organization/headquarters./location/mailing_address/citytown	/m/013b2h
/m/0c3ybss	/food/food/nutrients./food/nutrition_fact/nutrient	/m/03xsby
/m/01gbcf	/tv/tv_program/country_of_origin	/m/03gh4
/m/01b64v	/film/film/written_by	/m/01_1pv
/m/04jjy	/organization/organization_founder/organizations_founded	/m/024tcq
/m/01l849	/organization/organization/place_founded	/m/0184jc
/m/06v8s0	/broadcast/content/artist	/m/09gdm7q
/m/01qdjm	/award/award_nominated_work/award_nominations./award/award_nomination/nominated_for	/m/0hmm7
/m/0157g9	/people/person/gender	/m/0h1m9
/m/0mn0v	/music/genre/artists	/m/0ldqf
/m/06v9_x	/user/alexander/philosophy/philosopher/interests	/m/0k4f3
/m/01_mdl	/people/profession/specialization_of	/m/0jmdb
/m/0blq0z	/olympics/olympic_participating_country/medals_won./olympics/olympic_medal_honor/olympics	/m/0g3zpp
/m/09qv3c	/user/jg/default_domain/olympic_games/sports	/m/0blg2
/m/0n5fl	/tv/tv_program/languages	/m/016wtf
/m/0721cy	/film/director/film	/m/05r3qc
/m/03v1s	/film/film/production_companies	/m/08lb68
/m/04twmk	/organization/organization_member/member_of./organization/organization_membership/organization	/m/07wjk
/m/02hcv8	/location/statistical_region/gdp_nominal./measurement_unit/dated_money_value/currency	/m/0b7xl8
/m/075wx7_	/education/university/fraternities_and_sororities	/m/0453t
/m/024rgt	/tv/tv_producer/programs_produced./tv/tv_producer_term/producer_type	/m/029j_
/m/0blg2	/organization/organization_founder/organizations_founded	/m/0h5f5n
/m/09bkv	/user/alexander/philosophy/philosopher/interests	/m/094qd5
/m/030wkp	/music/performance_role/track_performances./music/track_contribution/role	/m/01tmtg
/m/05w3f	/education/educational_institution_campus/educational_institution	/m/047sxrj
/m/08cn4_	/base/locations/continents/countries_within	/m/02bkg
/m/0l98s	/film/film/distributors./film/film_film_distributor_relationship/film_distribution_medium	/m/04rcr
/m/038c0q	/base/marchmadness/ncaa_basketball_tournament/seeds./base/marchmadness/ncaa_tournament_seed/team	/m/01qszl
/m/09sb52	/education/educational_institution/colors	/m/0s69k
/m/07hpv3	/film/film/film_production_design_by	/m/05q54f5
/m/0c4ys	/award/award_nominee/award_nominations./award/award_nomination/award_nominee	/m/02ndj5
/m/03hjv97	/olympics/olympic_sport/athletes./olympics/olympic_athlete_affiliation/country	/m/0b1y_2
/m/07t90	/base/schemastaging/person_extra/net_worth./measurement_unit/dated_money_value/currency	/m/0gh4g0
/m/01gp_x	/tv/tv_writer/tv_programs./tv/tv_program_writer_relationship/tv_program	/m/016fly
/m/07xzm	/film/film/runtime./film/film_cut/film_release_region	/m/0bbf1f
/m/01g257	/film/film/distributors./film/film_film_distributor_relationship/film_distribution_medium	/m/0kv2hv
/m/0qf43	/award/award_category/category_of	/m/02xhpl
/m/04xrx	/user/jg/default_domain/olympic_games/sports	/m/02ndj5
/m/01v_pj6	/award/award_nominee/award_nominations./award/award_nomination/award	/m/0cj8x
/m/01f7gh	/film/film/genre	/m/0cc5mcj
/m/0vbk	/organization/organization_founder/organizations_founded	/m/03f2_rc
/m/07h1tr	/film/actor/film./film/performance/film	/m/02hcv8
/m/0s69k	/business/job_title/people_with_this_title./business/employment_tenure/company	/m/06tpmy
/m/04hwbq	/education/educational_institution/school_type	/m/028_yv
/m/0jzphpx	/sports/pro_athlete/teams./sports/sports_team_roster/team	/m/04r7jc
/m/07ng9k	/location/statistical_region/gdp_nominal_per_capita./measurement_unit/dated_money_value/currency	/m/041rx
/m/05kcgsf	/military/military_conflict/combatants./military/military_combatant_group/combatants	/m/0cv9b
/m/0262zm	/tv/tv_producer/programs_produced./tv/tv_producer_term/program	/m/0np9r
/m/0k4gf	/music/group_member/membership./music/group_membership/group	/m/065b6q
/m/06gmr	/tv/tv_writer/tv_programs./tv/tv_program_writer_relationship/tv_program	/m/02r_d4
/m/015qsq	/base/popstra/location/vacationers./base/popstra/vacation_choice/vacationer	/m/019v9k
/m/06jnvs	/location/country/form_of_government	/m/027nb
/m/044mm6	/soccer/football_team/current_roster./sports/sports_team_roster/position	/m/01twdk
/m/0m68w	/influence/influence_node/peers./influence/peer_relationship/peers	/m/01gkgk
/m/015pkc	/film/film/prequel	/m/0bl2g
/m/06t61y	/base/schemastaging/organization_extra/phone_number./base/schemastaging/phone_sandbox/service_language	/m/0gq_v
/m/02yv_b	/base/aareas/schema/administrative_area/capital	/m/0sqgt
/m/0m2wm	/organization/organization_founder/organizations_founded	/m/09pmkv
/m/0cchk3	/film/film/produced_by	/m/0dm5l
/m/02x4wr9	/common/topic/webpage./common/webpage/category	/m/01q_wyj
/m/01x15dc	/organization/role/leaders./organization/leadership/organization	/m/04cf09
/m/01nzs7	/film/film/music	/m/04wvhz
/m/03qh03g	/tv/tv_program/country_of_origin	/m/0fpkhkz
/m/02m7r	/base/aareas/schema/administrative_area/capital	/m/07w21
/m/01zzk4	/film/film/runtime./film/film_cut/film_release_region	/m/0d1qn
/m/01v8c	/sports/sports_team/roster./basketball/basketball_roster_position/position	/m/099c8n
/m/02dpl9	/olympics/olympic_games/participating_countries	/m/09x3r
/m/02s7tr	/film/film/country	/m/01x73
/m/02c638	/base/popstra/celebrity/breakup./base/popstra/breakup/participant	/m/0ddjy
/m/067ghz	/organization/organization_member/member_of./organization/organization_membership/organization	/m/0jyx6
/m/039v1	/film/film/film_production_design_by	/m/02stbw
/m/0c_tl	/government/political_party/politicians_in_this_party./government/political_party_tenure/politician	/m/0645k5
/m/06ztvyx	/film/film/personal_appearances./film/personal_film_appearance/person	/m/04n65n
/m/0hfzr	/film/film/film_format	/m/05218gr
/m/03pn9	/music/genre/parent_genre	/m/01f7d
/m/05dppk	/film/film/prequel	/m/0ldqf
/m/09k56b7	/location/location/partially_contains	/m/0tc7
/m/03h_9lg	/education/university/fraternities_and_sororities	/m/03_vpw
/m/0872p_c	/medicine/disease/notable_people_with_this_condition	/m/0dxmyh
/m/013zdg	/award/award_category/disciplines_or_subjects	/m/0lx2l
/m/011k11	/location/administrative_division/country	/m/03lty
/m/0dtw1x	/business/job_title/people_with_this_title./business/employment_tenure/company	/m/018wng
/m/0257yf	/award/award_winning_work/awards_won./award/award_honor/honored_for	/m/015ppk
/m/07zrf	/base/popstra/celebrity/breakup./base/popstra/breakup/participant	/m/07s4l
/m/05g8pg	/time/event/locations	/m/01xy5l_
/m/07h1h5	/user/jg/default_domain/olympic_games/sports	/m/0bjqh
/m/06rq1k	/tv/tv_network/programs./tv/tv_network_duration/program	/m/03vtrv
/m/02vx4	/people/person/places_lived./people/place_lived/location	/m/0pmq2
/m/09dt7	/film/film/language	/m/0jjy0
/m/07y9k	/medicine/symptom/symptom_of	/m/04jplwp
/m/012mzw	/people/person/religion	/m/015z4j
/m/01hkhq	/sports/professional_sports_team/draft_picks./sports/sports_league_draft_pick/draft	/m/0jt3tjf
/m/02dtg	/media_common/netflix_genre/titles	/m/04vjh
/m/0l8v5	/film/film_distributor/films_distributed./film/film_film_distributor_relationship/film	/m/03gh4
/m/07lx1s	/sports/sports_team/colors	/m/0mj1l
/m/040b5k	/location/capital_of_administrative_division/capital_of./location/administrative_division_capital_relationship/administrative_division	/m/0gcf2r
/m/01f62	/award/award_nominated_work/award_nominations./award/award_nomination/nominated_for	/m/0cnl80
/m/049g_xj	/base/biblioness/bibs_location/country	/m/049dk
/m/0b2v79	/base/popstra/celebrity/friendship./base/popstra/friendship/participant	/m/076lxv
/m/01vvycq	/organization/organization_founder/organizations_founded	/m/0jm_
/m/07cfx	/government/politician/government_positions_held./government/government_position_held/basic_title	/m/02b1mc
/m/04y9mm8	/government/governmental_body/members./government/government_position_held/legislative_sessions	/m/059_c
/m/01nczg	/award/award_category/winners./award/award_honor/ceremony	/m/02dlfh
/m/01dw4q	/base/americancomedy/celebrity_impressionist/celebrities_impersonated	/m/01rk91
/m/01k5t_3	/music/artist/track_contributions./music/track_contribution/role	/m/03f2_rc
/m/02zs4	/medicine/disease/notable_people_with_this_condition	/m/03v6t
/m/01vx5w7	/base/aareas/schema/administrative_area/capital	/m/01719t
/m/04xvh5	/user/jg/default_domain/olympic_games/sports	/m/0284gcb
/m/0g7s1n	/education/university/local_tuition./measurement_unit/dated_money_value/currency	/m/02rl201
/m/0gj9qxr	/film/actor/film./film/performance/film	/m/07w5rq
/m/02nfhx	/award/award_category/winners./award/award_honor/ceremony	/m/03yl2t
/m/02krf9	/people/person/profession	/m/09fb5
/m/01k2wn	/people/ethnicity/geographic_distribution	/m/050l8
/m/02rytm	/time/event/locations	/m/09p35z
/m/059_c	/organization/organization/headquarters./location/mailing_address/country	/m/0kbvb
/m/01rhrd	/base/americancomedy/celebrity_impressionist/celebrities_impersonated	/m/03qcfvw
/m/033cnk	/broadcast/content/artist	/m/0l8v5
/m/062zjtt	/people/person/places_lived./people/place_lived/location	/m/03nt59
/m/01fmys	/base/popstra/celebrity/dated./base/popstra/dated/participant	/m/0l6ny
/m/05dy7p	/location/location/adjoin_s./location/adjoining_relationship/adjoins	/m/078lk
/m/02vk52z	/sports/sports_team/colors	/m/09f0bj
/m/02jknp	/sports/professional_sports_team/draft_picks./sports/sports_league_draft_pick/draft	/m/07srw
/m/03qh03g	/medicine/disease/notable_people_with_this_condition	/m/02lq5w
/m/01l3j	/organization/organization/headquarters./location/mailing_address/citytown	/m/06pwf6
/m/0gr42	/business/job_title/people_with_this_title./business/employment_tenure/company	/m/03k7bd
/m/02g9p4	/soccer/football_player/current_team./sports/sports_team_roster/team	/m/026xxv_
/m/0239kh	/tv/tv_producer/programs_produced./tv/tv_producer_term/program	/m/0zjpz
/m/05gqf	/award/award_winner/awards_won./award/award_honor/award_winner	/m/0kp2_
/m/06s0l	/music/group_member/membership./music/group_membership/role	/m/05b__vr
/m/02pb53	/film/film_subject/films	/m/09jwl
/m/09ftwr	/tv/tv_program/tv_producer./tv/tv_producer_term/producer_type	/m/016wzw
/m/03_wj_	/celebrities/celebrity/sexual_relationships./celebrities/romantic_relationship/celebrity	/m/07c52
/m/02knnd	/education/educational_degree/people_with_this_degree./education/education/major_field_of_study	/m/0gy7bj4
/m/013m43	/military/military_combatant/military_conflicts./military/military_combatant_group/combatants	/m/02wzl1d
/m/06ltr	/music/artist/contribution./music/recording_contribution/performance_role	/m/02bg8v
/m/0ds3t5x	/music/record_label/artist	/m/0q5hw
/m/0dy04	/military/military_conflict/combatants./military/military_combatant_group/combatants	/m/0gg7gsl
/m/060c4	/award/award_nominee/award_nominations./award/award_nomination/nominated_for	/m/027nb
/m/02j4sk	/location/location/partially_contains	/m/01c9dd
/m/03s9kp	/location/hud_county_place/place	/m/03bwzr4
/m/050gkf	/location/location/partially_contains	/m/03gqgt3
/m/0swbd	/people/ethnicity/people	/m/01sh2
/m/06__m6	/film/film/country	/m/03fghg
/m/01b64v	/base/locations/continents/countries_within	/m/02yv6b
/m/0b76kw1	/business/job_title/people_with_this_title./business/employment_tenure/company	/m/04969y
/m/013w7j	/tv/tv_program/country_of_origin	/m/01wbgdv
/m/04zl8	/people/person/religion	/m/026b33f
/m/0d1qn	/film/film/costume_design_by	/m/01l7cxq
/m/02t_tp	/broadcast/content/artist	/m/01bh3l
/m/029h7y	/award/award_category/nominees./award/award_nomination/nominated_for	/m/08433
/m/0c5dd	/organization/role/leaders./organization/leadership/organization	/m/0l9k1
/m/04y79_n	/sports/sport/pro_athletes./sports/pro_sports_played/athlete	/m/02vwckw
/m/099cng	/medicine/disease/notable_people_with_this_condition	/m/0kv238
/m/0blbxk	/award/award_nominee/award_nominations./award/award_nomination/nominated_for	/m/0swbd
/m/0cr3d	/location/country/second_level_divisions	/m/0d1mp3
/m/02lq5w	/sports/sports_position/players./sports/sports_team_roster/team	/m/0343h
/m/08mbj5d	/tv/tv_program/tv_producer./tv/tv_producer_term/producer_type	/m/09txzv
/m/0248jb	/celebrities/celebrity/sexual_relationships./celebrities/romantic_relationship/celebrity	/m/069ld1
/m/035qy	/film/film/film_art_direction_by	/m/0cjdk
/m/02vqsll	/tv/tv_writer/tv_programs./tv/tv_program_writer_relationship/tv_program	/m/0hmr4
/m/025ndl	/influence/influence_node/influenced_by	/m/01w58n3
/m/03f5spx	/music/genre/parent_genre	/m/01mr2g6
/m/0c0yh4	/organization/organization/headquarters./location/mailing_address/citytown	/m/03j43
/m/013m43	/award/award_winning_work/awards_won./award/award_honor/award_winner	/m/0hwd8
/m/083p7	/base/americancomedy/celebrity_impressionist/celebrities_impersonated	/m/0gqmvn
/m/0pz91	/base/marchmadness/ncaa_basketball_tournament/seeds./base/marchmadness/ncaa_tournament_seed/team	/m/01cgz
/m/0219x_	/award/award_category/category_of	/m/01xdn1
/m/01pgzn_	/american_football/football_team/current_roster./sports/sports_team_roster/position	/m/0m3gy
/m/04nl83	/film/film/release_date_s./film/film_regional_release_date/film_regional_debut_venue	/m/04gzd
/m/023wyl	/tv/tv_program/regular_cast./tv/regular_tv_appearance/actor	/m/0806vbn
/m/012t_z	/award/award_winning_work/awards_won./award/award_honor/award_winner	/m/01jbx1
/m/01xvb	/base/locations/continents/countries_within	/m/0yyg4
/m/0879bpq	/organization/organization/headquarters./location/mailing_address/country	/m/0m68w
/m/07cbcy	/olympics/olympic_games/participating_countries	/m/012t_z
/m/0c11mj	/travel/travel_destination/climate./travel/travel_destination_monthly_climate/month	/m/05jf85
/m/05q8pss	/film/film/genre	/m/033wx9
/m/0hvgt	/education/educational_degree/people_with_this_degree./education/education/major_field_of_study	/m/035s37
/m/01mmslz	/people/marriage_union_type/unions_of_this_type./people/marriage/location_of_ceremony	/m/082scv
/m/0645k5	/film/film/cinematography	/m/02rcdc2
/m/037fqp	/award/award_category/nominees./award/award_nomination/nominated_for	/m/0kpl
/m/0dbdy	/award/award_nominated_work/award_nominations./award/award_nomination/nominated_for	/m/01t3h6
/m/0cb4j	/base/petbreeds/city_with_dogs/top_breeds./base/petbreeds/dog_city_relationship/dog_breed	/m/02lgj6
/m/03_d0	/base/popstra/celebrity/dated./base/popstra/dated/participant	/m/02847m9
/m/03yf3z	/food/food/nutrients./food/nutrition_fact/nutrient	/m/01fwj8
/m/06vkl	/film/film/featured_film_locations	/m/0kvsb
/m/0kv238	/organization/non_profit_organization/registered_with./organization/non_profit_registration/registering_agency	/m/05wjnt
/m/077g7n	/base/popstra/celebrity/canoodled./base/popstra/canoodled/participant	/m/043q6n_
/m/0g7s1n	/influence/influence_node/influenced_by	/m/01v5h
/m/014_lq	/government/government_office_category/officeholders./government/government_position_held/jurisdiction_of_office	/m/05crg7
/m/0fh2v5	/organization/non_profit_organization/registered_with./organization/non_profit_registration/registering_agency	/m/0dplh
/m/01kf4tt	/music/genre/artists	/m/017v_
/m/047msdk	/education/educational_institution/colors	/m/0126rp
/m/01sg4_	/education/educational_institution/school_type	/m/04nlb94
/m/0hcs3	/film/film_subject/films	/m/050023
/m/0ddjy	/film/film/film_festivals	/m/042v_gx
/m/05v10	/base/biblioness/bibs_location/country	/m/01z215
/m/0453t	/sports/professional_sports_team/draft_picks./sports/sports_league_draft_pick/draft	/m/04j53
/m/0_7w6	/olympics/olympic_sport/athletes./olympics/olympic_athlete_affiliation/olympics	/m/08664q
/m/02pprs	/music/performance_role/regular_performances./music/group_membership/role	/m/012d40
/m/045zr	/film/film/estimated_budget./measurement_unit/dated_money_value/currency	/m/01d_h8
/m/02r8hh_	/soccer/football_team/current_roster./soccer/football_roster_position/position	/m/02qhqz4
/m/083q7	/film/film/distributors./film/film_film_distributor_relationship/film_distribution_medium	/m/02g_6j
/m/02s2ft	/education/educational_institution/students_graduates./education/education/student	/m/02lf1j
/m/0dnvn3	/people/person/gender	/m/01kcd
/m/02211by	/sports/sports_position/players./sports/sports_team_roster/position	/m/0l998
/m/02_hj4	/sports/sports_league/teams./sports/sports_league_participation/team	/m/081_zm
/m/01mw1	/award/award_category/winners./award/award_honor/ceremony	/m/0h7x
/m/0168ls	/business/business_operation/industry	/m/04f0xq
/m/015qsq	/base/saturdaynightlive/snl_cast_member/seasons./base/saturdaynightlive/snl_season_tenure/cast_members	/m/0fp_v1x
/m/01m13b	/location/administrative_division/country	/m/04qw17
/m/01htzx	/medicine/symptom/symptom_of	/m/0c422z4
/m/0pyg6	/music/performance_role/track_performances./music/track_contribution/role	/m/03xx9l
/m/06vkl	/sports/sports_team/roster./american_football/football_roster_position/position	/m/01hkhq
/m/0963mq	/location/administrative_division/country	/m/01k5y0
/m/02773nt	/award/award_winning_work/awards_won./award/award_honor/award_winner	/m/02qyp19
/m/01dzz7	/base/culturalevent/event/entity_involved	/m/04ljl_l
/m/02__34	/organization/organization/headquarters./location/mailing_address/state_province_region	/m/01qszl
/m/01jq34	/travel/travel_destination/climate./travel/travel_destination_monthly_climate/month	/m/01lxd4
/m/0km5c	/education/university/local_tuition./measurement_unit/dated_money_value/currency	/m/01vrwfv
/m/02vp1f_	/music/group_member/membership./music/group_membership/role	/m/03cd0x
/m/06cv1	/film/film/release_date_s./film/film_regional_release_date/film_release_distribution_medium	/m/01wwvc5
/m/01l3j	/film/film/runtime./film/film_cut/film_release_region	/m/05w3f
/m/0s3y5	/base/petbreeds/city_with_dogs/top_breeds./base/petbreeds/dog_city_relationship/dog_breed	/m/02ctzb
/m/04n2r9h	/user/tsegaran/random/taxonomy_subject/entry./user/tsegaran/random/taxonomy_entry/taxonomy	/m/0187y5
/m/018lg0	/sports/pro_athlete/teams./sports/sports_team_roster/team	/m/0ldqf
/m/029zqn	/people/marriage_union_type/unions_of_this_type./people/marriage/location_of_ceremony	/m/01jv1z
/m/0hv27	/base/popstra/celebrity/canoodled./base/popstra/canoodled/participant	/m/04f525m
/m/0lk90	/sports/pro_athlete/teams./sports/sports_team_roster/team	/m/04k4l
/m/0gzy02	/film/film/personal_appearances./film/personal_film_appearance/person	/m/01d5z
/m/031zkw	/film/film/film_art_direction_by	/m/01v3s2_
/m/01wbl_r	/influence/influence_node/peers./influence/peer_relationship/peers	/m/013b6_
/m/06qgvf	/film/film/film_art_direction_by	/m/021b_
/m/01fwj8	/baseball/baseball_team/team_stats./baseball/baseball_team_stats/season	/m/09728
/m/02t_zq	/tv/tv_personality/tv_regular_appearances./tv/tv_regular_personal_appearance/program	/m/050r1z
/m/0f4y_	/film/actor/film./film/performance/film	/m/04vt98
/m/01wdl3	/base/popstra/celebrity/breakup./base/popstra/breakup/participant	/m/02s4l6
/m/02kc008	/award/ranked_item/appears_in_ranked_lists./award/ranking/list	/m/04yywz
/m/0ft5vs	/organization/organization_founder/organizations_founded	/m/02rb84n
/m/03xnwz	/sports/sports_position/players./american_football/football_historical_roster_position/position_s	/m/048lv
/m/05fg2	/tv/tv_program/regular_cast./tv/regular_tv_appearance/actor	/m/01pb34
/m/0170s4	/location/us_county/county_seat	/m/025s7x6
/m/05typm	/sports/sports_team/colors	/m/04rjg
/m/067pl7	/film/film/production_companies	/m/071tyz
/m/0g22z	/film/film_subject/films	/m/0jt5zcn
/m/0dwxr	/business/business_operation/revenue./measurement_unit/dated_money_value/currency	/m/0163v
/m/02rrh1w	/baseball/baseball_team/team_stats./baseball/baseball_team_stats/season	/m/0jzw
/m/02mjs7	/film/film/story_by	/m/0ckd1
/m/063y_ky	/people/deceased_person/place_of_death	/m/0g1rw
/m/027cxsm	/people/ethnicity/people	/m/024tcq
/m/026q3s3	/location/country/second_level_divisions	/m/051hrr
/m/0mhfr	/film/film/film_art_direction_by	/m/052nd
/m/0bzkgg	/location/statistical_region/gdp_nominal./measurement_unit/dated_money_value/currency	/m/03_8r
/m/020skc	/film/film/distributors./film/film_film_distributor_relationship/region	/m/0fxgg9
/m/0cqh46	/food/food/nutrients./food/nutrition_fact/nutrient	/m/012s5j
/m/06cqb	/film/film/runtime./film/film_cut/film_release_region	/m/0l1589
/m/01qx13	/base/popstra/location/vacationers./base/popstra/vacation_choice/vacationer	/m/0gx_st
/m/02pqp12	/film/film/other_crew./film/film_crew_gig/film_crew_role	/m/0gkydb
/m/01l1b90	/music/performance_role/regular_performances./music/group_membership/role	/m/0bdx29
/m/02rqwhl	/organization/organization/headquarters./location/mailing_address/state_province_region	/m/06v8s0
/m/03gm48	/time/event/locations	/m/041mt
/m/019rg5	/film/film/distributors./film/film_film_distributor_relationship/region	/m/01wg982
/m/03g90h	/olympics/olympic_games/sports	/m/0m32_
/m/01l9p	/location/statistical_region/gdp_nominal./measurement_unit/dated_money_value/currency	/m/01364q
/m/034np8	/location/us_county/county_seat	/m/0gjv_
/m/04g9gd	/government/politician/government_positions_held./government/government_position_held/basic_title	/m/021b_
/m/02stbw	/location/administrative_division/country	/m/0b76d_m
/m/040fv	/soccer/football_player/current_team./sports/sports_team_roster/team	/m/0k7pf
/m/03lrqw	/sports/sports_team_location/teams	/m/045bs6
/m/01l9p	/user/tsegaran/random/taxonomy_subject/entry./user/tsegaran/random/taxonomy_entry/taxonomy	/m/0l1589
/m/0gp9mp	/sports/sports_position/players./american_football/football_historical_roster_position/position_s	/m/011_vz
/m/01xsbh	/film/actor/film./film/performance/special_performance_type	/m/07_s4b
/m/02rh1dz	/base/americancomedy/celebrity_impressionist/celebrities_impersonated	/m/06w87
/m/05bt6j	/music/artist/track_contributions./music/track_contribution/role	/m/014b4h
/m/0b73_1d	/people/person/places_lived./people/place_lived/location	/m/02mjmr
/m/0z1cr	/education/field_of_study/students_majoring./education/education/major_field_of_study	/m/07p62k
/m/036k0s	/music/artist/origin	/m/0fvly
/m/04n3l	/film/film/film_production_design_by	/m/017j69
/m/01k5t_3	/music/performance_role/regular_performances./music/group_membership/role	/m/07zrf
/m/031zkw	/education/educational_degree/people_with_this_degree./education/education/major_field_of_study	/m/01ycfv
/m/09gffmz	/location/country/capital	/m/07t21
/m/01g5v	/base/marchmadness/ncaa_basketball_tournament/seeds./base/marchmadness/ncaa_tournament_seed/team	/m/03gr7w
/m/085ccd	/government/legislative_session/members./government/government_position_held/legislative_sessions	/m/02fn5r
/m/07xl34	/tv/tv_program/languages	/m/04wgh
/m/0k_q_	/sports/professional_sports_team/draft_picks./sports/sports_league_draft_pick/draft	/m/053tpp
/m/011yph	/sports/sports_position/players./american_football/football_historical_roster_position/position_s	/m/05cvgl
/m/0f3zf_	/sports/sports_league_draft/picks./sports/sports_league_draft_pick/school	/m/02zv4b
/m/07f1x	/tv/tv_program/genre	/m/06v_gh
/m/058x5	/award/award_nominee/award_nominations./award/award_nomination/award	/m/0mkg
/m/0cvw9	/business/business_operation/revenue./measurement_unit/dated_money_value/currency	/m/01q2nx
/m/05z_kps	/user/jg/default_domain/olympic_games/sports	/m/0f4_l
/m/0401sg	/education/university/fraternities_and_sororities	/m/0prfz
/m/01qncf	/medicine/disease/notable_people_with_this_condition	/m/01rnxn
/m/03_gd	/government/legislative_session/members./government/government_position_held/district_represented	/m/09tqkv2
/m/04rrd	/award/award_category/winners./award/award_honor/award_winner	/m/0bv8h2
/m/01crd5	/award/award_category/category_of	/m/01wj92r
/m/01k5t_3	/location/location/contains	/m/0yyg4
/m/04gzd	/base/culturalevent/event/entity_involved	/m/04bbv7
/m/052gzr	/government/politician/government_positions_held./government/government_position_held/legislative_sessions	/m/0jdhp
/m/02b25y	/celebrities/celebrity/sexual_relationships./celebrities/romantic_relationship/celebrity	/m/059t6d
/m/06cvj	/award/award_category/category_of	/m/07ylj
/m/0j_sncb	/film/film/story_by	/m/04_tv
/m/02cyfz	/base/popstra/celebrity/friendship./base/popstra/friendship/participant	/m/07f3xb
/m/01tfck	/base/marchmadness/ncaa_basketball_tournament/seeds./base/marchmadness/ncaa_tournament_seed/team	/m/04fzfj
/m/07y2s	/film/film/written_by	/m/03f2_rc
/m/016ypb	/award/hall_of_fame/inductees./award/hall_of_fame_induction/inductee	/m/03hj3b3
/m/07wrz	/organization/organization_founder/organizations_founded	/m/02pb53
/m/015q1n	/award/award_nominee/award_nominations./award/award_nomination/award_nominee	/m/032t2z
/m/0ddfwj1	/award/award_winning_work/awards_won./award/award_honor/award	/m/012yc
/m/01gvr1	/base/culturalevent/event/entity_involved	/m/04112r
/m/0dvqq	/celebrities/celebrity/sexual_relationships./celebrities/romantic_relationship/celebrity	/m/01s695
/m/0d0vqn	/olympics/olympic_participating_country/medals_won./olympics/olympic_medal_honor/medal	/m/01ddbl
/m/09d5h	/award/ranked_item/appears_in_ranked_lists./award/ranking/list	/m/07z5n
/m/01lb14	/music/performance_role/track_performances./music/track_contribution/role	/m/0dwl2
/m/0yyts	/olympics/olympic_games/sports	/m/0g3zpp
/m/01v8y9	/music/performance_role/regular_performances./music/group_membership/group	/m/08swgx
/m/0x2p	/location/statistical_region/gdp_nominal./measurement_unit/dated_money_value/currency	/m/03qlv7
/m/01cv3n	/award/award_category/nominees./award/award_nomination/nominated_for	/m/0cj2t3
/m/07tgn	/tv/tv_program/languages	/m/02pjc1h
/m/01pvkk	/base/saturdaynightlive/snl_cast_member/seasons./base/saturdaynightlive/snl_season_tenure/cast_members	/m/097ns
/m/02hnl	/sports/pro_athlete/teams./sports/sports_team_roster/team	/m/01qh7
/m/015fr	/film/film/cinematography	/m/03t22m
/m/017dcd	/tv/tv_program/genre	/m/01wsl7c
/m/015q1n	/media_common/netflix_genre/titles	/m/07s6tbm
/m/02vx4	/education/field_of_study/students_majoring./education/education/major_field_of_study	/m/0lfgr
/m/0k4gf	/music/performance_role/regular_performances./music/group_membership/group	/m/06bnz
/m/0lx2l	/award/award_category/winners./award/award_honor/award_winner	/m/01v8y9
/m/059t6d	/olympics/olympic_participating_country/medals_won./olympics/olympic_medal_honor/medal	/m/06h4y9
/m/01_3rn	/location/hud_county_place/place	/m/03h_yy
/m/016tw3	/education/educational_degree/people_with_this_degree./education/education/institution	/m/049dyj
/m/0hcr	/people/cause_of_death/people	/m/03knl
/m/09_94	/people/deceased_person/place_of_death	/m/0sz28
/m/0f_nbyh	/location/country/form_of_government	/m/03r8tl
/m/013x0b	/medicine/disease/notable_people_with_this_condition	/m/06jnvs
/m/07pd_j	/film/film_distributor/films_distributed./film/film_film_distributor_relationship/film	/m/09g7thr
/m/060__y	/music/artist/contribution./music/recording_contribution/performance_role	/m/05zr6wv
/m/0m_mm	/people/person/place_of_birth	/m/0jt3qpk
/m/06wzvr	/olympics/olympic_games/medals_awarded./olympics/olympic_medal_honor/medal	/m/0kv238
/m/01wjrn	/business/job_title/people_with_this_title./business/employment_tenure/company	/m/0x2p
/m/0qm98	/people/person/spouse_s./people/marriage/location_of_ceremony	/m/01pw2f1
/m/02rjv2w	/location/country/capital	/m/07_s4b
/m/0170th	/location/hud_county_place/place	/m/0np9r
/m/08w7vj	/base/aareas/schema/administrative_area/capital	/m/0ch26b_
/m/0qm8b	/organization/non_profit_organization/registered_with./organization/non_profit_registration/registering_agency	/m/0bthb
/m/07wrz	/sports/professional_sports_team/draft_picks./sports/sports_league_draft_pick/school	/m/0jzw
/m/0f0y8	/people/profession/specialization_of	/m/01rr9f
/m/02qlg7s	/time/event/locations	/m/0521rl1
/m/05jg58	/film/film/featured_film_locations	/m/017z88
/m/016kjs	/base/x2010fifaworldcupsouthafrica/world_cup_squad/current_world_cup_squad./base/x2010fifaworldcupsouthafrica/current_world_cup_squad/current_club	/m/07q1v4
/m/0fy34l	/olympics/olympic_participating_country/medals_won./olympics/olympic_medal_honor/olympics	/m/02f79n
/m/0mdqp	/olympics/olympic_games/sports	/m/01ycfv
/m/05zm34	/organization/organization/headquarters./location/mailing_address/citytown	/m/07nznf
/m/07ww5	/location/hud_county_place/county	/m/01ckbq
/m/0wp9b	/music/instrument/instrumentalists	/m/03jm6c
/m/02vwckw	/award/award_winning_work/awards_won./award/award_honor/honored_for	/m/02l5rm
/m/0r540	/award/award_nominee/award_nominations./award/award_nomination/award	/m/09fqtq
/m/0gr4k	/music/performance_role/track_performances./music/track_contribution/role	/m/02j62
/m/0509bl	/base/popstra/location/vacationers./base/popstra/vacation_choice/vacationer	/m/0266shh
/m/0kq2g	/education/university/domestic_tuition./measurement_unit/dated_money_value/currency	/m/02rxbmt
/m/01sl1q	/film/film/featured_film_locations	/m/0fvvz
/m/0275_pj	/music/artist/contribution./music/recording_contribution/performance_role	/m/02x8n1n
/m/06t2t	/organization/role/leaders./organization/leadership/organization	/m/05pdbs
/m/05183k	/film/film/film_format	/m/0lcx
/m/0436f4	/people/profession/specialization_of	/m/015f47
/m/02_fm2	/base/popstra/location/vacationers./base/popstra/vacation_choice/vacationer	/m/025n3p
/m/0162v	/film/film/release_date_s./film/film_regional_release_date/film_release_region	/m/0283_zv
/m/07swvb	/olympics/olympic_games/medals_awarded./olympics/olympic_medal_honor/medal	/m/02_j7t
/m/0bby9p5	/music/artist/origin	/m/01r3hr
/m/04tc1g	/tv/tv_personality/tv_regular_appearances./tv/tv_regular_personal_appearance/program	/m/0d7hg4
/m/05q96q6	/film/director/film	/m/01qkqwg
/m/01ycfv	/film/film/runtime./film/film_cut/film_release_region	/m/06vkl
/m/02zv4b	/base/biblioness/bibs_location/country	/m/01l849
/m/0b_7k	/education/educational_institution/school_type	/m/03qjg
/m/02jx1	/government/politician/government_positions_held./government/government_position_held/legislative_sessions	/m/04vt98
/m/02t_tp	/people/ethnicity/geographic_distribution	/m/01k7xz
/m/0g5qs2k	/influence/influence_node/peers./influence/peer_relationship/peers	/m/02q52q
/m/01yk13	/location/location/contains	/m/02g87m
/m/020y73	/base/aareas/schema/administrative_area/administrative_parent	/m/0dgd_
/m/015pxr	/government/politician/government_positions_held./government/government_position_held/legislative_sessions	/m/027rwmr
/m/07ww5	/tv/tv_program/regular_cast./tv/regular_tv_appearance/actor	/m/0p76z
/m/01crd5	/film/film/costume_design_by	/m/09pl3s
/m/01xvb	/base/aareas/schema/administrative_area/administrative_parent	/m/02lz1s
/m/081nh	/education/educational_institution/colors	/m/09g7thr
/m/02bfmn	/location/administrative_division/country	/m/0pqc5
/m/054ks3	/film/film/executive_produced_by	/m/01ckbq
/m/04qw17	/base/popstra/celebrity/canoodled./base/popstra/canoodled/participant	/m/01ls2
/m/0kr5_	/location/country/form_of_government	/m/0rtv
/m/047sgz4	/music/group_member/membership./music/group_membership/group	/m/02rghbp
/m/0chgzm	/tv/tv_program/regular_cast./tv/regular_tv_appearance/actor	/m/02kdv5l
/m/05sxzwc	/people/person/gender	/m/02rqwhl
/m/0lk8j	/film/film_subject/films	/m/02vxq9m
/m/02p65p	/tv/tv_network/programs./tv/tv_network_duration/program	/m/07ss8_
/m/05pd94v	/film/film/film_art_direction_by	/m/03j43
/m/03q0r1	/tv/tv_program/genre	/m/01y3v
/m/0c5dd	/people/person/languages	/m/014kq6
/m/02lcqs	/sports/sports_team/roster./american_football/football_historical_roster_position/position_s	/m/06f32
/m/0h1mt	/tv/tv_program/genre	/m/06c62
/m/04sylm	/film/film/release_date_s./film/film_regional_release_date/film_regional_debut_venue	/m/01bns_
/m/05r79	/people/person/spouse_s./people/marriage/spouse	/m/0b_77q
/m/02hxhz	/base/aareas/schema/administrative_area/administrative_parent	/m/032ft5
/m/0f40w	/location/statistical_region/religions./location/religion_percentage/religion	/m/02ck1
/m/03qmx_f	/location/statistical_region/rent50_2./measurement_unit/dated_money_value/currency	/m/030_1m
/m/09c7w0	/tv/tv_program/languages	/m/01w61th
/m/0lgsq	/influence/influence_node/peers./influence/peer_relationship/peers	/m/0by1wkq
/m/01t_xp_	/tv/tv_producer/programs_produced./tv/tv_producer_term/program	/m/059rby
/m/013v5j	/film/film/other_crew./film/film_crew_gig/film_crew_role	/m/03_9r
/m/04zl8	/government/governmental_body/members./government/government_position_held/legislative_sessions	/m/01k1k4
/m/016r9z	/award/award_nominated_work/award_nominations./award/award_nomination/nominated_for	/m/0dj0m5
/m/03xmy1	/tv/tv_program/languages	/m/04twmk
/m/05cgv	/film/film/featured_film_locations	/m/03h_yfh
/m/0c8wxp	/education/educational_institution/students_graduates./education/education/major_field_of_study	/m/0gztl
/m/0164qt	/language/human_language/countries_spoken_in	/m/0b_fw
/m/022_lg	/award/award_nominee/award_nominations./award/award_nomination/award_nominee	/m/0j862
/m/0m491	/sports/professional_sports_team/draft_picks./sports/sports_league_draft_pick/school	/m/0d90m
/m/0byfz	/education/educational_institution_campus/educational_institution	/m/02sdk9v
/m/06h4y9	/base/popstra/celebrity/canoodled./base/popstra/canoodled/participant	/m/0ch26b_
/m/0340hj	/base/aareas/schema/administrative_area/administrative_area_type	/m/03h_yfh
/m/097h2	/location/location/adjoin_s./location/adjoining_relationship/adjoins	/m/01l8t8
/m/01f7kl	/time/event/locations	/m/01r9fv
/m/03sxd2	/military/military_conflict/combatants./military/military_combatant_group/combatants	/m/010hn
/m/053rxgm	/base/popstra/celebrity/dated./base/popstra/dated/participant	/m/03f5spx
/m/09pmkv	/film/film/distributors./film/film_film_distributor_relationship/region	/m/065b6q
/m/0krdk	/base/x2010fifaworldcupsouthafrica/world_cup_squad/current_world_cup_squad./base/x2010fifaworldcupsouthafrica/current_world_cup_squad/current_club	/m/03bwzr4
/m/03lmx1	/education/educational_institution/students_graduates./education/education/student	/m/0x2p
/m/0q_xk	/people/person/spouse_s./people/marriage/location_of_ceremony	/m/042l3v
/m/014x77	/people/person/places_lived./people/place_lived/location	/m/02nhxf
/m/01s7zw	/tv/tv_network/programs./tv/tv_network_duration/program	/m/03x3wf
/m/01vx2h	/people/ethnicity/geographic_distribution	/m/027rwmr
/m/026qnh6	/film/film/runtime./film/film_cut/film_release_region	/m/086qd
/m/06n6p	/location/us_county/county_seat	/m/0h5k
/m/0k6nt	/tv/tv_network/programs./tv/tv_network_duration/program	/m/027986c
/m/0n08r	/people/person/places_lived./people/place_lived/location	/m/03xnwz
/m/01d5z	/tv/tv_program/languages	/m/0gvbw
/m/01yc02	/film/film/distributors./film/film_film_distributor_relationship/film_distribution_medium	/m/03hjv97
/m/03qnc6q	/organization/non_profit_organization/registered_with./organization/non_profit_registration/registering_agency	/m/08m4c8
/m/01lmj3q	/language/human_language/countries_spoken_in	/m/03ydlnj
/m/02778pf	/people/person/religion	/m/07jjt
/m/02hn5v	/olympics/olympic_games/medals_awarded./olympics/olympic_medal_honor/medal	/m/0l6mp
/m/01trf3	/olympics/olympic_games/sports	/m/09nyf
/m/072twv	/organization/organization_founder/organizations_founded	/m/0520r2x
/m/02rv_dz	/olympics/olympic_sport/athletes./olympics/olympic_athlete_affiliation/olympics	/m/01v90t
/m/0frf6	/location/country/second_level_divisions	/m/03_vx9
/m/0288fyj	/people/person/gender	/m/0fvzg
/m/011k11	/language/human_language/countries_spoken_in	/m/054krc
/m/0fp_v1x	/award/award_category/winners./award/award_honor/award_winner	/m/0b6tzs
/m/03lpp_	/organization/organization/place_founded	/m/04wtx1
/m/0f04c	/film/film/edited_by	/m/088xp
/m/01lhy	/influence/influence_node/peers./influence/peer_relationship/peers	/m/0fd3y
/m/0c41y70	/location/statistical_region/rent50_2./measurement_unit/dated_money_value/currency	/m/01n8gr
/m/05sb1	/film/film_distributor/films_distributed./film/film_film_distributor_relationship/film	/m/07kh6f3
/m/09qvms	/organization/organization_member/member_of./organization/organization_membership/organization	/m/062zm5h
/m/01lp8	/film/film/film_production_design_by	/m/0b_6qj
/m/0ds35l9	/government/legislative_session/members./government/government_position_held/legislative_sessions	/m/0g56t9t
/m/02hft3	/food/food/nutrients./food/nutrition_fact/nutrient	/m/0963mq
/m/024y8p	/education/educational_institution/students_graduates./education/education/major_field_of_study	/m/01rtm4
/m/02pxmgz	/government/political_party/politicians_in_this_party./government/political_party_tenure/politician	/m/06by7
/m/03_d0	/film/film/other_crew./film/film_crew_gig/film_crew_role	/m/0mhfr
/m/030_1m	/music/performance_role/regular_performances./music/group_membership/group	/m/03t97y
/m/08m4c8	/location/country/capital	/m/06pwq
/m/01jtp7	/influence/influence_node/influenced_by	/m/03c7tr1
/m/0k2sk	/tv/tv_producer/programs_produced./tv/tv_producer_term/program	/m/015rhv
/m/02x4w6g	/film/film/produced_by	/m/0dyb1
/m/07f3xb	/organization/organization_member/member_of./organization/organization_membership/organization	/m/0g5lhl7
/m/03s6l2	/award/award_winning_work/awards_won./award/award_honor/award_winner	/m/03fvqg
/m/04x_3	/tv/tv_program/tv_producer./tv/tv_producer_term/producer_type	/m/03kwtb
/m/02822	/business/business_operation/industry	/m/04cppj
/m/0fvxz	/film/film/personal_appearances./film/personal_film_appearance/person	/m/0162c8
/m/0n2bh	/celebrities/celebrity/celebrity_friends./celebrities/friendship/friend	/m/03q95r
/m/040vk98	/award/award_category/winners./award/award_honor/ceremony	/m/03f2_rc
/m/0184dt	/olympics/olympic_games/sports	/m/07ng9k
/m/01f7j9	/film/film/release_date_s./film/film_regional_release_date/film_release_distribution_medium	/m/0phx4
/m/02pb2bp	/base/aareas/schema/administrative_area/administrative_area_type	/m/017cy9
/m/01x15dc	/film/film/executive_produced_by	/m/02b25y
/m/01j5x6	/film/film/edited_by	/m/0j862
/m/01l8t8	/award/ranked_item/appears_in_ranked_lists./award/ranking/list	/m/01sxq9
/m/0clz1b	/education/educational_degree/people_with_this_degree./education/education/student	/m/0x2p
/m/02x17s4	/award/award_category/winners./award/award_honor/award_winner	/m/0226cw
/m/023wyl	/base/popstra/celebrity/breakup./base/popstra/breakup/participant	/m/0785v8
/m/0kpys	/location/statistical_region/rent50_2./measurement_unit/dated_money_value/currency	/m/0fm2_
/m/0dgpwnk	/people/profession/specialization_of	/m/05kj_
/m/021_0p	/base/locations/continents/countries_within	/m/011zf2
/m/01gst_	/base/schemastaging/person_extra/net_worth./measurement_unit/dated_money_value/currency	/m/017j69
/m/01n5sn	/soccer/football_team/current_roster./sports/sports_team_roster/position	/m/0c5dd
/m/0ggq0m	/music/performance_role/regular_performances./music/group_membership/role	/m/03_gx
/m/01my4f	/people/person/sibling_s./people/sibling_relationship/sibling	/m/02vkdwz
/m/08lr6s	/olympics/olympic_sport/athletes./olympics/olympic_athlete_affiliation/country	/m/05f4p
/m/081nh	/education/field_of_study/students_majoring./education/education/student	/m/0d_q40
/m/03mr85	/base/schemastaging/organization_extra/phone_number./base/schemastaging/phone_sandbox/service_location	/m/01n5sn
/m/03l7rh	/user/ktrueman/default_domain/international_organization/member_states	/m/03f2_rc
/m/0jqd3	/education/educational_institution/campuses	/m/0f2r6
/m/015qsq	/location/hud_foreclosure_area/estimated_number_of_mortgages./measurement_unit/dated_integer/source	/m/0770cd
/m/0c1pj	/film/film/film_festivals	/m/04jbyg
/m/07qg8v	/award/award_winning_work/awards_won./award/award_honor/award	/m/040fb
/m/018h2	/base/saturdaynightlive/snl_cast_member/seasons./base/saturdaynightlive/snl_season_tenure/cast_members	/m/09q5w2
/m/0jt3qpk	/location/statistical_region/gdp_nominal./measurement_unit/dated_money_value/currency	/m/02r22gf
/m/01lfvj	/award/hall_of_fame/inductees./award/hall_of_fame_induction/inductee	/m/02qjv
/m/05kj_	/people/profession/specialization_of	/m/01vn35l
/m/0cw3yd	/tv/tv_producer/programs_produced./tv/tv_producer_term/producer_type	/m/02w9895
/m/02g1jh	/base/biblioness/bibs_location/state	/m/031zkw
/m/0ds11z	/education/educational_degree/people_with_this_degree./education/education/student	/m/08k881
/m/0408np	/olympics/olympic_participating_country/medals_won./olympics/olympic_medal_honor/olympics	/m/013v5j
/m/02zmh5	/user/tsegaran/random/taxonomy_subject/entry./user/tsegaran/random/taxonomy_entry/taxonomy	/m/044mm6
/m/01yhvv	/film/film/other_crew./film/film_crew_gig/film_crew_role	/m/02rghbp
/m/028tv0	/food/food/nutrients./food/nutrition_fact/nutrient	/m/07sbbz2
/m/01cv3n	/music/record_label/artist	/m/0m3gy
/m/05zppz	/olympics/olympic_participating_country/athletes./olympics/olympic_athlete_affiliation/olympics	/m/01g63y
/m/02q56mk	/film/film/music	/m/036gdw
/m/02gys2	/education/university/fraternities_and_sororities	/m/08yx9q
/m/059t6d	/education/university/local_tuition./measurement_unit/dated_money_value/currency	/m/02sjf5
/m/0gcf2r	/travel/travel_destination/climate./travel/travel_destination_monthly_climate/month	/m/03t22m
/m/0fq8f	/film/film/executive_produced_by	/m/06ztvyx
/m/0f2r6	/music/genre/artists	/m/01ls2
/m/02n4kr	/base/schemastaging/person_extra/net_worth./measurement_unit/dated_money_value/currency	/m/01yh3y
/m/02vx4	/government/politician/government_positions_held./government/government_position_held/basic_title	/m/03c6sl9
/m/0jm2v	/medicine/disease/notable_people_with_this_condition	/m/023tp8
/m/0dtfn	/base/saturdaynightlive/snl_cast_member/seasons./base/saturdaynightlive/snl_season_tenure/cast_members	/m/031zkw
/m/079vf	/location/country/form_of_government	/m/03t0k1
/m/01xcfy	/people/marriage_union_type/unions_of_this_type./people/marriage/location_of_ceremony	/m/0fqpc7d
/m/0hkq4	/sports/sports_team/roster./american_football/football_historical_roster_position/position_s	/m/078lk
/m/0x2p	/people/ethnicity/languages_spoken	/m/01y0s9
/m/0gkkf	/film/film/other_crew./film/film_crew_gig/film_crew_role	/m/0dy68h
/m/02lgj6	/people/marriage_union_type/unions_of_this_type./people/marriage/location_of_ceremony	/m/01h7bb
/m/01xr2s	/people/person/places_lived./people/place_lived/location	/m/06x76
/m/04twmk	/tv/tv_program/tv_producer./tv/tv_producer_term/producer_type	/m/0bj9k
/m/09qvc0	/people/person/spouse_s./people/marriage/spouse	/m/0bmpm
/m/059x66	/base/aareas/schema/administrative_area/administrative_parent	/m/018wdw
/m/01jv1z	/base/saturdaynightlive/snl_cast_member/seasons./base/saturdaynightlive/snl_season_tenure/cast_members	/m/07lnk
/m/04kj2v	/olympics/olympic_sport/athletes./olympics/olympic_athlete_affiliation/olympics	/m/0343h
/m/0cc7hmk	/music/genre/parent_genre	/m/01qhm_
/m/04sx9_	/film/film/other_crew./film/film_crew_gig/crewmember	/m/04n1hqz
/m/01d_h8	/award/hall_of_fame/inductees./award/hall_of_fame_induction/inductee	/m/03k50
/m/0170s4	/base/popstra/celebrity/friendship./base/popstra/friendship/participant	/m/060j8b
/m/013b2h	/film/film/written_by	/m/02wt0
/m/02y_3rf	/award/award_ceremony/awards_presented./award/award_honor/award_winner	/m/01pcq3
/m/0wh3	/education/educational_degree/people_with_this_degree./education/education/major_field_of_study	/m/02mxw0
/m/0grwj	/location/capital_of_administrative_division/capital_of./location/administrative_division_capital_relationship/administrative_division	/m/02r1c18
/m/01541z	/location/country/form_of_government	/m/02qjv
/m/0g3bw	/base/popstra/celebrity/canoodled./base/popstra/canoodled/participant	/m/0ggbhy7
/m/0dwvl	/film/film/other_crew./film/film_crew_gig/crewmember	/m/090gpr
/m/01yk13	/award/award_category/category_of	/m/0w0d
/m/09tqxt	/film/film/prequel	/m/062z7
/m/028qdb	/education/university/local_tuition./measurement_unit/dated_money_value/currency	/m/06pwf6
/m/02s2ft	/government/political_party/politicians_in_this_party./government/political_party_tenure/politician	/m/07w4j
/m/084w8	/base/culturalevent/event/entity_involved	/m/04rjg
/m/0161sp	/people/person/profession	/m/0124k9
/m/04zl8	/base/popstra/location/vacationers./base/popstra/vacation_choice/vacationer	/m/06f32
/m/09vw2b7	/organization/organization/headquarters./location/mailing_address/state_province_region	/m/011yd2
/m/08mbj5d	/location/hud_foreclosure_area/estimated_number_of_mortgages./measurement_unit/dated_integer/source	/m/02vr7
/m/060j8b	/base/popstra/location/vacationers./base/popstra/vacation_choice/vacationer	/m/017149
/m/02hxc3j	/location/statistical_region/religions./location/religion_percentage/religion	/m/01c59k
/m/0ddd9	/base/biblioness/bibs_location/country	/m/02r1tx7
/m/02f6g5	/people/person/religion	/m/0gd0c7x
/m/09ftwr	/people/person/spouse_s./people/marriage/type_of_union	/m/01w8sf
/m/0340hj	/location/statistical_region/religions./location/religion_percentage/religion	/m/0kbws
/m/0gkg6	/soccer/football_player/current_team./sports/sports_team_roster/team	/m/025n07
/m/01vsnff	/people/person/spouse_s./people/marriage/location_of_ceremony	/m/0bymv
/m/015qsq	/sports/sports_team/roster./basketball/basketball_roster_position/position	/m/01jnf1
/m/025m8l	/music/genre/artists	/m/0150jk
/m/0f0p0	/olympics/olympic_participating_country/medals_won./olympics/olympic_medal_honor/medal	/m/0dm5l
/m/036c_0	/film/film/release_date_s./film/film_regional_release_date/film_release_region	/m/02k_4g
/m/0_ytw	/travel/travel_destination/climate./travel/travel_destination_monthly_climate/month	/m/03m6t5
/m/0h0wc	/people/ethnicity/geographic_distribution	/m/0cz8mkh
/m/01cv3n	/education/educational_degree/people_with_this_degree./education/education/major_field_of_study	/m/0c00zd0
/m/04bdxl	/people/person/sibling_s./people/sibling_relationship/sibling	/m/0fm9_
/m/03r1pr	/sports/professional_sports_team/draft_picks./sports/sports_league_draft_pick/school	/m/026mfs
/m/04cf09	/baseball/baseball_team/team_stats./baseball/baseball_team_stats/season	/m/03m6t5
/m/07hpv3	/base/locations/continents/countries_within	/m/0bcndz
/m/0tyql	/film/film/distributors./film/film_film_distributor_relationship/region	/m/02896
/m/01vsnff	/award/award_nominated_work/award_nominations./award/award_nomination/nominated_for	/m/05zr0xl
/m/018ygt	/award/award_ceremony/awards_presented./award/award_honor/honored_for	/m/0207wx
/m/02qvyrt	/media_common/netflix_genre/titles	/m/0c1pj
/m/071ywj	/music/group_member/membership./music/group_membership/group	/m/04mzf8
/m/04mjl	/olympics/olympic_sport/athletes./olympics/olympic_athlete_affiliation/olympics	/m/025352
/m/0fgpvf	/people/ethnicity/languages_spoken	/m/017d77
/m/06w6_	/sports/sports_league/teams./sports/sports_league_participation/team	/m/086k8
/m/03v_5	/organization/organization_member/member_of./organization/organization_membership/organization	/m/0bg539
/m/06nbt	/film/film/film_production_design_by	/m/01br2w
/m/07hhnl	/sports/sports_league_draft/picks./sports/sports_league_draft_pick/school	/m/02zs4
/m/047dpm0	/film/film/personal_appearances./film/personal_film_appearance/person	/m/0gtv7pk
/m/0bzk8w	/people/marriage_union_type/unions_of_this_type./people/marriage/location_of_ceremony	/m/044mm6
/m/0jyx6	/sports/sports_team/roster./baseball/baseball_roster_position/position	/m/0bymv
/m/03lpp_	/tv/tv_program/regular_cast./tv/regular_tv_appearance/actor	/m/04zd4m
/m/032_wv	/olympics/olympic_participating_country/medals_won./olympics/olympic_medal_honor/medal	/m/021bk
/m/05b4w	/award/award_ceremony/awards_presented./award/award_honor/honored_for	/m/01vhb0
/m/0k6nt	/business/business_operation/revenue./measurement_unit/dated_money_value/currency	/m/0c5dd
/m/0285c	/location/location/adjoin_s./location/adjoining_relationship/adjoins	/m/0n1h
/m/0156q	/olympics/olympic_games/participating_countries	/m/0fbtbt
/m/04n3l	/base/schemastaging/organization_extra/phone_number./base/schemastaging/phone_sandbox/contact_category	/m/0ptk_
/m/01g6gs	/food/food/nutrients./food/nutrition_fact/nutrient	/m/0b1xl
/m/0_7w6	/olympics/olympic_sport/athletes./olympics/olympic_athlete_affiliation/country	/m/09p35z
/m/05k79	/base/americancomedy/celebrity_impressionist/celebrities_impersonated	/m/06dl_
/m/04ztj	/music/genre/parent_genre	/m/01lxd4
/m/0yfp	/location/hud_county_place/county	/m/01v42g
/m/06cvj	/education/educational_degree/people_with_this_degree./education/education/major_field_of_study	/m/0btpm6
/m/023s8	/organization/endowed_organization/endowment./measurement_unit/dated_money_value/currency	/m/0b_c7
/m/06c97	/location/administrative_division/country	/m/07jjt
/m/082fr	/organization/organization/headquarters./location/mailing_address/country	/m/08mbj5d
/m/011yn5	/people/ethnicity/people	/m/020lpx
/m/01ky2h	/music/performance_role/guest_performances./music/recording_contribution/performance_role	/m/07hnp
/m/089fss	/award/ranked_item/appears_in_ranked_lists./award/ranking/list	/m/0411q
/m/0bby9p5	/soccer/football_player/current_team./sports/sports_team_roster/team	/m/04t6fk
/m/01vsxdm	/sports/sports_team/roster./american_football/football_historical_roster_position/position_s	/m/0157m
/m/03pm9	/celebrities/celebrity/celebrity_friends./celebrities/friendship/friend	/m/011yth
/m/02js6_	/base/popstra/location/vacationers./base/popstra/vacation_choice/vacationer	/m/0gj8t_b
/m/03y_f8	/people/person/profession	/m/072x7s
/m/0fb0v	/music/group_member/membership./music/group_membership/role	/m/05g8pg
/m/01j5x6	/location/statistical_region/religions./location/religion_percentage/religion	/m/0bmfnjs
/m/0c6qh	/award/award_nominated_work/award_nominations./award/award_nomination/nominated_for	/m/0gvrws1
/m/04112r	/sports/professional_sports_team/draft_picks./sports/sports_league_draft_pick/school	/m/045zr
/m/03h3x5	/award/award_category/category_of	/m/021b_
/m/017r2	/language/human_language/countries_spoken_in	/m/02dtg
/m/044mm6	/organization/role/leaders./organization/leadership/organization	/m/081mh
/m/0bh8tgs	/user/tsegaran/random/taxonomy_subject/entry./user/tsegaran/random/taxonomy_entry/taxonomy	/m/07r78j
/m/03z5xd	/people/ethnicity/geographic_distribution	/m/02h4rq6
/m/071ywj	/film/film/featured_film_locations	/m/09q_6t
/m/0162v	/award/award_nominated_work/award_nominations./award/award_nomination/nominated_for	/m/02v8kmz
/m/03_3d	/base/schemastaging/organization_extra/phone_number./base/schemastaging/phone_sandbox/service_language	/m/0bbgly
/m/03g3w	/american_football/football_team/current_roster./sports/sports_team_roster/position	/m/07l450
/m/0flw86	/music/performance_role/regular_performances./music/group_membership/role	/m/02v4vl
/m/01hydr	/sports/sports_league/teams./sports/sports_league_participation/team	/m/0h53p1
/m/03k50	/film/film/written_by	/m/0gpjbt
/m/0crh5_f	/film/film/release_date_s./film/film_regional_release_date/film_release_distribution_medium	/m/06gmr
/m/01jqr_5	/music/performance_role/guest_performances./music/recording_contribution/performance_role	/m/0ch6mp2
/m/0194zl	/music/performance_role/track_performances./music/track_contribution/role	/m/015x74
/m/067jsf	/medicine/disease/notable_people_with_this_condition	/m/0gz5hs
/m/02r_d4	/time/event/locations	/m/06myp
/m/07qg8v	/location/statistical_region/rent50_2./measurement_unit/dated_money_value/currency	/m/0g701n
/m/07hbxm	/government/legislative_session/members./government/government_position_held/legislative_sessions	/m/01pw2f1
/m/01hmnh	/government/politician/government_positions_held./government/government_position_held/legislative_sessions	/m/06k02
/m/0c41y70	/government/government_office_category/officeholders./government/government_position_held/jurisdiction_of_office	/m/01qn7n
/m/01wdl3	/award/award_nominee/award_nominations./award/award_nomination/award	/m/014q2g
/m/043djx	/music/genre/artists	/m/01qncf
/m/0191_7	/location/location/time_zones	/m/01ty7ll
/m/0bv8h2	/film/film/estimated_budget./measurement_unit/dated_money_value/currency	/m/02rjv2w
/m/06yxd	/tv/tv_producer/programs_produced./tv/tv_producer_term/program	/m/02n4kr
/m/01vvpjj	/military/military_combatant/military_conflicts./military/military_combatant_group/combatants	/m/02qflgv
/m/083jv	/people/person/spouse_s./people/marriage/type_of_union	/m/02x4sn8
/m/0ldqf	/government/politician/government_positions_held./government/government_position_held/basic_title	/m/0hhggmy
/m/03hjv97	/food/food/nutrients./food/nutrition_fact/nutrient	/m/095w_
/m/01g4zr	/music/group_member/membership./music/group_membership/role	/m/02rb607
/m/09889g	/film/film/music	/m/090s_0
/m/0lp_cd3	/medicine/disease/notable_people_with_this_condition	/m/0325pb
/m/01n8gr	/tv/tv_program/regular_cast./tv/regular_tv_appearance/actor	/m/015f47
/m/02fqwt	/sports/professional_sports_team/draft_picks./sports/sports_league_draft_pick/draft	/m/05typm
/m/04gknr	/tv/tv_program/country_of_origin	/m/0cpllql
/m/015zyd	/tv/tv_writer/tv_programs./tv/tv_program_writer_relationship/tv_program	/m/0j43swk
/m/083jv	/music/instrument/instrumentalists	/m/04l8xw
/m/0g7k2g	/business/job_title/people_with_this_title./business/employment_tenure/company	/m/01k7d9
/m/02p_7cr	/sports/sports_team/roster./baseball/baseball_roster_position/position	/m/03h_yy
/m/01tvz5j	/film/special_film_performance_type/film_performance_type./film/performance/film	/m/01vsxdm
/m/06x4l_	/film/actor/film./film/performance/film	/m/03cd0x
/m/04bdxl	/tv/tv_program/tv_producer./tv/tv_producer_term/producer_type	/m/020w2
/m/01xy5l_	/olympics/olympic_games/participating_countries	/m/03tmr
/m/04cppj	/people/person/religion	/m/019g40
/m/016khd	/people/person/places_lived./people/place_lived/location	/m/0kpys
/m/04969y	/olympics/olympic_games/sports	/m/07yk1xz
/m/03q1vd	/education/university/domestic_tuition./measurement_unit/dated_money_value/currency	/m/01ky2h
/m/01vksx	/food/food/nutrients./food/nutrition_fact/nutrient	/m/05rgl
/m/0k6nt	/broadcast/content/artist	/m/017gm7
/m/0209xj	/music/group_member/membership./music/group_membership/role	/m/06pwq
/m/0160w	/base/biblioness/bibs_location/state	/m/047q2k1
/m/083shs	/education/educational_institution/students_graduates./education/education/major_field_of_study	/m/0ddfwj1
/m/027rn	/education/educational_institution/students_graduates./education/education/student	/m/03h_9lg
/m/03t0k1	/medicine/disease/notable_people_with_this_condition	/m/01ck6h
/m/011yph	/base/aareas/schema/administrative_area/administrative_parent	/m/01b195
/m/0f25w9	/people/person/spouse_s./people/marriage/location_of_ceremony	/m/02_fj
/m/036hv	/olympics/olympic_games/sports	/m/01yb09
/m/02_hj4	/tv/tv_program/languages	/m/0169dl
/m/01rr9f	/soccer/football_team/current_roster./sports/sports_team_roster/position	/m/026gyn_
/m/0197tq	/people/person/employment_history./business/employment_tenure/company	/m/02t_tp
/m/05pcjw	/award/award_nominee/award_nominations./award/award_nomination/award	/m/01ly5m
/m/0dq6p	/film/film_set_designer/film_sets_designed	/m/035s95
/m/021vwt	/award/award_nominee/award_nominations./award/award_nomination/award	/m/0pmq2
/m/01xbgx	/tv/tv_program/tv_producer./tv/tv_producer_term/producer_type	/m/02vklm3
/m/035qy	/people/person/profession	/m/0xhtw
/m/0r1jr	/military/military_conflict/combatants./military/military_combatant_group/combatants	/m/01j_cy
/m/02rghbp	/people/profession/specialization_of	/m/0vgkd
/m/01vhb0	/education/educational_institution/students_graduates./education/education/major_field_of_study	/m/018f8
/m/06688p	/film/film/production_companies	/m/062z7
/m/07y9k	/government/legislative_session/members./government/government_position_held/legislative_sessions	/m/017zq0
/m/0kzy0	/sports/sports_team/sport	/m/05j82v
/m/01q99h	/location/statistical_region/religions./location/religion_percentage/religion	/m/01l7cxq
/m/0p9sw	/location/statistical_region/gdp_nominal_per_capita./measurement_unit/dated_money_value/currency	/m/084w8
/m/0f0kz	/film/film/release_date_s./film/film_regional_release_date/film_regional_debut_venue	/m/07s4l
/m/09cm54	/sports/sports_team/roster./baseball/baseball_roster_position/position	/m/0mgkg
/m/04t53l	/sports/sports_league_draft/picks./sports/sports_league_draft_pick/school	/m/0fbq2n
/m/02rghbp	/music/genre/artists	/m/02g87m
/m/0356lc	/medicine/disease/notable_people_with_this_condition	/m/0g3zpp
/m/0bmssv	/base/saturdaynightlive/snl_cast_member/seasons./base/saturdaynightlive/snl_season_tenure/cast_members	/m/0161sp
/m/027cxsm	/film/film/production_companies	/m/07sbbz2
/m/05gp3x	/base/popstra/celebrity/breakup./base/popstra/breakup/participant	/m/0pz7h
/m/01ptt7	/base/biblioness/bibs_location/state	/m/065b6q
/m/052nd	/government/legislative_session/members./government/government_position_held/district_represented	/m/01sn04
/m/033tf_	/sports/sports_team/roster./basketball/basketball_roster_position/position	/m/0fvr1
/m/01jc6q	/film/director/film	/m/053y0s
/m/033smt	/sports/sports_team/roster./american_football/football_roster_position/position	/m/039v1
/m/02rjjll	/sports/pro_athlete/teams./sports/sports_team_roster/team	/m/05b4l5x
/m/061681	/tv/tv_producer/programs_produced./tv/tv_producer_term/producer_type	/m/07t21
/m/05zkcn5	/base/aareas/schema/administrative_area/administrative_parent	/m/01771z
/m/0872p_c	/film/film/prequel	/m/0gfsq9
/m/061681	/award/hall_of_fame/inductees./award/hall_of_fame_induction/inductee	/m/07g_0c
/m/06x76	/film/film/distributors./film/film_film_distributor_relationship/film_distribution_medium	/m/05zjtn4
/m/0187y5	/award/award_nominated_work/award_nominations./award/award_nomination/nominated_for	/m/03lmx1
/m/02qyp19	/base/americancomedy/celebrity_impressionist/celebrities_impersonated	/m/0bs0bh
/m/02jx1	/tv/tv_program/tv_producer./tv/tv_producer_term/producer_type	/m/0ctt4z
/m/01_vfy	/user/alexander/philosophy/philosopher/interests	/m/033tf_
/m/01pl14	/education/educational_institution/students_graduates./education/education/student	/m/026lj
/m/04306rv	/sports/sports_position/players./sports/sports_team_roster/team	/m/0306ds
/m/01b1mj	/base/marchmadness/ncaa_basketball_tournament/seeds./base/marchmadness/ncaa_tournament_seed/team	/m/0rh6k
/m/05_61y	/education/educational_institution/students_graduates./education/education/student	/m/01fkv0
/m/0277470	/people/person/sibling_s./people/sibling_relationship/sibling	/m/031n8c
/m/0520r2x	/tv/tv_producer/programs_produced./tv/tv_producer_term/producer_type	/m/0h_cssd
/m/02pzz3p	/tv/tv_producer/programs_produced./tv/tv_producer_term/program	/m/0d_q40
/m/0661ql3	/award/award_nominee/award_nominations./award/award_nomination/award_nominee	/m/0mb0
/m/018y2s	/music/instrument/instrumentalists	/m/0gt_k
/m/081mh	/award/award_category/winners./award/award_honor/award_winner	/m/027pdrh
/m/09889g	/award/award_category/nominees./award/award_nomination/nominated_for	/m/0kyk
/m/03k9fj	/people/person/languages	/m/017s11
/m/0bh8tgs	/sports/sports_team/roster./american_football/football_historical_roster_position/position_s	/m/020fcn
/m/0x2p	/film/film/story_by	/m/0bzkgg
/m/07vht	/music/performance_role/regular_performances./music/group_membership/role	/m/04ddm4
/m/01fh9	/award/award_category/category_of	/m/0dwl2
/m/07y2s	/government/legislative_session/members./government/government_position_held/legislative_sessions	/m/045bs6
/m/02qpbqj	/government/politician/government_positions_held./government/government_position_held/legislative_sessions	/m/01rz1
/m/05tbn	/film/film_subject/films	/m/030znt
/m/0hfzr	/film/film/release_date_s./film/film_regional_release_date/film_regional_debut_venue	/m/01qn7n
/m/0gr0m	/location/country/second_level_divisions	/m/0340hj
/m/0l6ny	/sports/sports_league/teams./sports/sports_league_participation/team	/m/01vyp_
/m/0dhdp	/location/country/form_of_government	/m/04rrd
/m/04t36	/base/aareas/schema/administrative_area/administrative_area_type	/m/0gqwc
/m/04399	/film/film/featured_film_locations	/m/01ycbq
/m/01gc7	/people/person/places_lived./people/place_lived/location	/m/01364q
/m/02sp_v	/sports/sports_position/players./american_football/football_historical_roster_position/position_s	/m/01jcxwp
/m/04mz10g	/film/film/written_by	/m/0d90m
/m/01swxv	/location/country/form_of_government	/m/0hmr4
/m/0m_mm	/people/person/spouse_s./people/marriage/location_of_ceremony	/m/045bs6
/m/0f_nbyh	/education/educational_institution/students_graduates./education/education/student	/m/0kzy0
/m/02822	/sports/pro_athlete/teams./sports/sports_team_roster/team	/m/0161sp
/m/05r4w	/music/record_label/artist	/m/021bmf
/m/013807	/location/country/form_of_government	/m/02d9k
/m/04f525m	/olympics/olympic_sport/athletes./olympics/olympic_athlete_affiliation/olympics	/m/017gl1
/m/01_x6v	/tv/tv_program/tv_producer./tv/tv_producer_term/producer_type	/m/0h1nt
/m/027m67	/film/film_set_designer/film_sets_designed	/m/03m5k
/m/02vkdwz	/location/capital_of_administrative_division/capital_of./location/administrative_division_capital_relationship/administrative_division	/m/06wcbk7
/m/0g5b0q5	/base/popstra/celebrity/breakup./base/popstra/breakup/participant	/m/04f0xq
/m/02w9895	/award/award_category/nominees./award/award_nomination/nominated_for	/m/01ktz1
/m/02t__l	/military/military_conflict/combatants./military/military_combatant_group/combatants	/m/0bt7ws
/m/0hmr4	/tv/tv_personality/tv_regular_appearances./tv/tv_regular_personal_appearance/program	/m/01vxlbm
/m/033cnk	/location/hud_county_place/county	/m/09fb5
/m/01_vrh	/people/person/places_lived./people/place_lived/location	/m/01jw4r
/m/04kzqz	/music/genre/artists	/m/0hcs3
/m/0np9r	/people/person/spouse_s./people/marriage/location_of_ceremony	/m/02pjxr
/m/0992d9	/film/film/country	/m/04n3l
/m/032t2z	/people/marriage_union_type/unions_of_this_type./people/marriage/location_of_ceremony	/m/01p7yb
/m/06f41	/music/artist/track_contributions./music/track_contribution/role	/m/0bdw6t
/m/01hvjx	/film/film/film_festivals	/m/062zm5h
/m/015ppk	/film/film/personal_appearances./film/personal_film_appearance/person	/m/01k8q5
/m/04x4s2	/film/film_set_designer/film_sets_designed	/m/01cw51
/m/03sxd2	/film/film/other_crew./film/film_crew_gig/film_crew_role	/m/04w4s
/m/01tj34	/music/artist/contribution./music/recording_contribution/performance_role	/m/0cfhfz
/m/03xsby	/olympics/olympic_sport/athletes./olympics/olympic_athlete_affiliation/country	/m/088xp
/m/0g_rs_	/people/deceased_person/place_of_death	/m/0mb0
/m/03q5t	/music/performance_role/track_performances./music/track_contribution/role	/m/040njc
/m/06cc_1	/tv/tv_writer/tv_programs./tv/tv_program_writer_relationship/tv_program	/m/07lmxq
/m/07z1m	/award/award_winning_work/awards_won./award/award_honor/honored_for	/m/027m67
/m/0dth6b	/film/film/personal_appearances./film/personal_film_appearance/person	/m/0frf6
/m/012_53	/film/film/other_crew./film/film_crew_gig/film_crew_role	/m/0275n3y
/m/0d_q40	/user/tsegaran/random/taxonomy_subject/entry./user/tsegaran/random/taxonomy_entry/taxonomy	/m/02lpp7
/m/02hn5v	/location/country/capital	/m/01lfvj
/m/0fm2_	/music/genre/parent_genre	/m/02x2gy0
/m/011yqc	/award/award_category/winners./award/award_honor/award_winner	/m/017jv5
/m/02v1m7	/business/business_operation/revenue./measurement_unit/dated_money_value/currency	/m/07g2b
/m/01l2fn	/sports/pro_athlete/teams./sports/sports_team_roster/team	/m/01yk13
/m/02g3v6	/location/hud_county_place/county	/m/02tc5y
/m/0c40vxk	/people/person/sibling_s./people/sibling_relationship/sibling	/m/06pwf6
/m/081lh	/location/administrative_division/country	/m/0156q
/m/01ppq	/olympics/olympic_participating_country/medals_won./olympics/olympic_medal_honor/olympics	/m/0ch26b_
/m/0d193h	/film/film/cinematography	/m/02m97n
/m/038g2x	/film/film/costume_design_by	/m/020skc
/m/085bd1	/film/film/produced_by	/m/01pr_j6
/m/0cb77r	/sports/sports_league_draft/picks./sports/sports_league_draft_pick/school	/m/078bz
/m/0cj8x	/music/performance_role/track_performances./music/track_contribution/role	/m/04h4c9
/m/08wr3kg	/education/educational_institution/campuses	/m/0fr59
/m/016fmf	/tv/tv_program/country_of_origin	/m/031zkw
/m/021vwt	/people/ethnicity/people	/m/02nxhr
/m/02zsn	/music/performance_role/regular_performances./music/group_membership/role	/m/03ydlnj
/m/02x4x18	/location/location/time_zones	/m/02mxw0
/m/0ccck7	/award/ranked_item/appears_in_ranked_lists./award/ranking/list	/m/0k611
/m/05kkh	/film/film/produced_by	/m/01xvb
/m/0kp2_	/location/statistical_region/gdp_nominal_per_capita./measurement_unit/dated_money_value/currency	/m/0136g9
/m/092c5f	/people/person/place_of_birth	/m/0ctt4z
/m/071t0	/location/administrative_division/country	/m/0nvrd
/m/099jhq	/film/film/film_production_design_by	/m/083jv
/m/02_cq0	/sports/sports_team/roster./american_football/football_historical_roster_position/position_s	/m/0257yf
/m/0bshwmp	/base/schemastaging/organization_extra/phone_number./base/schemastaging/phone_sandbox/contact_category	/m/016fmf
/m/04wvhz	/government/legislative_session/members./government/government_position_held/district_represented	/m/017s11
/m/050yyb	/base/popstra/location/vacationers./base/popstra/vacation_choice/vacationer	/m/0cc846d
/m/0164qt	/user/tsegaran/random/taxonomy_subject/entry./user/tsegaran/random/taxonomy_entry/taxonomy	/m/0t015
/m/0136g9	/film/film/film_art_direction_by	/m/01wwvt2
/m/0407yj_	/location/hud_county_place/county	/m/0d0vj4
/m/0jt90f5	/sports/professional_sports_team/draft_picks./sports/sports_league_draft_pick/draft	/m/07vk2
/m/015gw6	/music/performance_role/regular_performances./music/group_membership/role	/m/02xry
/m/01w61th	/people/person/spouse_s./people/marriage/type_of_union	/m/011yth
/m/02ndbd	/people/marriage_union_type/unions_of_this_type./people/marriage/location_of_ceremony	/m/0chghy
/m/01vrx3g	/award/award_category/nominees./award/award_nomination/nominated_for	/m/01vsnff
/m/0j06n	/organization/role/leaders./organization/leadership/organization	/m/033q4k
/m/02_j1w	/film/film/cinematography	/m/01fpvz
/m/05f2jk	/military/military_combatant/military_conflicts./military/military_combatant_group/combatants	/m/03y1mlp
/m/04jwly	/sports/sports_team/sport	/m/0bby9p5
/m/01vb403	/base/schemastaging/organization_extra/phone_number./base/schemastaging/phone_sandbox/contact_category	/m/05r4w
/m/0fphgb	/olympics/olympic_games/participating_countries	/m/0dbpyd
/m/073bb	/award/award_winner/awards_won./award/award_honor/award_winner	/m/07h1h5
/m/0p_sc	/organization/organization/headquarters./location/mailing_address/citytown	/m/0248jb
/m/03vtrv	/location/statistical_region/gdp_nominal./measurement_unit/dated_money_value/currency	/m/0kv238
/m/086qd	/organization/organization_member/member_of./organization/organization_membership/organization	/m/0266shh
/m/03v3xp	/sports/sports_team/colors	/m/0m7fm
/m/0vg8	/base/popstra/celebrity/canoodled./base/popstra/canoodled/participant	/m/02jxk
/m/011yqc	/language/human_language/countries_spoken_in	/m/0gkz3nz
/m/02d02	/location/hud_county_place/county	/m/01cssf
/m/02v5_g	/education/university/local_tuition./measurement_unit/dated_money_value/currency	/m/03j0d
/m/01c22t	/business/job_title/people_with_this_title./business/employment_tenure/company	/m/019k6n
/m/0223bl	/people/ethnicity/languages_spoken	/m/0h1_w
/m/06_wqk4	/music/artist/origin	/m/05f2jk
/m/0266shh	/film/film/film_production_design_by	/m/0bl2g
/m/02b1mc	/award/award_nominated_work/award_nominations./award/award_nomination/nominated_for	/m/01rtm4
/m/0sxg4	/location/country/form_of_government	/m/05f4m9q
/m/0fsm8c	/base/culturalevent/event/entity_involved	/m/02lpp7
/m/01wbg84	/base/popstra/celebrity/canoodled./base/popstra/canoodled/participant	/m/083q7
/m/06cvj	/base/x2010fifaworldcupsouthafrica/world_cup_squad/current_world_cup_squad./base/x2010fifaworldcupsouthafrica/current_world_cup_squad/current_club	/m/0124k9
/m/016jhr	/education/educational_institution/campuses	/m/0g5b0q5
/m/01jw4r	/base/aareas/schema/administrative_area/administrative_area_type	/m/01xcfy
/m/0g22z	/base/popstra/celebrity/friendship./base/popstra/friendship/participant	/m/01q415
/m/016t_3	/music/performance_role/guest_performances./music/recording_contribution/performance_role	/m/0hmr4
/m/0cnl80	/organization/organization/place_founded	/m/018y2s
/m/01q_y0	/food/food/nutrients./food/nutrition_fact/nutrient	/m/07j87
/m/02r1tx7	/base/aareas/schema/administrative_area/administrative_area_type	/m/01xvb
/m/01kkg5	/film/film/executive_produced_by	/m/0136p1
/m/028p0	/film/film/prequel	/m/02pp_q_
/m/02z13jg	/film/actor/film./film/performance/special_performance_type	/m/05w3f
/m/0blg2	/base/x2010fifaworldcupsouthafrica/world_cup_squad/current_world_cup_squad./base/x2010fifaworldcupsouthafrica/current_world_cup_squad/current_club	/m/01rh0w
/m/02847m9	/sports/pro_athlete/teams./sports/sports_team_roster/team	/m/04bs3j
/m/0789_m	/base/schemastaging/organization_extra/phone_number./base/schemastaging/phone_sandbox/service_language	/m/06y3r
/m/02rx2m5	/education/educational_institution/school_type	/m/06sks6
/m/02g839	/award/award_winning_work/awards_won./award/award_honor/award_winner	/m/01_srz
/m/06xj93	/user/jg/default_domain/olympic_games/sports	/m/0jmj7
/m/07ssc	/music/artist/contribution./music/recording_contribution/performance_role	/m/08433
/m/028p0	/organization/organization/place_founded	/m/071ywj
/m/0bjqh	/olympics/olympic_participating_country/athletes./olympics/olympic_athlete_affiliation/olympics	/m/04t6fk
/m/07lx1s	/olympics/olympic_sport/athletes./olympics/olympic_athlete_affiliation/country	/m/077g7n
/m/05_k56	/organization/non_profit_organization/registered_with./organization/non_profit_registration/registering_agency	/m/0fphf3v
/m/01g888	/base/aareas/schema/administrative_area/capital	/m/07lx1s
/m/027f7dj	/education/university/local_tuition./measurement_unit/dated_money_value/currency	/m/01fwk3
/m/01tj34	/influence/influence_node/influenced_by	/m/0sxrz
/m/06f41	/olympics/olympic_participating_country/medals_won./olympics/olympic_medal_honor/olympics	/m/0jym0
/m/0yfp	/people/person/spouse_s./people/marriage/spouse	/m/01trhmt
/m/01w8sf	/tv/tv_network/programs./tv/tv_network_duration/program	/m/09_bl
/m/02wkmx	/celebrities/celebrity/sexual_relationships./celebrities/romantic_relationship/celebrity	/m/06rmdr
/m/03f1zdw	/location/country/second_level_divisions	/m/0q19t
/m/0cv3w	/organization/endowed_organization/endowment./measurement_unit/dated_money_value/currency	/m/01clyr
/m/02yvct	/organization/organization/headquarters./location/mailing_address/state_province_region	/m/0jjw
/m/0gqmvn	/sports/sports_league_draft/picks./sports/sports_league_draft_pick/school	/m/01fq7
/m/07xpm	/location/statistical_region/gdp_nominal./measurement_unit/dated_money_value/currency	/m/04kkz8
/m/01wtlq	/location/location/contains	/m/01kf3_9
/m/01pv91	/award/award_category/category_of	/m/01m13b
/m/09pgj2	/government/politician/government_positions_held./government/government_position_held/basic_title	/m/0l14md
/m/0dck27	/education/university/domestic_tuition./measurement_unit/dated_money_value/currency	/m/0qm98
/m/01t2h2	/government/government_office_category/officeholders./government/government_position_held/jurisdiction_of_office	/m/03q0r1
/m/01mjq	/celebrities/celebrity/celebrity_friends./celebrities/friendship/friend	/m/075wx7_
/m/09vc4s	/award/award_nominee/award_nominations./award/award_nomination/award_nominee	/m/018nnz
/m/0fj52s	/award/award_category/disciplines_or_subjects	/m/0pyg6
/m/0gkz3nz	/film/film/executive_produced_by	/m/081_zm
/m/03t97y	/tv/tv_program/genre	/m/051vz
/m/0m3gy	/location/statistical_region/rent50_2./measurement_unit/dated_money_value/currency	/m/062zm5h
/m/01f8gz	/film/film/language	/m/0c4ys
/m/02ctzb	/tv/tv_producer/programs_produced./tv/tv_producer_term/program	/m/0fbtbt
/m/030znt	/music/record_label/artist	/m/01jswq
/m/0187y5	/award/award_nominee/award_nominations./award/award_nomination/award_nominee	/m/0gz6b6g
/m/07t58	/music/performance_role/regular_performances./music/group_membership/group	/m/0156q
/m/07c6l	/film/film/distributors./film/film_film_distributor_relationship/region	/m/07m69t
/m/0fd3y	/base/popstra/celebrity/dated./base/popstra/dated/participant	/m/0jgwf
/m/01mqz0	/soccer/football_player/current_team./sports/sports_team_roster/team	/m/087wc7n
/m/0dq626	/tv/tv_program/tv_producer./tv/tv_producer_term/producer_type	/m/03j43
/m/031y2	/base/biblioness/bibs_location/state	/m/02qvyrt
/m/01l1b90	/award/award_category/disciplines_or_subjects	/m/016wtf
/m/04jlgp	/film/film/cinematography	/m/04bbv7
/m/03rz2b	/film/film/genre	/m/03rz2b
/m/04h4c9	/base/marchmadness/ncaa_basketball_tournament/seeds./base/marchmadness/ncaa_tournament_seed/team	/m/01clyr
/m/04f_d	/base/biblioness/bibs_location/state	/m/01g6gs
/m/06cc_1	/sports/sports_position/players./sports/sports_team_roster/team	/m/01ckbq
/m/02hct1	/film/film/country	/m/07sbbz2
/m/05_k56	/award/hall_of_fame/inductees./award/hall_of_fame_induction/inductee	/m/030qb3t
/m/03x42	/organization/organization/place_founded	/m/0fb0v
/m/0hkq4	/sports/sport/pro_athletes./sports/pro_sports_played/athlete	/m/06wvj
/m/01pw2f1	/baseball/baseball_team/team_stats./baseball/baseball_team_stats/season	/m/016ywb
/m/02f6g5	/government/government_office_category/officeholders./government/government_position_held/jurisdiction_of_office	/m/03v_5
/m/049dyj	/people/person/gender	/m/02qlg7s
/m/094hwz	/award/award_nominee/award_nominations./award/award_nomination/nominated_for	/m/01541z
/m/01vv7sc	/award/award_ceremony/awards_presented./award/award_honor/honored_for	/m/02jyr8
/m/0bdwft	/olympics/olympic_participating_country/medals_won./olympics/olympic_medal_honor/olympics	/m/0gq6s3
/m/0gl88b	/location/statistical_region/rent50_2./measurement_unit/dated_money_value/currency	/m/07lmxq
/m/01qszl	/film/special_film_performance_type/film_performance_type./film/performance/film	/m/0g9wdmc
/m/0gx9rvq	/film/film_set_designer/film_sets_designed	/m/049t4g
/m/04jjy	/tv/tv_producer/programs_produced./tv/tv_producer_term/program	/m/01wg982
/m/05218gr	/film/film/other_crew./film/film_crew_gig/film_crew_role	/m/0jdhp
/m/01lb14	/film/actor/film./film/performance/film	/m/035s95
/m/02vp1f_	/people/person/profession	/m/01c6k4
/m/0pz91	/soccer/football_team/current_roster./sports/sports_team_roster/position	/m/03tf_h
/m/0czyxs	/award/award_winning_work/awards_won./award/award_honor/honored_for	/m/0cbn7c
/m/0g5pv3	/location/capital_of_administrative_division/capital_of./location/administrative_division_capital_relationship/administrative_division	/m/0136g9
/m/043js	/base/petbreeds/city_with_dogs/top_breeds./base/petbreeds/dog_city_relationship/dog_breed	/m/01kv4mb
/m/01k5t_3	/award/award_category/winners./award/award_honor/award_winner	/m/0p_pd
/m/02bkg	/location/hud_foreclosure_area/estimated_number_of_mortgages./measurement_unit/dated_integer/source	/m/01lb14
/m/02cyfz	/location/location/contains	/m/01yc02
/m/0jnwx	/sports/sports_team/roster./basketball/basketball_roster_position/position	/m/02lp1
/m/0r7fy	/education/university/local_tuition./measurement_unit/dated_money_value/currency	/m/059g4
/m/09q5w2	/people/person/places_lived./people/place_lived/location	/m/04mn81
/m/05hqv	/education/educational_degree/people_with_this_degree./education/education/institution	/m/04gmp_z
/m/0c3ns	/olympics/olympic_participating_country/medals_won./olympics/olympic_medal_honor/medal	/m/0415svh
/m/01795t	/award/award_winner/awards_won./award/award_honor/award_winner	/m/0l998
/m/0t_2	/base/americancomedy/celebrity_impressionist/celebrities_impersonated	/m/07tgn
/m/04hpck	/organization/organization/headquarters./location/mailing_address/country	/m/0gdh5
/m/07tg4	/sports/professional_sports_team/draft_picks./sports/sports_league_draft_pick/draft	/m/01trhmt
/m/02_j1w	/music/instrument/instrumentalists	/m/032nwy
/m/0gl88b	/base/x2010fifaworldcupsouthafrica/world_cup_squad/current_world_cup_squad./base/x2010fifaworldcupsouthafrica/current_world_cup_squad/current_club	/m/035yn8
/m/09prnq	/people/person/profession	/m/03gwpw2
/m/017d77	/film/film/music	/m/059_c
/m/02ndbd	/broadcast/content/artist	/m/03rk0
/m/02yw5r	/organization/endowed_organization/endowment./measurement_unit/dated_money_value/currency	/m/0f4m2z
/m/0jcg8	/education/field_of_study/students_majoring./education/education/major_field_of_study	/m/0g7k2g
/m/0m77m	/tv/tv_program/tv_producer./tv/tv_producer_term/producer_type	/m/05cgv
/m/019vhk	/olympics/olympic_sport/athletes./olympics/olympic_athlete_affiliation/olympics	/m/0gyy53
/m/0bmh4	/base/biblioness/bibs_location/country	/m/01sgl
/m/016ckq	/award/award_winning_work/awards_won./award/award_honor/award	/m/03gqgt3
/m/07lmxq	/people/person/places_lived./people/place_lived/location	/m/0bjrnt
/m/0277470	/film/film/written_by	/m/01f62
/m/082scv	/film/film/runtime./film/film_cut/film_release_region	/m/0j_t1
/m/0prpt	/film/film/executive_produced_by	/m/0crjn65
/m/03bxbql	/tv/tv_program/tv_producer./tv/tv_producer_term/producer_type	/m/017fp
/m/05q54f5	/base/popstra/location/vacationers./base/popstra/vacation_choice/vacationer	/m/01r97z
/m/01l7cxq	/base/popstra/celebrity/friendship./base/popstra/friendship/participant	/m/0dq630k
/m/02_2v2	/location/country/form_of_government	/m/0gfsq9
/m/01vw_dv	/tv/tv_program/genre	/m/0cbd2
/m/0bxtg	/education/field_of_study/students_majoring./education/education/major_field_of_study	/m/015h31
/m/0hfzr	/sports/sports_team/roster./baseball/baseball_roster_position/position	/m/02j9lm
/m/06x4l_	/award/award_nominee/award_nominations./award/award_nomination/nominated_for	/m/06wrt
/m/04wtx1	/film/film_subject/films	/m/03sb38
/m/0126rp	/film/film/film_format	/m/06rnl9
/m/013q07	/people/person/profession	/m/0bbgly
/m/02bp37	/people/ethnicity/languages_spoken	/m/026390q
/m/02vp1f_	/people/person/nationality	/m/044rvb
/m/0gy7bj4	/education/educational_institution_campus/educational_institution	/m/02zsn
/m/04yj5z	/user/jg/default_domain/olympic_games/sports	/m/0b82vw
/m/058ncz	/people/ethnicity/languages_spoken	/m/02lxj_
/m/06x76	/award/award_nominee/award_nominations./award/award_nomination/award	/m/042y1c
/m/04k25	/film/film/costume_design_by	/m/0dky9n
/m/02rqwhl	/base/popstra/location/vacationers./base/popstra/vacation_choice/vacationer	/m/0292l3
/m/01gp_x	/people/person/nationality	/m/01vxlbm
/m/01n4f8	/location/country/capital	/m/0d1qmz
/m/05sfs	/film/film/distributors./film/film_film_distributor_relationship/film_distribution_medium	/m/01963w
/m/04jpl	/organization/endowed_organization/endowment./measurement_unit/dated_money_value/currency	/m/0p_2r
/m/032w8h	/award/award_category/category_of	/m/03jm6c
/m/03k9fj	/sports/sports_team/roster./basketball/basketball_roster_position/position	/m/0n08r
/m/01f62	/award/ranked_item/appears_in_ranked_lists./award/ranking/list	/m/0hpt3
/m/01ycbq	/base/marchmadness/ncaa_basketball_tournament/seeds./base/marchmadness/ncaa_tournament_seed/team	/m/01zfmm
/m/06pk8	/government/legislative_session/members./government/government_position_held/district_represented	/m/02zv4b
/m/06krf3	/travel/travel_destination/climate./travel/travel_destination_monthly_climate/month	/m/0c6g29
/m/0chgzm	/base/aareas/schema/administrative_area/administrative_parent	/m/029sk
/m/0b1xl	/base/popstra/celebrity/breakup./base/popstra/breakup/participant	/m/07pd_j
/m/05cj_j	/sports/sport/pro_athletes./sports/pro_sports_played/athlete	/m/02xb2bt
/m/05pd94v	/tv/tv_producer/programs_produced./tv/tv_producer_term/producer_type	/m/0373qt
/m/016z5x	/people/person/spouse_s./people/marriage/spouse	/m/0d0vqn
/m/0cjyzs	/location/hud_county_place/place	/m/0jmcb
/m/04r1t	/people/deceased_person/place_of_death	/m/01gc7
/m/02583l	/film/film_subject/films	/m/094qd5
/m/012mrr	/film/film/written_by	/m/02vkvcz
/m/01nv4h	/film/film/release_date_s./film/film_regional_release_date/film_release_region	/m/020bv3
/m/01b64v	/medicine/disease/notable_people_with_this_condition	/m/0p_2r
/m/0721cy	/people/person/religion	/m/02bjhv
/m/0dr_4	/people/ethnicity/geographic_distribution	/m/012mzw
/m/04g865	/government/legislative_session/members./government/government_position_held/legislative_sessions	/m/0h1wg
/m/01719t	/organization/role/leaders./organization/leadership/organization	/m/022769
/m/067pl7	/base/popstra/celebrity/breakup./base/popstra/breakup/participant	/m/016dj8
/m/0167_s	/people/person/places_lived./people/place_lived/location	/m/080knyg
/m/05cvgl	/film/film/genre	/m/02rxj
/m/034np8	/film/film/written_by	/m/0190_q
/m/07y_7	/broadcast/content/artist	/m/05qbckf
/m/0dwtp	/film/film/genre	/m/0mxcf
/m/05d8vw	/people/person/gender	/m/09y20
/m/01clyr	/base/popstra/celebrity/friendship./base/popstra/friendship/participant	/m/013q07
/m/0yzvw	/sports/sports_team_location/teams	/m/02d02
/m/0fvf9q	/sports/sports_team/colors	/m/0crh5_f
/m/07hnp	/award/award_winner/awards_won./award/award_honor/award_winner	/m/047sxrj
/m/0c_j5d	/music/genre/parent_genre	/m/0227tr
/m/0hhggmy	/award/ranked_item/appears_in_ranked_lists./award/ranking/list	/m/0kv9d3
/m/05728w1	/film/film/film_art_direction_by	/m/09mq4m
/m/0f4hc	/film/film/genre	/m/0fgpvf
/m/0n5fl	/business/business_operation/revenue./measurement_unit/dated_money_value/currency	/m/032v0v
/m/026lgs	/base/x2010fifaworldcupsouthafrica/world_cup_squad/current_world_cup_squad./base/x2010fifaworldcupsouthafrica/current_world_cup_squad/current_club	/m/03j0d
/m/0w0d	/people/person/places_lived./people/place_lived/location	/m/04rrx
/m/05ty4m	/award/award_nominee/award_nominations./award/award_nomination/nominated_for	/m/01vvydl
/m/0320jz	/film/film/music	/m/01d8l
/m/0dgst_d	/award/award_winner/awards_won./award/award_honor/award_winner	/m/01_vfy
/m/0534nr	/music/performance_role/track_performances./music/track_contribution/role	/m/0kq2g
/m/01yh3y	/tv/tv_producer/programs_produced./tv/tv_producer_term/program	/m/0164qt
/m/01bx35	/base/popstra/celebrity/dated./base/popstra/dated/participant	/m/01l1sq
/m/0c94fn	/base/saturdaynightlive/snl_cast_member/seasons./base/saturdaynightlive/snl_season_tenure/cast_members	/m/0170qf
/m/011yxg	/olympics/olympic_sport/athletes./olympics/olympic_athlete_affiliation/country	/m/0fkvn
/m/0m_mm	/award/award_category/category_of	/m/03qjg
/m/07wbk	/education/university/domestic_tuition./measurement_unit/dated_money_value/currency	/m/0j_tw
/m/0dbdy	/award/award_winning_work/awards_won./award/award_honor/award	/m/01tcf7
/m/0cqh46	/influence/influence_node/peers./influence/peer_relationship/peers	/m/017d77
/m/0mgkg	/location/country/form_of_government	/m/0c_j5d
/m/03v_5	/people/profession/specialization_of	/m/06ybb1
/m/020w2	/film/film/cinematography	/m/02pz3j5
/m/0bth54	/business/business_operation/industry	/m/03v1s
/m/047qxs	/people/person/spouse_s./people/marriage/type_of_union	/m/0184jc
/m/015882	/location/statistical_region/religions./location/religion_percentage/religion	/m/0hhggmy
/m/0631_	/people/person/spouse_s./people/marriage/type_of_union	/m/038rzr
/m/0534nr	/film/film/production_companies	/m/07fb8_
/m/077g7n	/government/politician/government_positions_held./government/government_position_held/legislative_sessions	/m/090s_0
/m/02bp37	/people/person/place_of_birth	/m/016_mj
/m/0lpjn	/award/award_nominated_work/award_nominations./award/award_nomination/nominated_for	/m/02vmzp
/m/013jz2	/tv/tv_program/regular_cast./tv/regular_tv_appearance/actor	/m/02r0csl
/m/0bth54	/media_common/netflix_genre/titles	/m/02zs4
/m/02f77y	/location/country/form_of_government	/m/0fbvqf
/m/0b_77q	/education/field_of_study/students_majoring./education/education/major_field_of_study	/m/0j43swk
/m/0g3bw	/base/marchmadness/ncaa_basketball_tournament/seeds./base/marchmadness/ncaa_tournament_seed/team	/m/080h2
/m/042y1c	/film/film/genre	/m/01xbgx
/m/01mc11	/organization/organization/headquarters./location/mailing_address/state_province_region	/m/02c638
/m/01k8q5	/user/alexander/philosophy/philosopher/interests	/m/01n5sn
/m/0272_vz	/business/business_operation/revenue./measurement_unit/dated_money_value/currency	/m/07vyf
/m/020qr4	/location/location/time_zones	/m/03m5k
/m/08m4c8	/tv/tv_network/programs./tv/tv_network_duration/program	/m/05z7c
/m/06v41q	/location/administrative_division/country	/m/040fb
/m/0bdw6t	/government/politician/government_positions_held./government/government_position_held/basic_title	/m/02sgy
/m/0kbvb	/people/profession/specialization_of	/m/0ccck7
/m/05p3738	/film/film/film_art_direction_by	/m/0l12d
/m/0b_5d	/location/location/partially_contains	/m/0n6f8
/m/0bsb4j	/people/person/spouse_s./people/marriage/spouse	/m/01l3vx
/m/0gcdzz	/location/hud_county_place/place	/m/0fj52s
/m/0157m	/education/university/fraternities_and_sororities	/m/04f52jw
/m/03kg2v	/time/event/locations	/m/03q95r
/m/047wh1	/location/hud_foreclosure_area/estimated_number_of_mortgages./measurement_unit/dated_integer/source	/m/02j71
/m/01wj92r	/sports/sports_league_draft/picks./sports/sports_league_draft_pick/school	/m/0qcr0
/m/0j871	/business/business_operation/industry	/m/03x3qv
/m/04wgh	/music/instrument/instrumentalists	/m/06myp
/m/02yw5r	/award/ranked_item/appears_in_ranked_lists./award/ranking/list	/m/02z0dfh
/m/01f8ld	/organization/role/leaders./organization/leadership/organization	/m/0lp_cd3
/m/07ymr5	/government/politician/government_positions_held./government/government_position_held/basic_title	/m/086vfb
/m/09p7fh	/music/performance_role/track_performances./music/track_contribution/role	/m/033hn8
/m/0bx8pn	/people/ethnicity/languages_spoken	/m/01swxv
/m/01w8sf	/tv/tv_program/regular_cast./tv/regular_tv_appearance/actor	/m/012mzw
/m/04twmk	/music/performance_role/regular_performances./music/group_membership/group	/m/083shs
/m/0436yk	/education/field_of_study/students_majoring./education/education/student	/m/078jt5
/m/01tmtg	/people/cause_of_death/people	/m/05jzt3
/m/04ykg	/film/film/executive_produced_by	/m/0dg3n1
/m/06tpmy	/education/educational_institution/campuses	/m/0hv1t
/m/024pcx	/sports/sport/pro_athletes./sports/pro_sports_played/athlete	/m/06w2sn5
/m/032v0v	/education/educational_institution/students_graduates./education/education/major_field_of_study	/m/0162v
/m/07j8r	/olympics/olympic_games/sports	/m/018gz8
/m/07b2lv	/user/alexander/philosophy/philosopher/interests	/m/04kxsb
/m/01jcxwp	/music/genre/artists	/m/03mg35
/m/027f7dj	/film/film/release_date_s./film/film_regional_release_date/film_release_distribution_medium	/m/02jxk
/m/01br2w	/base/x2010fifaworldcupsouthafrica/world_cup_squad/current_world_cup_squad./base/x2010fifaworldcupsouthafrica/current_world_cup_squad/current_club	/m/038c0q
/m/046lt	/film/film/language	/m/0gjvqm
/m/0frsw	/soccer/football_team/current_roster./sports/sports_team_roster/position	/m/040wdl
/m/02hcv8	/award/award_category/nominees./award/award_nomination/nominated_for	/m/01243b
/m/04vn5	/organization/organization/headquarters./location/mailing_address/citytown	/m/09kvv
/m/0rnmy	/organization/organization/place_founded	/m/07srw
/m/0b2qtl	/education/university/fraternities_and_sororities	/m/01ycbq
/m/07kg3	/location/country/form_of_government	/m/02lf70
/m/018wl5	/military/military_combatant/military_conflicts./military/military_combatant_group/combatants	/m/018js4
/m/01v90t	/sports/sports_league/teams./sports/sports_league_participation/team	/m/04wqr
/m/01_3rn	/broadcast/content/artist	/m/02p11jq
/m/01bdxz	/people/person/employment_history./business/employment_tenure/company	/m/05g8ky
/m/014mlp	/government/politician/government_positions_held./government/government_position_held/basic_title	/m/03hnd
/m/01y665	/common/topic/webpage./common/webpage/category	/m/092c5f
/m/06lgq8	/base/petbreeds/city_with_dogs/top_breeds./base/petbreeds/dog_city_relationship/dog_breed	/m/01zzk4
/m/050023	/people/person/places_lived./people/place_lived/location	/m/0bmpm
/m/06mn7	/tv/tv_program/genre	/m/097ns
/m/01l3j	/base/schemastaging/organization_extra/phone_number./base/schemastaging/phone_sandbox/service_language	/m/01v_pj6
/m/01rk91	/olympics/olympic_sport/athletes./olympics/olympic_athlete_affiliation/olympics	/m/01x1cn2
/m/02pb2bp	/film/film/film_format	/m/0frf6
/m/09kn9	/award/award_category/disciplines_or_subjects	/m/099jhq
/m/02sp_v	/people/person/spouse_s./people/marriage/location_of_ceremony	/m/030pr
/m/09bkv	/film/actor/film./film/performance/special_performance_type	/m/07w5rq
/m/07cz2	/language/human_language/countries_spoken_in	/m/01c6k4
/m/0c01c	/people/person/places_lived./people/place_lived/location	/m/04gb7
/m/0d7hg4	/education/educational_degree/people_with_this_degree./education/education/student	/m/05w3f
/m/07gp9	/location/hud_county_place/place	/m/01d38g
/m/04ddm4	/education/university/fraternities_and_sororities	/m/01zkxv
/m/0bv8h2	/location/country/capital	/m/0hzc9wc
/m/0ftxw	/government/legislative_session/members./government/government_position_held/district_represented	/m/02grdc
/m/05q4y12	/film/film_subject/films	/m/04n2r9h
/m/057xs89	/award/award_category/disciplines_or_subjects	/m/01vx5w7
/m/04ykg	/government/politician/government_positions_held./government/government_position_held/basic_title	/m/02vx4
/m/034bgm	/tv/tv_program/tv_producer./tv/tv_producer_term/producer_type	/m/01n5309
/m/09q_6t	/base/aareas/schema/administrative_area/administrative_area_type	/m/0d0kn
/m/082gq	/tv/tv_program/regular_cast./tv/regular_tv_appearance/actor	/m/0436yk
/m/02vwckw	/sports/sports_team/roster./basketball/basketball_roster_position/position	/m/04wqr
/m/028p0	/location/administrative_division/country	/m/03f7jfh
/m/01gx5f	/tv/tv_writer/tv_programs./tv/tv_program_writer_relationship/tv_program	/m/03qd_
/m/049bmk	/education/educational_institution/students_graduates./education/education/student	/m/025ndl
/m/016z7s	/people/person/spouse_s./people/marriage/location_of_ceremony	/m/07jjt
/m/0b1y_2	/film/film/executive_produced_by	/m/01243b
/m/0338lq	/base/culturalevent/event/entity_involved	/m/01hp22
/m/01c58j	/organization/organization/place_founded	/m/02_5x9
/m/01t8sr	/education/university/fraternities_and_sororities	/m/01vv7sc
/m/0ch26b_	/military/military_combatant/military_conflicts./military/military_combatant_group/combatants	/m/029h45
/m/01mkq	/location/country/form_of_government	/m/0btyf5z
/m/04kkz8	/base/popstra/celebrity/dated./base/popstra/dated/participant	/m/0gkg6
/m/02r79_h	/organization/organization/place_founded	/m/0bfvw2
/m/07j87	/education/field_of_study/students_majoring./education/education/major_field_of_study	/m/03g3w
/m/0hv27	/people/marriage_union_type/unions_of_this_type./people/marriage/location_of_ceremony	/m/03cs_z7
/m/0f6lx	/tv/tv_personality/tv_regular_appearances./tv/tv_regular_personal_appearance/program	/m/035yn8
/m/0hmm7	/time/event/locations	/m/03xq0f
/m/02w4fkq	/award/ranked_item/appears_in_ranked_lists./award/ranking/list	/m/073h5b
/m/0f102	/award/award_category/winners./award/award_honor/ceremony	/m/09p7fh
/m/03gk2	/location/location/time_zones	/m/02j4sk
/m/013tjc	/music/instrument/instrumentalists	/m/0ds2l81
/m/01hhvg	/olympics/olympic_participating_country/medals_won./olympics/olympic_medal_honor/medal	/m/02_h0
/m/01dw9z	/education/educational_institution/campuses	/m/050r1z
/m/0htlr	/award/award_category/winners./award/award_honor/award_winner	/m/03nm_fh
/m/01fc7p	/people/person/languages	/m/0c7ct
/m/0275_pj	/user/tsegaran/random/taxonomy_subject/entry./user/tsegaran/random/taxonomy_entry/taxonomy	/m/0jzw
/m/0g_rs_	/film/film/executive_produced_by	/m/01679d
/m/042v_gx	/film/film/featured_film_locations	/m/0248jb
/m/09prnq	/music/group_member/membership./music/group_membership/group	/m/06449
/m/013719	/business/business_operation/industry	/m/03c7ln
/m/0czyxs	/tv/tv_program/regular_cast./tv/regular_tv_appearance/actor	/m/081mh
/m/0cg9y	/sports/sports_team/colors	/m/0279c15
/m/07gql	/people/person/employment_history./business/employment_tenure/company	/m/02nhxf
/m/0qf3p	/education/educational_degree/people_with_this_degree./education/education/institution	/m/019f2f
/m/08swgx	/base/schemastaging/person_extra/net_worth./measurement_unit/dated_money_value/currency	/m/0124k9
/m/096f8	/organization/organization_member/member_of./organization/organization_membership/organization	/m/034qmv
/m/0159h6	/education/educational_institution/campuses	/m/02llzg
/m/0f4_l	/music/performance_role/guest_performances./music/recording_contribution/performance_role	/m/0fsm8c
/m/01jssp	/education/university/domestic_tuition./measurement_unit/dated_money_value/currency	/m/01hhvg
/m/0jf1b	/tv/tv_writer/tv_programs./tv/tv_program_writer_relationship/tv_program	/m/0dl5d
/m/0f1vrl	/military/military_combatant/military_conflicts./military/military_combatant_group/combatants	/m/0jmcb
/m/02pkpfs	/olympics/olympic_sport/athletes./olympics/olympic_athlete_affiliation/country	/m/0bh8yn3
/m/01xdf5	/film/film/language	/m/049tjg
/m/05b4rcb	/baseball/baseball_team/team_stats./baseball/baseball_team_stats/season	/m/0d2psv
/m/06xj93	/people/ethnicity/people	/m/03kq98
/m/0789_m	/location/location/adjoin_s./location/adjoining_relationship/adjoins	/m/07srw
/m/0344gc	/award/award_category/disciplines_or_subjects	/m/062zm5h
/m/02822	/broadcast/content/artist	/m/05prs8
/m/04nrcg	/user/tsegaran/random/taxonomy_subject/entry./user/tsegaran/random/taxonomy_entry/taxonomy	/m/011yth
/m/01t_xp_	/tv/tv_program/regular_cast./tv/regular_tv_appearance/actor	/m/0bthb
/m/05r79	/people/person/places_lived./people/place_lived/location	/m/06wcbk7
/m/025ndl	/award/award_winning_work/awards_won./award/award_honor/award_winner	/m/04jwjq
/m/0hndn2q	/music/performance_role/regular_performances./music/group_membership/role	/m/05b4rcb
/m/0kbg6	/organization/role/leaders./organization/leadership/organization	/m/0jmj7
/m/017gl1	/influence/influence_node/peers./influence/peer_relationship/peers	/m/02_1q9
/m/05r79	/base/culturalevent/event/entity_involved	/m/0grwj
/m/01ky2h	/language/human_language/countries_spoken_in	/m/07b2lv
/m/021_rm	/music/artist/contribution./music/recording_contribution/performance_role	/m/0fr63l
/m/06mz5	/baseball/baseball_team/team_stats./baseball/baseball_team_stats/season	/m/0t015
/m/07x4qr	/award/hall_of_fame/inductees./award/hall_of_fame_induction/inductee	/m/018jk2
/m/0dlglj	/olympics/olympic_participating_country/medals_won./olympics/olympic_medal_honor/medal	/m/02x2khw
/m/02ppm4q	/music/artist/contribution./music/recording_contribution/performance_role	/m/063y_ky
/m/026dcvf	/sports/sports_team/roster./baseball/baseball_roster_position/position	/m/0n4m5
/m/0d1qn	/film/film/language	/m/01cssf
/m/02rchht	/music/genre/parent_genre	/m/02cllz
/m/0c94fn	/film/film/runtime./film/film_cut/film_release_region	/m/0fq7dv_
/m/07s3vqk	/tv/tv_producer/programs_produced./tv/tv_producer_term/program	/m/077g7n
/m/0bzm81	/film/film/personal_appearances./film/personal_film_appearance/person	/m/01cszh
/m/01bv8b	/media_common/netflix_genre/titles	/m/094hwz
/m/0l9k1	/music/genre/artists	/m/03t9sp
/m/02x17s4	/film/film/other_crew./film/film_crew_gig/crewmember	/m/05p1tzf
/m/09sdmz	/base/aareas/schema/administrative_area/capital	/m/02778pf
/m/0dtw1x	/sports/pro_athlete/teams./sports/sports_team_roster/team	/m/0qcr0
/m/0sz28	/people/person/languages	/m/018ctl
/m/085ccd	/base/petbreeds/city_with_dogs/top_breeds./base/petbreeds/dog_city_relationship/dog_breed	/m/0m2l9
/m/0xxc	/film/film/country	/m/01h72l
/m/05cgv	/film/film/featured_film_locations	/m/0gjv_
/m/03x746	/olympics/olympic_sport/athletes./olympics/olympic_athlete_affiliation/country	/m/07w5rq
/m/0146pg	/base/schemastaging/person_extra/net_worth./measurement_unit/dated_money_value/currency	/m/01r42_g
/m/0ds460j	/location/country/form_of_government	/m/011j5x
/m/06688p	/medicine/disease/notable_people_with_this_condition	/m/0kpl
/m/079vf	/film/film/story_by	/m/0dyb1
/m/017fp	/medicine/symptom/symptom_of	/m/0ch26b_
/m/029cr	/base/popstra/celebrity/breakup./base/popstra/breakup/participant	/m/02bjhv
/m/0d_q40	/people/person/places_lived./people/place_lived/location	/m/06f41
/m/01b7b	/film/film/edited_by	/m/04bd8y
/m/0cqh6z	/award/award_category/winners./award/award_honor/award_winner	/m/01lyv
/m/02725hs	/film/film/release_date_s./film/film_regional_release_date/film_release_region	/m/026zvx7
/m/0d060g	/film/film/release_date_s./film/film_regional_release_date/film_release_region	/m/0jgd
/m/021sv1	/olympics/olympic_sport/athletes./olympics/olympic_athlete_affiliation/olympics	/m/012yc
/m/01s7zw	/base/biblioness/bibs_location/state	/m/088cp
/m/0c0nhgv	/education/educational_institution/colors	/m/0dl5d
/m/0l6px	/music/genre/parent_genre	/m/09pgj2
/m/05x2t7	/government/legislative_session/members./government/government_position_held/legislative_sessions	/m/0288zy
/m/030_1m	/music/group_member/membership./music/group_membership/role	/m/01trhmt
/m/02zmh5	/government/legislative_session/members./government/government_position_held/legislative_sessions	/m/016tw3
/m/05d7rk	/film/film/other_crew./film/film_crew_gig/crewmember	/m/0kvsb
/m/01tfck	/tv/tv_program/tv_producer./tv/tv_producer_term/producer_type	/m/028_yv
/m/02v8kmz	/influence/influence_node/influenced_by	/m/0l14qv
/m/06z8s_	/base/schemastaging/person_extra/net_worth./measurement_unit/dated_money_value/currency	/m/09p7fh
/m/0ck27z	/film/film/executive_produced_by	/m/0fy34l
/m/01tfck	/people/person/profession	/m/0k7tq
/m/0325pb	/people/person/places_lived./people/place_lived/location	/m/02lf0c
/m/0963mq	/olympics/olympic_participating_country/medals_won./olympics/olympic_medal_honor/olympics	/m/02g839
/m/06k02	/language/human_language/countries_spoken_in	/m/01pjr7
/m/07sgfsl	/music/performance_role/track_performances./music/track_contribution/role	/m/03qcq
/m/058s57	/education/educational_institution_campus/educational_institution	/m/01b7b
/m/0dgrmp	/education/educational_degree/people_with_this_degree./education/education/institution	/m/0bt7ws
/m/0l6vl	/music/genre/artists	/m/0j_sncb
/m/02vx4	/award/award_category/nominees./award/award_nomination/nominated_for	/m/01sbf2
/m/0k7tq	/award/award_category/nominees./award/award_nomination/nominated_for	/m/01pgzn_
/m/02wgln	/media_common/netflix_genre/titles	/m/03j43
/m/0401sg	/base/biblioness/bibs_location/country	/m/0pz7h
/m/01sxly	/organization/organization_founder/organizations_founded	/m/06z8s_
/m/018js4	/award/award_ceremony/awards_presented./award/award_honor/honored_for	/m/0qm8b
/m/018grr	/organization/organization_founder/organizations_founded	/m/02l7c8
/m/042y1c	/base/popstra/celebrity/canoodled./base/popstra/canoodled/participant	/m/013yq
/m/06mmb	/organization/organization_member/member_of./organization/organization_membership/organization	/m/0157m
/m/0cb4j	/sports/sports_position/players./american_football/football_historical_roster_position/position_s	/m/02nzb8
/m/0284jb	/olympics/olympic_sport/athletes./olympics/olympic_athlete_affiliation/olympics	/m/0ds3t5x
/m/0gkkf	/organization/organization/headquarters./location/mailing_address/country	/m/06ztvyx
/m/0gjv_	/award/award_nominee/award_nominations./award/award_nomination/nominated_for	/m/02725hs
/m/026lgs	/people/person/religion	/m/0kz10
/m/0fm9_	/base/aareas/schema/administrative_area/administrative_parent	/m/02knnd
/m/01jc6q	/tv/tv_personality/tv_regular_appearances./tv/tv_regular_personal_appearance/program	/m/0bbf1f
/m/028d4v	/film/film/other_crew./film/film_crew_gig/crewmember	/m/033hqf
/m/01cgz	/base/marchmadness/ncaa_basketball_tournament/seeds./base/marchmadness/ncaa_tournament_seed/team	/m/020skc
/m/025h4z	/government/politician/government_positions_held./government/government_position_held/legislative_sessions	/m/01mjq
/m/01qvgl	/government/politician/government_positions_held./government/government_position_held/basic_title	/m/02knnd
/m/02y8z	/people/cause_of_death/people	/m/0sqgt
/m/02x4x18	/organization/organization/place_founded	/m/03x42
/m/0n5df	/film/film/estimated_budget./measurement_unit/dated_money_value/currency	/m/09mq4m
/m/03g5jw	/sports/sports_position/players./american_football/football_historical_roster_position/position_s	/m/060bp
/m/047gn4y	/base/schemastaging/organization_extra/phone_number./base/schemastaging/phone_sandbox/contact_category	/m/02725hs
/m/029zqn	/location/hud_county_place/place	/m/03lrht
/m/07tg4	/sports/sports_position/players./sports/sports_team_roster/position	/m/0bscw
/m/0f8l9c	/military/military_combatant/military_conflicts./military/military_combatant_group/combatants	/m/017cy9
/m/03q95r	/award/hall_of_fame/inductees./award/hall_of_fame_induction/inductee	/m/03c7ln
/m/079hvk	/sports/sports_team/roster./baseball/baseball_roster_position/position	/m/01trf3
/m/02hgm4	/award/award_category/winners./award/award_honor/award_winner	/m/01y0s9
/m/02bjhv	/celebrities/celebrity/sexual_relationships./celebrities/romantic_relationship/celebrity	/m/050l8
/m/03975z	/people/person/spouse_s./people/marriage/location_of_ceremony	/m/024tcq
/m/07w5rq	/film/film/story_by	/m/02pqp12
/m/09fqtq	/award/award_nominee/award_nominations./award/award_nomination/award_nominee	/m/0pc6x
/m/030hcs	/government/legislative_session/members./government/government_position_held/legislative_sessions	/m/01gtc0
/m/02pz3j5	/influence/influence_node/influenced_by	/m/0hwqg
/m/0285c	/sports/sports_position/players./sports/sports_team_roster/position	/m/053tj7
/m/0dcfv	/medicine/disease/notable_people_with_this_condition	/m/09qs08
/m/0184jc	/tv/tv_producer/programs_produced./tv/tv_producer_term/program	/m/01bns_
/m/02rxj	/tv/tv_writer/tv_programs./tv/tv_program_writer_relationship/tv_program	/m/014j1m
/m/02py7pj	/military/military_conflict/combatants./military/military_combatant_group/combatants	/m/01trxd
/m/02r_pp	/people/person/languages	/m/0qf43
/m/0401sg	/film/film/personal_appearances./film/personal_film_appearance/person	/m/065y4w7
/m/0wp9b	/location/country/capital	/m/026xxv_
/m/01cr28	/broadcast/content/artist	/m/03gwpw2
/m/0hl3d	/award/award_winning_work/awards_won./award/award_honor/award_winner	/m/082fr
/m/025n3p	/film/film/featured_film_locations	/m/03k9fj
/m/0gvstc3	/government/political_party/politicians_in_this_party./government/political_party_tenure/politician	/m/0lgw7
/m/082fr	/organization/organization/headquarters./location/mailing_address/country	/m/03q0r1
/m/01jq34	/music/group_member/membership./music/group_membership/role	/m/01vvy
/m/023tp8	/sports/sports_team_location/teams	/m/0892sx
/m/02ctzb	/education/educational_institution/students_graduates./education/education/student	/m/071tyz
/m/03jvmp	/education/field_of_study/students_majoring./education/education/major_field_of_study	/m/0dwtp
/m/0265vcb	/olympics/olympic_games/medals_awarded./olympics/olympic_medal_honor/medal	/m/03f1zdw
/m/01wp8w7	/base/aareas/schema/administrative_area/capital	/m/0bbf1f
/m/0dtw1x	/film/film/story_by	/m/06mfvc
/m/01y665	/base/schemastaging/organization_extra/phone_number./base/schemastaging/phone_sandbox/service_language	/m/07c52
/m/02y0js	/organization/organization/headquarters./location/mailing_address/state_province_region	/m/0140g4
/m/076lxv	/education/educational_institution/school_type	/m/01hvjx
/m/04r1t	/medicine/symptom/symptom_of	/m/03gh4
/m/01tj34	/location/statistical_region/rent50_2./measurement_unit/dated_money_value/currency	/m/04qw17
/m/05fg2	/medicine/disease/notable_people_with_this_condition	/m/02x1dht
/m/05k79	/music/record_label/artist	/m/086k8
/m/05kjc6	/people/person/employment_history./business/employment_tenure/company	/m/0963mq
/m/099tbz	/organization/organization_founder/organizations_founded	/m/05w3f
/m/03qh03g	/base/biblioness/bibs_location/country	/m/0z1cr
/m/04411	/time/event/locations	/m/03w1v2
/m/0b_7k	/people/ethnicity/people	/m/0rnmy
/m/0pv2t	/government/politician/government_positions_held./government/government_position_held/basic_title	/m/015pdg
/m/04112r	/base/locations/continents/countries_within	/m/0bbf1f
/m/0n2bh	/education/educational_institution/school_type	/m/03sxd2
/m/016ywr	/organization/organization/headquarters./location/mailing_address/citytown	/m/016l09
/m/0b68vs	/location/hud_county_place/county	/m/01wxdn3
/m/04vn5	/organization/organization_member/member_of./organization/organization_membership/organization	/m/0hzc9wc
/m/01jrz5j	/business/business_operation/revenue./measurement_unit/dated_money_value/currency	/m/01vhb0
/m/01dy7j	/organization/organization/headquarters./location/mailing_address/country	/m/08gsvw
/m/01fc7p	/tv/tv_network/programs./tv/tv_network_duration/program	/m/02grdc
/m/0194zl	/people/person/spouse_s./people/marriage/spouse	/m/01y49
/m/09k56b7	/tv/tv_program/languages	/m/017fp
/m/0fb2l	/user/jg/default_domain/olympic_games/sports	/m/03f70xs
/m/022_lg	/sports/sports_position/players./sports/sports_team_roster/team	/m/01mmslz
/m/094hwz	/tv/tv_program/tv_producer./tv/tv_producer_term/producer_type	/m/0h1_w
/m/063_j5	/education/educational_institution/students_graduates./education/education/student	/m/0892sx
/m/02lf70	/award/award_winning_work/awards_won./award/award_honor/award	/m/06lgq8
/m/01fh0q	/location/location/contains	/m/03qcfvw
/m/0dgrmp	/award/award_ceremony/awards_presented./award/award_honor/award_winner	/m/0hn10
/m/03ckxdg	/olympics/olympic_participating_country/athletes./olympics/olympic_athlete_affiliation/olympics	/m/019nnl
/m/02nxhr	/location/statistical_region/gdp_nominal_per_capita./measurement_unit/dated_money_value/currency	/m/0bmh4
/m/0mxcf	/film/film/release_date_s./film/film_regional_release_date/film_regional_debut_venue	/m/07pd_j
/m/02n9nmz	/award/award_winner/awards_won./award/award_honor/award_winner	/m/019pm_
/m/07vyf	/location/country/capital	/m/05cj_j
/m/0dqytn	/film/film/estimated_budget./measurement_unit/dated_money_value/currency	/m/06rmdr
/m/01_9fk	/base/schemastaging/person_extra/net_worth./measurement_unit/dated_money_value/currency	/m/047byns
/m/0f102	/film/film/film_format	/m/0prpt
/m/05ml_s	/organization/organization_founder/organizations_founded	/m/03rjj
/m/02r3zy	/food/food/nutrients./food/nutrition_fact/nutrient	/m/01b39j
/m/0f94t	/tv/tv_program/tv_producer./tv/tv_producer_term/producer_type	/m/059j2
/m/07s9rl0	/business/job_title/people_with_this_title./business/employment_tenure/company	/m/016sp_
/m/0207wx	/organization/endowed_organization/endowment./measurement_unit/dated_money_value/currency	/m/03qcfvw
/m/041ly3	/location/location/adjoin_s./location/adjoining_relationship/adjoins	/m/045bs6
/m/065r8g	/sports/sports_position/players./american_football/football_historical_roster_position/position_s	/m/02p11jq
/m/027nb	/sports/sports_team/sport	/m/0c3ns
/m/022769	/sports/sports_team/roster./american_football/football_roster_position/position	/m/06jzh
/m/03c6sl9	/sports/sports_position/players./sports/sports_team_roster/position	/m/08gsvw
/m/02mjs7	/people/marriage_union_type/unions_of_this_type./people/marriage/location_of_ceremony	/m/0565cz
/m/02_1kl	/people/person/spouse_s./people/marriage/location_of_ceremony	/m/022xml
/m/02p65p	/film/film/personal_appearances./film/personal_film_appearance/person	/m/02s7tr
/m/01l3vx	/tv/tv_network/programs./tv/tv_network_duration/program	/m/04wgh
/m/0bx0l	/base/schemastaging/organization_extra/phone_number./base/schemastaging/phone_sandbox/contact_category	/m/02773m2
/m/05cv94	/sports/pro_athlete/teams./sports/sports_team_roster/team	/m/047g6m
/m/044mvs	/music/instrument/instrumentalists	/m/0b7l4x
/m/02rjjll	/music/genre/artists	/m/025txtg
/m/01jswq	/olympics/olympic_participating_country/medals_won./olympics/olympic_medal_honor/medal	/m/02f77y
/m/0jqn5	/base/biblioness/bibs_location/country	/m/0g2mbn
/m/0ftps	/tv/tv_program/regular_cast./tv/regular_tv_appearance/actor	/m/0mwl2
/m/02c6d	/people/person/sibling_s./people/sibling_relationship/sibling	/m/027dtv3
/m/027f2w	/education/educational_institution/students_graduates./education/education/major_field_of_study	/m/01c9dd
/m/0_7w6	/travel/travel_destination/climate./travel/travel_destination_monthly_climate/month	/m/0136p1
/m/049tjg	/film/film/country	/m/01kf4tt
/m/01hwc6	/music/performance_role/guest_performances./music/recording_contribution/performance_role	/m/02_n3z
/m/05pcn59	/people/deceased_person/place_of_death	/m/02py4c8
/m/04rzd	/award/award_nominee/award_nominations./award/award_nomination/award	/m/02lyr4
/m/021_z5	/film/film/personal_appearances./film/personal_film_appearance/person	/m/0gz5hs
/m/01hvjx	/user/ktrueman/default_domain/international_organization/member_states	/m/04jwjq
/m/01vrncs	/music/performance_role/regular_performances./music/group_membership/role	/m/0jzphpx
/m/0hkxq	/people/person/religion	/m/0hx4y
/m/0jm2v	/government/governmental_body/members./government/government_position_held/legislative_sessions	/m/0349s
/m/059rc	/base/schemastaging/organization_extra/phone_number./base/schemastaging/phone_sandbox/contact_category	/m/01pr_j6
/m/02ky346	/government/politician/government_positions_held./government/government_position_held/legislative_sessions	/m/01wxdn3
/m/04nrcg	/education/university/local_tuition./measurement_unit/dated_money_value/currency	/m/0261g5l
/m/0j_t1	/common/topic/webpage./common/webpage/category	/m/0lgsq
/m/03xmy1	/film/film/story_by	/m/02_j7t
/m/08wq0g	/base/schemastaging/organization_extra/phone_number./base/schemastaging/phone_sandbox/service_location	/m/07xtqq
/m/02qjj7	/base/aareas/schema/administrative_area/administrative_area_type	/m/02jgm0
/m/03rt9	/film/film/executive_produced_by	/m/0chgzm
/m/01wxyx1	/education/educational_institution/students_graduates./education/education/student	/m/0jgd
/m/0fht9f	/award/award_nominee/award_nominations./award/award_nomination/award_nominee	/m/018y2s
/m/019f2f	/tv/tv_personality/tv_regular_appearances./tv/tv_regular_personal_appearance/program	/m/05wjnt
/m/0ds6bmk	/organization/organization/headquarters./location/mailing_address/state_province_region	/m/08w7vj
/m/035s95	/music/genre/artists	/m/01b1mj
/m/01f8gz	/music/group_member/membership./music/group_membership/role	/m/02q6gfp
/m/0c3kw	/government/governmental_body/members./government/government_position_held/legislative_sessions	/m/04344j
/m/0f4x7	/location/hud_county_place/county	/m/06pwq
/m/07xtqq	/sports/sports_position/players./sports/sports_team_roster/position	/m/0g69lg
/m/0171cm	/military/military_conflict/combatants./military/military_combatant_group/combatants	/m/01gjd0
/m/0h1m9	/people/person/place_of_birth	/m/02nhxf
/m/05v8c	/location/country/second_level_divisions	/m/05cvgl
/m/0kx4m	/tv/tv_program/country_of_origin	/m/0343h
/m/028_yv	/education/educational_degree/people_with_this_degree./education/education/major_field_of_study	/m/02bxd
/m/013719	/soccer/football_team/current_roster./sports/sports_team_roster/position	/m/0vgkd
/m/0h1v19	/base/schemastaging/organization_extra/phone_number./base/schemastaging/phone_sandbox/service_language	/m/04jkpgv
/m/02q636	/tv/tv_producer/programs_produced./tv/tv_producer_term/program	/m/040fv
/m/05typm	/olympics/olympic_participating_country/medals_won./olympics/olympic_medal_honor/medal	/m/0gvstc3
/m/0993r	/film/film_distributor/films_distributed./film/film_film_distributor_relationship/film	/m/0c1pj
/m/0h_cssd	/film/film/other_crew./film/film_crew_gig/crewmember	/m/09qvms
/m/01pvkk	/organization/organization_founder/organizations_founded	/m/07wlf
/m/04qvl7	/baseball/baseball_team/team_stats./baseball/baseball_team_stats/season	/m/09tqxt
/m/02662b	/film/film/produced_by	/m/04b4yg
/m/02p65p	/base/x2010fifaworldcupsouthafrica/world_cup_squad/current_world_cup_squad./base/x2010fifaworldcupsouthafrica/current_world_cup_squad/current_club	/m/050023
/m/02_1q9	/people/marriage_union_type/unions_of_this_type./people/marriage/location_of_ceremony	/m/02_fj
/m/01ty7ll	/people/profession/specialization_of	/m/05bxwh
/m/02_n5d	/award/ranked_item/appears_in_ranked_lists./award/ranking/list	/m/027f2w
/m/028d4v	/sports/professional_sports_team/draft_picks./sports/sports_league_draft_pick/draft	/m/026xxv_
/m/01crd5	/organization/organization/headquarters./location/mailing_address/state_province_region	/m/01fq7
/m/011k1h	/film/film/release_date_s./film/film_regional_release_date/film_release_region	/m/028rk
/m/0bscw	/music/performance_role/track_performances./music/track_contribution/role	/m/02w4fkq
/m/03h_yy	/music/group_member/membership./music/group_membership/role	/m/02_j1w
/m/02jknp	/film/film/music	/m/06bnz
/m/01b1mj	/sports/sports_team_location/teams	/m/0j3v
/m/0721cy	/government/government_office_category/officeholders./government/government_position_held/jurisdiction_of_office	/m/011yxg
/m/067ghz	/film/film/estimated_budget./measurement_unit/dated_money_value/currency	/m/01x5fb
/m/01dzz7	/film/film/country	/m/0k4d7
/m/0fq27fp	/military/military_combatant/military_conflicts./military/military_combatant_group/combatants	/m/02knnd
/m/0b_6qj	/film/film/edited_by	/m/081mh
/m/0kq2g	/people/marriage_union_type/unions_of_this_type./people/marriage/location_of_ceremony	/m/0swff
/m/0170xl	/sports/professional_sports_team/draft_picks./sports/sports_league_draft_pick/school	/m/03ttfc
/m/02kcv4x	/education/educational_degree/people_with_this_degree./education/education/student	/m/03yl2t
/m/06k02	/music/performance_role/regular_performances./music/group_membership/role	/m/01lfvj
/m/054krc	/location/country/second_level_divisions	/m/03ydlnj
/m/0hwqg	/government/politician/government_positions_held./government/government_position_held/legislative_sessions	/m/02q_cc
/m/0tc7	/base/culturalevent/event/entity_involved	/m/03v_5
/m/05zvj3m	/organization/organization/place_founded	/m/025m8l
/m/09nqf	/education/educational_institution/colors	/m/02yvct
/m/05whq_9	/base/popstra/celebrity/dated./base/popstra/dated/participant	/m/027tbrc
/m/01hnp	/location/country/form_of_government	/m/02yv6b
/m/0ctt4z	/sports/sports_team_location/teams	/m/0d7wh
/m/01hnp	/award/award_category/disciplines_or_subjects	/m/07w0v
/m/0byfz	/government/politician/government_positions_held./government/government_position_held/legislative_sessions	/m/0gvstc3
/m/01fpvz	/award/hall_of_fame/inductees./award/hall_of_fame_induction/inductee	/m/047wh1
/m/02x258x	/award/award_winner/awards_won./award/award_honor/award_winner	/m/0bdx29
/m/09tqxt	/media_common/netflix_genre/titles	/m/092c5f
/m/0d1mp3	/sports/professional_sports_team/draft_picks./sports/sports_league_draft_pick/draft	/m/020xn5
/m/030_1m	/base/aareas/schema/administrative_area/administrative_parent	/m/0m68w
/m/02x258x	/location/location/adjoin_s./location/adjoining_relationship/adjoins	/m/0gd0c7x
/m/01j67j	/people/profession/specialization_of	/m/02n4kr
/m/05hs4r	/people/marriage_union_type/unions_of_this_type./people/marriage/location_of_ceremony	/m/0gq_v
/m/0mx6c	/education/educational_institution/students_graduates./education/education/major_field_of_study	/m/0j1z8
/m/0m77m	/music/instrument/instrumentalists	/m/02s62q
/m/02f705	/government/political_party/politicians_in_this_party./government/political_party_tenure/politician	/m/02r4qs
/m/05nmg_	/tv/tv_producer/programs_produced./tv/tv_producer_term/program	/m/03nqnk3
/m/04tc1g	/award/award_winner/awards_won./award/award_honor/award_winner	/m/030_1m
/m/019nnl	/film/film/production_companies	/m/06k02
/m/026lgs	/base/popstra/location/vacationers./base/popstra/vacation_choice/vacationer	/m/01gx5f
/m/017_1x	/olympics/olympic_games/medals_awarded./olympics/olympic_medal_honor/medal	/m/01w58n3
/m/0pmp2	/olympics/olympic_games/participating_countries	/m/04zx3q1
/m/015pkc	/base/popstra/celebrity/breakup./base/popstra/breakup/participant	/m/0dq630k
/m/0ftlkg	/film/film/film_production_design_by	/m/01nd2c
/m/01w61th	/film/actor/film./film/performance/film	/m/01p7yb
/m/0byfz	/location/location/adjoin_s./location/adjoining_relationship/adjoins	/m/02x3lt7
/m/0j871	/base/aareas/schema/administrative_area/capital	/m/01771z
/m/021vwt	/influence/influence_node/peers./influence/peer_relationship/peers	/m/01ktz1
/m/0d_84	/celebrities/celebrity/celebrity_friends./celebrities/friendship/friend	/m/013807
/m/04344j	/base/aareas/schema/administrative_area/administrative_area_type	/m/0b76t12
/m/0356lc	/award/award_category/category_of	/m/013cr
/m/048lv	/base/locations/continents/countries_within	/m/01k5t_3
/m/07j87	/organization/organization_founder/organizations_founded	/m/013tjc
/m/02kth6	/time/event/locations	/m/02vp1f_
/m/05p09zm	/user/tsegaran/random/taxonomy_subject/entry./user/tsegaran/random/taxonomy_entry/taxonomy	/m/021p26
/m/01_vfy	/music/genre/parent_genre	/m/01l8t8
/m/02g1jh	/music/performance_role/guest_performances./music/recording_contribution/performance_role	/m/0152cw
/m/01wp8w7	/film/film/film_production_design_by	/m/013cz2
/m/08w7vj	/business/job_title/people_with_this_title./business/employment_tenure/company	/m/0p76z
/m/0r62v	/base/culturalevent/event/entity_involved	/m/0453t
/m/09nyf	/business/business_operation/revenue./measurement_unit/dated_money_value/currency	/m/027986c
/m/014q2g	/film/film/personal_appearances./film/personal_film_appearance/person	/m/0mwl2
/m/01vx5w7	/film/film/other_crew./film/film_crew_gig/crewmember	/m/04f62k
/m/01gzm2	/people/person/employment_history./business/employment_tenure/company	/m/09v3jyg
/m/0jzphpx	/business/business_operation/industry	/m/0dhdp
/m/0892sx	/film/film/executive_produced_by	/m/091z_p
/m/0gr4k	/award/award_nominated_work/award_nominations./award/award_nomination/nominated_for	/m/02hnl
/m/065jlv	/sports/sports_team/roster./american_football/football_historical_roster_position/position_s	/m/02x2gy0
/m/03ydlnj	/people/person/gender	/m/0gzy02
/m/02bp37	/soccer/football_team/current_roster./soccer/football_roster_position/position	/m/0342h
/m/0gp9mp	/film/film/other_crew./film/film_crew_gig/crewmember	/m/03g5jw
/m/0yzvw	/language/human_language/countries_spoken_in	/m/03f7jfh
/m/02g3v6	/location/us_county/county_seat	/m/0xzly
/m/0g2mbn	/location/location/time_zones	/m/032xhg
/m/06kxk2	/travel/travel_destination/climate./travel/travel_destination_monthly_climate/month	/m/01d38g
/m/04rs03	/tv/tv_program/languages	/m/020ngt
/m/065zr	/location/us_county/county_seat	/m/01sh2
/m/0244r8	/tv/tv_personality/tv_regular_appearances./tv/tv_regular_personal_appearance/program	/m/0fphf3v
/m/094hwz	/location/statistical_region/gdp_nominal./measurement_unit/dated_money_value/currency	/m/0g9wdmc
/m/0l2nd	/business/business_operation/revenue./measurement_unit/dated_money_value/currency	/m/0c_j5d
/m/019g40	/award/award_nominee/award_nominations./award/award_nomination/nominated_for	/m/0jym0
/m/0fgg8c	/sports/sports_team/roster./basketball/basketball_roster_position/position	/m/044mvs
/m/07gql	/education/educational_institution_campus/educational_institution	/m/01j5ts
/m/05g3b	/film/film/written_by	/m/0gp9mp
/m/01t2h2	/base/locations/continents/countries_within	/m/0c8tkt
/m/07g_0c	/film/film/other_crew./film/film_crew_gig/film_crew_role	/m/08g_jw
/m/04lc0h	/common/topic/webpage./common/webpage/category	/m/07l24
/m/02krf9	/tv/tv_program/tv_producer./tv/tv_producer_term/producer_type	/m/05tk7y
/m/021bmf	/music/instrument/instrumentalists	/m/026lj
/m/0dn16	/people/person/places_lived./people/place_lived/location	/m/05b4l5x
/m/03t9sp	/base/aareas/schema/administrative_area/administrative_parent	/m/02qggqc
/m/0dth6b	/film/special_film_performance_type/film_performance_type./film/performance/film	/m/0bx0l
/m/01j_cy	/award/award_category/nominees./award/award_nomination/nominated_for	/m/034x61
/m/01679d	/people/person/sibling_s./people/sibling_relationship/sibling	/m/03sb38
/m/01mvth	/people/person/spouse_s./people/marriage/type_of_union	/m/03mh94
/m/04ghz4m	/base/saturdaynightlive/snl_cast_member/seasons./base/saturdaynightlive/snl_season_tenure/cast_members	/m/016kjs
/m/03t9sp	/film/film/genre	/m/04vt98
/m/08966	/music/performance_role/regular_performances./music/group_membership/group	/m/047dpm0
/m/08f3b1	/award/award_winner/awards_won./award/award_honor/award_winner	/m/0170qf
/m/02v8kmz	/film/film/edited_by	/m/06gp3f
/m/08c9b0	/film/film/estimated_budget./measurement_unit/dated_money_value/currency	/m/09p0ct
/m/01n5sn	/tv/tv_producer/programs_produced./tv/tv_producer_term/producer_type	/m/0pmp2
/m/02lfcm	/sports/sports_team/colors	/m/04ljl_l
/m/05fhy	/education/educational_institution/colors	/m/03z20c
/m/01d650	/sports/sports_team/roster./american_football/football_historical_roster_position/position_s	/m/0fm9_
/m/097h2	/base/aareas/schema/administrative_area/administrative_parent	/m/016sp_
/m/01pl9g	/tv/tv_producer/programs_produced./tv/tv_producer_term/program	/m/01t6b4
/m/0ggl02	/user/ktrueman/default_domain/international_organization/member_states	/m/0257w4
/m/0clvcx	/tv/tv_program/regular_cast./tv/regular_tv_appearance/actor	/m/0137n0
/m/01y9pk	/film/film_set_designer/film_sets_designed	/m/02d44q
/m/0gg7gsl	/location/us_county/county_seat	/m/04ljl_l
/m/058ncz	/film/film/distributors./film/film_film_distributor_relationship/region	/m/080dyk
/m/052vwh	/location/location/partially_contains	/m/0411q
/m/02_2v2	/people/person/profession	/m/0783m_
/m/019nnl	/location/location/time_zones	/m/01dnws
/m/0fdv3	/organization/organization_member/member_of./organization/organization_membership/organization	/m/030hcs
/m/0jt3qpk	/music/genre/parent_genre	/m/01hhvg
/m/0_3cs	/american_football/football_team/current_roster./sports/sports_team_roster/position	/m/0d2psv
/m/065r8g	/people/ethnicity/languages_spoken	/m/0fbq2n
/m/054ky1	/sports/sport/pro_athletes./sports/pro_sports_played/athlete	/m/01gtc0
/m/02d9k	/film/actor/film./film/performance/special_performance_type	/m/01dpdh
/m/085ccd	/film/film/country	/m/02vxq9m
/m/0487c3	/tv/tv_program/genre	/m/015f47
/m/07t21	/people/person/profession	/m/011zd3
/m/03knl	/award/award_category/category_of	/m/01531
/m/0qcr0	/travel/travel_destination/climate./travel/travel_destination_monthly_climate/month	/m/0bkj86
/m/01xr2s	/business/business_operation/industry	/m/0284gcb
/m/0f2r6	/base/aareas/schema/administrative_area/administrative_parent	/m/0chgzm
/m/03xx9l	/people/person/sibling_s./people/sibling_relationship/sibling	/m/0167_s
/m/05zy2cy	/base/locations/continents/countries_within	/m/09tkzy
/m/0ggl02	/tv/tv_producer/programs_produced./tv/tv_producer_term/producer_type	/m/01vsxdm
/m/02hnl	/people/person/nationality	/m/0ftlkg
/m/0kz2w	/music/performance_role/regular_performances./music/group_membership/group	/m/0fq9zdn
/m/038rzr	/film/film/release_date_s./film/film_regional_release_date/film_release_region	/m/07pd_j
/m/0cnk2q	/base/biblioness/bibs_location/state	/m/0415svh
/m/0260bz	/broadcast/content/artist	/m/027rwmr
/m/0249kn	/sports/sports_team/roster./american_football/football_historical_roster_position/position_s	/m/08q1tg
/m/02jcc	/tv/tv_writer/tv_programs./tv/tv_program_writer_relationship/tv_program	/m/04t36
/m/0d7wh	/film/film/language	/m/01znc_
/m/0gxtknx	/location/location/adjoin_s./location/adjoining_relationship/adjoins	/m/0gvbw
/m/04y8r	/broadcast/content/artist	/m/0gd5z
/m/0c9k8	/business/business_operation/industry	/m/0d1t3
/m/02x4sn8	/base/americancomedy/celebrity_impressionist/celebrities_impersonated	/m/04rrx
/m/0dwxr	/film/film/genre	/m/0g5pv3
/m/01dzz7	/music/artist/contribution./music/recording_contribution/performance_role	/m/0407yfx
/m/03m8y5	/film/film_set_designer/film_sets_designed	/m/04qhdf
/m/06lj1m	/medicine/disease/notable_people_with_this_condition	/m/07sgfvl
/m/01jbx1	/film/film/written_by	/m/07jrjb
/m/011k11	/people/ethnicity/people	/m/01tj34
/m/0n1h	/education/educational_degree/people_with_this_degree./education/education/student	/m/01yhm
/m/03w1v2	/sports/pro_athlete/teams./sports/sports_team_roster/team	/m/0kvrb
/m/0272_vz	/sports/sports_team/roster./basketball/basketball_roster_position/position	/m/056vv
/m/026n998	/film/film/film_production_design_by	/m/02qhqz4
/m/02qjj7	/sports/sports_league/teams./sports/sports_league_participation/team	/m/020w2
/m/09sdmz	/people/person/place_of_birth	/m/05zksls
/m/01hp5	/sports/sports_team/roster./american_football/football_roster_position/position	/m/015zxh
/m/0bdx29	/people/cause_of_death/people	/m/045zr
/m/083shs	/award/award_nominee/award_nominations./award/award_nomination/nominated_for	/m/02cllz
/m/063vn	/education/field_of_study/students_majoring./education/education/major_field_of_study	/m/0phx4
/m/0jt3qpk	/broadcast/content/artist	/m/01sgl
/m/019bk0	/film/film/other_crew./film/film_crew_gig/crewmember	/m/02vklm3
/m/0sz28	/travel/travel_destination/climate./travel/travel_destination_monthly_climate/month	/m/031n8c
/m/0dm5l	/olympics/olympic_sport/athletes./olympics/olympic_athlete_affiliation/olympics	/m/06151l
/m/05b4w	/media_common/netflix_genre/titles	/m/02ck1
/m/013719	/base/biblioness/bibs_location/country	/m/02773m2
/m/06cs95	/government/legislative_session/members./government/government_position_held/district_represented	/m/01hwc6
/m/079hvk	/film/film/prequel	/m/0j2pg
/m/0fgg8c	/olympics/olympic_participating_country/athletes./olympics/olympic_athlete_affiliation/olympics	/m/01s73z
/m/0g9wdmc	/location/hud_foreclosure_area/estimated_number_of_mortgages./measurement_unit/dated_integer/source	/m/03mqj_
/m/01f8gz	/education/educational_institution/colors	/m/0cv9b
/m/03s5t	/music/group_member/membership./music/group_membership/role	/m/0gqwc
/m/07xzm	/film/film/film_format	/m/09lbv
/m/06_wqk4	/education/educational_institution/students_graduates./education/education/major_field_of_study	/m/030_1m
/m/030znt	/people/person/nationality	/m/0c3ybss
/m/0k611	/location/country/capital	/m/01fmys
/m/02m501	/music/performance_role/track_performances./music/track_contribution/role	/m/0182r9
/m/0gq_v	/baseball/baseball_team/team_stats./baseball/baseball_team_stats/season	/m/012yc
/m/02y_3rf	/tv/tv_producer/programs_produced./tv/tv_producer_term/producer_type	/m/0hv27
/m/02vzc	/people/deceased_person/place_of_death	/m/080dyk
/m/01qn7n	/base/aareas/schema/administrative_area/capital	/m/02hct1
/m/02yv6b	/education/university/local_tuition./measurement_unit/dated_money_value/currency	/m/01v9l67
/m/04kxsb	/base/aareas/schema/administrative_area/capital	/m/02l7c8
/m/03mcwq3	/tv/tv_producer/programs_produced./tv/tv_producer_term/program	/m/01z215
/m/037s9x	/base/aareas/schema/administrative_area/administrative_area_type	/m/0152cw
/m/087wc7n	/base/popstra/location/vacationers./base/popstra/vacation_choice/vacationer	/m/05jg58
/m/028kj0	/education/educational_institution_campus/educational_institution	/m/09p0ct
/m/0jvt9	/sports/sports_team/sport	/m/0yc84
/m/076psv	/people/person/sibling_s./people/sibling_relationship/sibling	/m/019v9k
/m/02bjhv	/people/person/profession	/m/07z5n
/m/04zl8	/business/job_title/people_with_this_title./business/employment_tenure/company	/m/02qhqz4
/m/0gsg7	/people/person/religion	/m/01v3s2_
/m/0dth6b	/tv/tv_program/country_of_origin	/m/085bd1
/m/054ks3	/location/country/second_level_divisions	/m/01pj7
/m/05kjc6	/education/educational_degree/people_with_this_degree./education/education/institution	/m/059g4
/m/0373qt	/tv/tv_writer/tv_programs./tv/tv_program_writer_relationship/tv_program	/m/0sxrz
/m/029h7y	/government/politician/government_positions_held./government/government_position_held/legislative_sessions	/m/02301
/m/01jfsb	/music/artist/contribution./music/recording_contribution/performance_role	/m/0kpl
/m/01v9l67	/base/americancomedy/celebrity_impressionist/celebrities_impersonated	/m/045zr
/m/04h4c9	/education/educational_degree/people_with_this_degree./education/education/institution	/m/03kwtb
/m/01hxs4	/award/award_category/nominees./award/award_nomination/nominated_for	/m/03npn
/m/02xfj0	/people/marriage_union_type/unions_of_this_type./people/marriage/location_of_ceremony	/m/01n8gr
/m/01309x	/people/person/place_of_birth	/m/0hhggmy
/m/0g22z	/tv/tv_network/programs./tv/tv_network_duration/program	/m/0blbxk
/m/07bs0	/location/country/capital	/m/0203v
/m/0fphf3v	/user/jg/default_domain/olympic_games/sports	/m/088cp
/m/04f525m	/music/performance_role/guest_performances./music/recording_contribution/performance_role	/m/02zmh5
/m/01zkxv	/location/hud_county_place/place	/m/033cnk
/m/0jcg8	/film/film/film_production_design_by	/m/01d_h8
/m/02nzb8	/sports/sports_position/players./sports/sports_team_roster/position	/m/03ww_x
/m/04t36	/education/educational_degree/people_with_this_degree./education/education/major_field_of_study	/m/05dy7p
/m/01531	/influence/influence_node/influenced_by	/m/02k54
/m/0c40vxk	/music/performance_role/regular_performances./music/group_membership/group	/m/01tj34
/m/01kf3_9	/people/ethnicity/people	/m/02rjv2w
/m/0f2df	/film/film/runtime./film/film_cut/film_release_region	/m/04n6k
/m/02lpp7	/user/jg/default_domain/olympic_games/sports	/m/0n2bh
/m/01c22t	/education/university/domestic_tuition./measurement_unit/dated_money_value/currency	/m/05g3v
/m/0cr3d	/people/person/nationality	/m/0gj9qxr
/m/012zng	/language/human_language/countries_spoken_in	/m/02wcx8c
/m/02hgm4	/people/ethnicity/languages_spoken	/m/0266sb_
/m/0dhdp	/sports/sports_position/players./american_football/football_historical_roster_position/position_s	/m/04f52jw
/m/01gf5h	/government/politician/government_positions_held./government/government_position_held/basic_title	/m/0jmdb
/m/0fgg8c	/film/film/executive_produced_by	/m/09q5w2
/m/02ndj5	/base/popstra/celebrity/friendship./base/popstra/friendship/participant	/m/01pbxb
/m/03_d0	/celebrities/celebrity/sexual_relationships./celebrities/romantic_relationship/celebrity	/m/01c0cc
/m/032w8h	/music/instrument/instrumentalists	/m/02_xgp2
/m/0k7tq	/film/actor/film./film/performance/special_performance_type	/m/0cc5tgk
/m/02_1sj	/location/statistical_region/gdp_nominal_per_capita./measurement_unit/dated_money_value/currency	/m/04wqr
/m/03cvwkr	/award/award_nominee/award_nominations./award/award_nomination/nominated_for	/m/01gkgk
/m/08m4c8	/film/film/prequel	/m/0pzpz
/m/03rjj	/location/statistical_region/rent50_2./measurement_unit/dated_money_value/currency	/m/03k545
/m/0gbbt	/award/award_winning_work/awards_won./award/award_honor/honored_for	/m/03_gx
/m/036gdw	/base/schemastaging/organization_extra/phone_number./base/schemastaging/phone_sandbox/service_location	/m/03s0w
/m/0j582	/film/film/executive_produced_by	/m/063y_ky
/m/0k_q_	/base/schemastaging/organization_extra/phone_number./base/schemastaging/phone_sandbox/service_language	/m/01swxv
/m/0gz5hs	/sports/sports_team/colors	/m/0d4fqn
/m/01ngz1	/common/topic/webpage./common/webpage/category	/m/07k53y
/m/07f5x	/business/business_operation/industry	/m/0170pk
/m/043djx	/people/person/spouse_s./people/marriage/type_of_union	/m/0pmpl
/m/04399	/location/administrative_division/country	/m/026p4q7
/m/07lt7b	/education/field_of_study/students_majoring./education/education/student	/m/01lcxbb
/m/06tp4h	/olympics/olympic_participating_country/athletes./olympics/olympic_athlete_affiliation/olympics	/m/0237fw
/m/02qdgx	/user/tsegaran/random/taxonomy_subject/entry./user/tsegaran/random/taxonomy_entry/taxonomy	/m/01qvgl
/m/01bns_	/user/jg/default_domain/olympic_games/sports	/m/02xhpl
/m/0lfgr	/location/location/time_zones	/m/06m6z6
/m/05b__vr	/award/award_ceremony/awards_presented./award/award_honor/award_winner	/m/057d89
/m/0bdw1g	/broadcast/content/artist	/m/03975z
/m/083p7	/military/military_conflict/combatants./military/military_combatant_group/combatants	/m/0p_th
/m/01q_y0	/celebrities/celebrity/sexual_relationships./celebrities/romantic_relationship/celebrity	/m/01d494
/m/02qyp19	/influence/influence_node/influenced_by	/m/03ww_x
/m/01nwwl	/location/hud_foreclosure_area/estimated_number_of_mortgages./measurement_unit/dated_integer/source	/m/03xx9l
/m/02nfhx	/influence/influence_node/peers./influence/peer_relationship/peers	/m/04dqdk
/m/025txtg	/business/business_operation/revenue./measurement_unit/dated_money_value/currency	/m/06wzvr
/m/0j_sncb	/location/statistical_region/rent50_2./measurement_unit/dated_money_value/currency	/m/01gf5h
/m/0gtvrv3	/base/schemastaging/organization_extra/phone_number./base/schemastaging/phone_sandbox/service_language	/m/018js4
/m/06jk5_	/base/schemastaging/person_extra/net_worth./measurement_unit/dated_money_value/currency	/m/01n4f8
/m/02_5h	/education/university/fraternities_and_sororities	/m/01n5sn
/m/04dn09n	/education/university/local_tuition./measurement_unit/dated_money_value/currency	/m/02bqn1
/m/083q7	/film/film/release_date_s./film/film_regional_release_date/film_release_region	/m/045zr
/m/021b_	/people/ethnicity/people	/m/03h_9lg
/m/076psv	/education/educational_institution_campus/educational_institution	/m/0phx4
/m/01nczg	/people/person/places_lived./people/place_lived/location	/m/03bxz7
/m/013b2h	/music/artist/contribution./music/recording_contribution/performance_role	/m/044rvb
/m/09889g	/award/award_winning_work/awards_won./award/award_honor/honored_for	/m/0ctt4z
/m/0qb1z	/influence/influence_node/peers./influence/peer_relationship/peers	/m/03x3qv
/m/0sg6b	/base/saturdaynightlive/snl_cast_member/seasons./base/saturdaynightlive/snl_season_tenure/cast_members	/m/0jjw
/m/01wk7b7	/education/educational_institution/school_type	/m/02j9z
/m/01p1v	/influence/influence_node/peers./influence/peer_relationship/peers	/m/05bt6j
/m/04l3_z	/tv/tv_producer/programs_produced./tv/tv_producer_term/producer_type	/m/0bmfnjs
/m/0cnl09	/location/country/form_of_government	/m/018jk2
/m/01yznp	/film/film_set_designer/film_sets_designed	/m/0jfx1
/m/012s5j	/olympics/olympic_games/participating_countries	/m/02pyyld
/m/0c_j5d	/location/hud_county_place/county	/m/0p_2r
/m/02f79n	/base/popstra/celebrity/breakup./base/popstra/breakup/participant	/m/0p_pd
/m/0cvw9	/base/schemastaging/organization_extra/phone_number./base/schemastaging/phone_sandbox/service_location	/m/0pc6x
/m/0520r2x	/award/award_nominee/award_nominations./award/award_nomination/award_nominee	/m/02_h0
/m/01twdk	/base/aareas/schema/administrative_area/administrative_parent	/m/02vkdwz
/m/0g78xc	/location/statistical_region/religions./location/religion_percentage/religion	/m/06b1q
/m/09mq4m	/film/film/cinematography	/m/09f0bj
/m/0fvr1	/food/food/nutrients./food/nutrition_fact/nutrient	/m/0ftf0f
/m/0q_xk	/film/film/music	/m/054ky1
/m/08g_jw	/sports/sports_league_draft/picks./sports/sports_league_draft_pick/school	/m/0265vcb
/m/06jzh	/base/popstra/celebrity/dated./base/popstra/dated/participant	/m/0dl5d
/m/013q07	/people/person/sibling_s./people/sibling_relationship/sibling	/m/020ngt
/m/04m8fy	/location/hud_county_place/place	/m/01jc6q
/m/014x77	/people/person/spouse_s./people/marriage/type_of_union	/m/08q1tg
/m/05r79	/olympics/olympic_sport/athletes./olympics/olympic_athlete_affiliation/country	/m/04rrx
/m/05xvj	/people/person/places_lived./people/place_lived/location	/m/07kc_
/m/05hdf	/film/film/cinematography	/m/0c8wxp
/m/089tm	/location/hud_county_place/county	/m/01jnf1
/m/01wbl_r	/user/alexander/philosophy/philosopher/interests	/m/0gjvqm
/m/0fvxz	/education/educational_institution/students_graduates./education/education/major_field_of_study	/m/0cp0ph6
/m/013kcv	/olympics/olympic_sport/athletes./olympics/olympic_athlete_affiliation/country	/m/04mjl
/m/0nvrd	/award/award_category/nominees./award/award_nomination/nominated_for	/m/01pj7
/m/0488g	/music/group_member/membership./music/group_membership/group	/m/09mq4m
/m/015zxh	/organization/organization_founder/organizations_founded	/m/016ywb
/m/03_d0	/time/event/locations	/m/047sgz4
/m/02v5_g	/education/university/local_tuition./measurement_unit/dated_money_value/currency	/m/05h4t7
/m/02vm9nd	/olympics/olympic_sport/athletes./olympics/olympic_athlete_affiliation/olympics	/m/0191_7
/m/01w8sf	/film/film/release_date_s./film/film_regional_release_date/film_regional_debut_venue	/m/0cd2vh9
/m/0fdv3	/common/topic/webpage./common/webpage/category	/m/0f4m2z
/m/0b76t12	/organization/organization_member/member_of./organization/organization_membership/organization	/m/07hnp
/m/04rrd	/music/group_member/membership./music/group_membership/group	/m/01gb54
/m/0lv1x	/american_football/football_team/current_roster./sports/sports_team_roster/position	/m/01hqhm
/m/01qdjm	/base/schemastaging/organization_extra/phone_number./base/schemastaging/phone_sandbox/service_language	/m/0nbcg
/m/02bxd	/education/educational_institution/students_graduates./education/education/student	/m/028lc8
/m/09v71cj	/location/statistical_region/gdp_nominal./measurement_unit/dated_money_value/currency	/m/07ng9k
/m/02_j1w	/location/hud_county_place/place	/m/02gnh0
/m/03ft8	/film/director/film	/m/02p21g
/m/049bmk	/film/film/executive_produced_by	/m/01vrt_c
/m/09cr8	/film/film/estimated_budget./measurement_unit/dated_money_value/currency	/m/02lpp7
/m/05ksh	/organization/organization_founder/organizations_founded	/m/0jbk9
/m/05qd_	/location/capital_of_administrative_division/capital_of./location/administrative_division_capital_relationship/administrative_division	/m/082gq
/m/0147sh	/film/film/estimated_budget./measurement_unit/dated_money_value/currency	/m/03z5xd
/m/07jrjb	/location/location/partially_contains	/m/060j8b
/m/0ckd1	/organization/organization/headquarters./location/mailing_address/citytown	/m/0239kh
/m/0144l1	/sports/sports_team/sport	/m/0kvsb
/m/0162c8	/base/schemastaging/organization_extra/phone_number./base/schemastaging/phone_sandbox/service_language	/m/018ygt
/m/0gfsq9	/music/group_member/membership./music/group_membership/group	/m/0gvrws1
/m/0cpllql	/organization/endowed_organization/endowment./measurement_unit/dated_money_value/currency	/m/02nf2c
/m/01wcp_g	/government/government_office_category/officeholders./government/government_position_held/jurisdiction_of_office	/m/05hs4r
/m/06v_gh	/film/film/distributors./film/film_film_distributor_relationship/region	/m/01y49
/m/01trhmt	/location/country/second_level_divisions	/m/0274ck
/m/0bvn25	/film/film_distributor/films_distributed./film/film_film_distributor_relationship/film	/m/05728w1
/m/0191_7	/government/politician/government_positions_held./government/government_position_held/legislative_sessions	/m/02vzc
/m/018jk2	/celebrities/celebrity/celebrity_friends./celebrities/friendship/friend	/m/0b_77q
/m/01n8gr	/education/educational_degree/people_with_this_degree./education/education/major_field_of_study	/m/01p9hgt
/m/0bscw	/film/film/release_date_s./film/film_regional_release_date/film_regional_debut_venue	/m/028qdb
/m/0g284	/film/film/film_art_direction_by	/m/0blq0z
/m/02js6_	/base/marchmadness/ncaa_basketball_tournament/seeds./base/marchmadness/ncaa_tournament_seed/team	/m/07ssc
/m/01h7bb	/people/cause_of_death/people	/m/01445t
/m/05lb87	/sports/sports_position/players./sports/sports_team_roster/team	/m/03_vx9
/m/02b25y	/education/educational_degree/people_with_this_degree./education/education/major_field_of_study	/m/041rx
/m/02b25y	/olympics/olympic_games/medals_awarded./olympics/olympic_medal_honor/medal	/m/0b_5d
/m/011zf2	/award/hall_of_fame/inductees./award/hall_of_fame_induction/inductee	/m/02vklm3
/m/0241jw	/base/aareas/schema/administrative_area/capital	/m/07szy
/m/0jtdp	/location/administrative_division/country	/m/05qjt
/m/0cnl09	/education/university/fraternities_and_sororities	/m/051hrr
/m/081lh	/tv/tv_producer/programs_produced./tv/tv_producer_term/producer_type	/m/02778pf
/m/044l47	/business/job_title/people_with_this_title./business/employment_tenure/company	/m/02m501
/m/0170qf	/organization/endowed_organization/endowment./measurement_unit/dated_money_value/currency	/m/017gm7
/m/08gsvw	/award/award_ceremony/awards_presented./award/award_honor/award_winner	/m/01364q
/m/07s8r0	/sports/sport/pro_athletes./sports/pro_sports_played/athlete	/m/017zq0
/m/04mjl	/base/aareas/schema/administrative_area/administrative_parent	/m/02fn5r
/m/03k7bd	/organization/endowed_organization/endowment./measurement_unit/dated_money_value/currency	/m/040vk98
/m/0qf3p	/music/artist/track_contributions./music/track_contribution/role	/m/02zsn
/m/0bmh4	/base/popstra/celebrity/friendship./base/popstra/friendship/participant	/m/0265v21
/m/0ggbhy7	/location/capital_of_administrative_division/capital_of./location/administrative_division_capital_relationship/administrative_division	/m/02qlg7s
/m/0d2psv	/business/business_operation/revenue./measurement_unit/dated_money_value/currency	/m/0c0nhgv
/m/02pz3j5	/government/governmental_body/members./government/government_position_held/legislative_sessions	/m/06n90
/m/083tk	/film/film/language	/m/03mh94
/m/01xwqn	/people/profession/specialization_of	/m/016sp_
/m/01wj92r	/location/us_county/county_seat	/m/03gwpw2
/m/0jf1b	/location/us_county/county_seat	/m/0dg3n1
/m/04f_d	/sports/sports_team/roster./american_football/football_roster_position/position	/m/07f5x
/m/07kc_	/olympics/olympic_games/sports	/m/0436f4
/m/08hp53	/film/film/prequel	/m/05qsxy
/m/030wkp	/organization/organization_member/member_of./organization/organization_membership/organization	/m/01mhwk
/m/09q5w2	/people/person/employment_history./business/employment_tenure/company	/m/01rtm4
/m/01271h	/film/film/production_companies	/m/05fjf
/m/02xcb6n	/organization/organization_member/member_of./organization/organization_membership/organization	/m/02fsn
/m/0kq2g	/education/educational_degree/people_with_this_degree./education/education/institution	/m/023kzp
/m/02y8z	/film/film/production_companies	/m/0dr1c2
/m/0gj8t_b	/base/schemastaging/organization_extra/phone_number./base/schemastaging/phone_sandbox/contact_category	/m/01ptt7
/m/03mr85	/education/university/local_tuition./measurement_unit/dated_money_value/currency	/m/050xxm
/m/0h53p1	/media_common/netflix_genre/titles	/m/091z_p
/m/02wt0	/location/country/second_level_divisions	/m/042rnl
/m/0fy34l	/film/film/film_festivals	/m/025m8l
/m/07sc6nw	/music/artist/contribution./music/recording_contribution/performance_role	/m/0gjk1d
/m/04mqgr	/film/film/other_crew./film/film_crew_gig/film_crew_role	/m/045bs6
/m/0m9p3	/film/film/release_date_s./film/film_regional_release_date/film_release_region	/m/09wz9
/m/0408np	/common/topic/webpage./common/webpage/category	/m/05b__vr
/m/0gxtknx	/base/schemastaging/organization_extra/phone_number./base/schemastaging/phone_sandbox/service_location	/m/0cz8mkh
/m/09xbpt	/people/ethnicity/geographic_distribution	/m/04q24zv
/m/01qx13	/tv/tv_producer/programs_produced./tv/tv_producer_term/program	/m/01d_h8
/m/025vry	/olympics/olympic_games/participating_countries	/m/05krk
/m/013719	/base/biblioness/bibs_location/state	/m/09txzv
/m/08815	/sports/sports_team/colors	/m/02pprs
/m/0257yf	/film/film/written_by	/m/03t9sp
/m/01g63y	/location/location/contains	/m/0g1rw
/m/0tyql	/location/country/form_of_government	/m/04n7njg
/m/01w61th	/film/film/produced_by	/m/0dky9n
/m/01p7yb	/film/film/edited_by	/m/060bp
/m/06c1y	/music/genre/parent_genre	/m/01ddbl
/m/019cr	/organization/role/leaders./organization/leadership/organization	/m/0320jz
/m/04xvh5	/film/film/executive_produced_by	/m/0gcf2r
/m/01vksx	/business/job_title/people_with_this_title./business/employment_tenure/company	/m/07c0j
/m/02rv_dz	/organization/organization_member/member_of./organization/organization_membership/organization	/m/02211by
/m/07xl34	/base/americancomedy/celebrity_impressionist/celebrities_impersonated	/m/01w724
/m/0c3ns	/olympics/olympic_participating_country/medals_won./olympics/olympic_medal_honor/olympics	/m/07vk2
/m/04sylm	/award/award_ceremony/awards_presented./award/award_honor/award_winner	/m/01jssp
/m/02_1q9	/award/award_ceremony/awards_presented./award/award_honor/award_winner	/m/04zyhx
/m/0dr3sl	/sports/professional_sports_team/draft_picks./sports/sports_league_draft_pick/school	/m/0frf6
/m/05whq_9	/people/ethnicity/people	/m/01l7cxq
/m/03twd6	/tv/tv_producer/programs_produced./tv/tv_producer_term/producer_type	/m/0blg2
/m/09f0bj	/organization/non_profit_organization/registered_with./organization/non_profit_registration/registering_agency	/m/01k2wn
/m/03x746	/tv/tv_personality/tv_regular_appearances./tv/tv_regular_personal_appearance/program	/m/03lrqw
/m/02_cq0	/sports/sports_team/colors	/m/0hl3d
/m/0d1t3	/base/aareas/schema/administrative_area/administrative_area_type	/m/079vf
/m/0b1xl	/award/award_nominee/award_nominations./award/award_nomination/nominated_for	/m/06qgvf
/m/02tfl8	/award/award_ceremony/awards_presented./award/award_honor/honored_for	/m/01q7q2
/m/0ptk_	/olympics/olympic_sport/athletes./olympics/olympic_athlete_affiliation/olympics	/m/0b3wk
/m/03rhqg	/people/ethnicity/people	/m/06gp3f
/m/016h9b	/organization/non_profit_organization/registered_with./organization/non_profit_registration/registering_agency	/m/01d650
/m/014zcr	/award/award_category/category_of	/m/01yh3y
/m/03gjzk	/base/aareas/schema/administrative_area/administrative_parent	/m/0gd0c7x
/m/095w_	/music/performance_role/regular_performances./music/group_membership/group	/m/02ck1
/m/0hv1t	/people/person/places_lived./people/place_lived/location	/m/04g865
/m/0fw2y	/music/artist/contribution./music/recording_contribution/performance_role	/m/082gq
/m/02fb1n	/base/popstra/celebrity/breakup./base/popstra/breakup/participant	/m/04bdxl
/m/047sgz4	/sports/sports_team_location/teams	/m/0np9r
/m/02qyxs5	/business/business_operation/revenue./measurement_unit/dated_money_value/currency	/m/015zxh
/m/08966	/location/location/contains	/m/017r2
/m/07p__7	/film/film/personal_appearances./film/personal_film_appearance/person	/m/0fpjyd
/m/0fy34l	/film/film/film_format	/m/04sntd
/m/038rzr	/location/administrative_division/country	/m/01l8t8
/m/032w8h	/film/film/featured_film_locations	/m/0d06vc
/m/0n08r	/base/x2010fifaworldcupsouthafrica/world_cup_squad/current_world_cup_squad./base/x2010fifaworldcupsouthafrica/current_world_cup_squad/current_club	/m/01b7b
/m/011k11	/organization/organization_founder/organizations_founded	/m/02zyy4
/m/0pv3x	/base/schemastaging/organization_extra/phone_number./base/schemastaging/phone_sandbox/service_language	/m/0g284
/m/0btpm6	/people/ethnicity/people	/m/0bs1yy
/m/01f8gz	/base/biblioness/bibs_location/state	/m/054lpb6
/m/02pjc1h	/organization/endowed_organization/endowment./measurement_unit/dated_money_value/currency	/m/0gh4g0
/m/05vc35	/language/human_language/countries_spoken_in	/m/03gm48
/m/0190_q	/base/popstra/celebrity/dated./base/popstra/dated/participant	/m/0_b3d
/m/0yc84	/people/person/nationality	/m/026n6cs
/m/01fh0q	/tv/tv_personality/tv_regular_appearances./tv/tv_regular_personal_appearance/program	/m/031n8c
/m/0gcf2r	/organization/organization/headquarters./location/mailing_address/country	/m/029j_
/m/03xx9l	/organization/organization/place_founded	/m/02p_7cr
/m/013719	/broadcast/content/artist	/m/02ylg6
/m/04kzqz	/people/person/place_of_birth	/m/06rq2l
/m/047hpm	/film/film_subject/films	/m/04kxsb
/m/0l6mp	/award/award_winning_work/awards_won./award/award_honor/award_winner	/m/06cvj
/m/01xdf5	/user/jg/default_domain/olympic_games/sports	/m/0n2bh
/m/0jm3v	/sports/sports_team/roster./basketball/basketball_roster_position/position	/m/0plyy
/m/01n8_g	/celebrities/celebrity/sexual_relationships./celebrities/romantic_relationship/celebrity	/m/015_30
/m/03fts	/olympics/olympic_participating_country/athletes./olympics/olympic_athlete_affiliation/olympics	/m/0338lq
/m/0f94t	/olympics/olympic_games/medals_awarded./olympics/olympic_medal_honor/medal	/m/041rx
/m/02kcv4x	/film/film_set_designer/film_sets_designed	/m/0nvrd
/m/0blq0z	/film/film_distributor/films_distributed./film/film_film_distributor_relationship/film	/m/03f1zdw
/m/04tc1g	/tv/tv_program/regular_cast./tv/regular_tv_appearance/actor	/m/0cchk3
/m/03ydlnj	/film/film/estimated_budget./measurement_unit/dated_money_value/currency	/m/01rk91
/m/02tqkf	/tv/tv_producer/programs_produced./tv/tv_producer_term/producer_type	/m/0170pk
/m/021q0l	/film/film/release_date_s./film/film_regional_release_date/film_regional_debut_venue	/m/01pgp6
/m/09p7fh	/film/film/prequel	/m/0d0x8
/m/01trxd	/organization/organization/place_founded	/m/02rxj
/m/09bjv	/location/country/second_level_divisions	/m/0m_mm
/m/0hskw	/location/country/form_of_government	/m/08815
/m/03lrqw	/award/award_nominee/award_nominations./award/award_nomination/award	/m/01jq34
/m/04v8x9	/award/award_nominee/award_nominations./award/award_nomination/award	/m/09f0bj
/m/01n7q	/film/film/personal_appearances./film/personal_film_appearance/person	/m/083p7
/m/04n7njg	/base/popstra/celebrity/dated./base/popstra/dated/participant	/m/05cgv
/m/01xsbh	/sports/sports_position/players./sports/sports_team_roster/position	/m/01nqfh_
/m/0fgg8c	/base/locations/continents/countries_within	/m/01rk91
/m/0h1v19	/tv/tv_program/tv_producer./tv/tv_producer_term/producer_type	/m/016khd
/m/0bjqh	/olympics/olympic_games/participating_countries	/m/022xml
/m/0lpp8	/base/aareas/schema/administrative_area/capital	/m/0gqwc
/m/049k07	/film/film_set_designer/film_sets_designed	/m/02mslq
/m/0xkq4	/people/person/profession	/m/01wxdn3
/m/0ft5vs	/business/business_operation/revenue./measurement_unit/dated_money_value/currency	/m/0fb2l
/m/0m9p3	/location/hud_county_place/place	/m/01b39j
/m/07t65	/organization/organization/headquarters./location/mailing_address/country	/m/0vgkd
/m/07z5n	/tv/tv_writer/tv_programs./tv/tv_program_writer_relationship/tv_program	/m/01d2v1
/m/01q03	/tv/tv_personality/tv_regular_appearances./tv/tv_regular_personal_appearance/program	/m/09g8vhw
/m/05y7hc	/film/film_distributor/films_distributed./film/film_film_distributor_relationship/film	/m/0d1tm
/m/0106dv	/education/field_of_study/students_majoring./education/education/major_field_of_study	/m/03hp2y1
/m/02hn5v	/location/statistical_region/rent50_2./measurement_unit/dated_money_value/currency	/m/01ztgm
/m/0kszw	/base/popstra/location/vacationers./base/popstra/vacation_choice/vacationer	/m/01jcxwp
/m/02x2khw	/music/performance_role/regular_performances./music/group_membership/role	/m/02rrh1w
/m/0jmfv	/award/hall_of_fame/inductees./award/hall_of_fame_induction/inductee	/m/0j582
/m/0h0jz	/language/human_language/countries_spoken_in	/m/03m8y5
/m/01zmpg	/people/person/spouse_s./people/marriage/type_of_union	/m/05zrvfd
/m/015fr	/people/person/employment_history./business/employment_tenure/company	/m/05b__vr
/m/07gp9	/film/film/genre	/m/048htn
/m/05sb1	/language/human_language/countries_spoken_in	/m/033q4k
/m/0dqytn	/award/hall_of_fame/inductees./award/hall_of_fame_induction/inductee	/m/0191_7
/m/0184jc	/government/legislative_session/members./government/government_position_held/district_represented	/m/01xr2s
/m/0vgkd	/base/biblioness/bibs_location/country	/m/02z13jg
/m/0dyb1	/sports/sports_league_draft/picks./sports/sports_league_draft_pick/school	/m/044ntk
/m/0qcr0	/location/statistical_region/gdp_nominal./measurement_unit/dated_money_value/currency	/m/06gmr
/m/0239kh	/soccer/football_team/current_roster./sports/sports_team_roster/position	/m/06y9v
/m/0373qt	/government/governmental_body/members./government/government_position_held/legislative_sessions	/m/0g_rs_
/m/07b_l	/influence/influence_node/influenced_by	/m/03lrht
/m/01vv126	/location/hud_county_place/county	/m/0gq_d
/m/0c3ns	/film/film/release_date_s./film/film_regional_release_date/film_regional_debut_venue	/m/03s5lz
/m/04f52jw	/organization/endowed_organization/endowment./measurement_unit/dated_money_value/currency	/m/06chf
/m/0vbk	/common/topic/webpage./common/webpage/category	/m/0ctw_b
/m/0g2c8	/film/film/executive_produced_by	/m/04ykg
/m/0358x_	/government/government_office_category/officeholders./government/government_position_held/jurisdiction_of_office	/m/0239kh
/m/0gvbw	/base/locations/continents/countries_within	/m/0hx4y
/m/07rlg	/education/university/local_tuition./measurement_unit/dated_money_value/currency	/m/0b73_1d
/m/01zfmm	/film/film/other_crew./film/film_crew_gig/film_crew_role	/m/01243b
/m/0klh7	/tv/tv_program/genre	/m/06rq1k
/m/018nnz	/award/award_nominee/award_nominations./award/award_nomination/award_nominee	/m/02mhfy
/m/04jjy	/base/aareas/schema/administrative_area/administrative_parent	/m/085bd1
/m/01_vfy	/sports/sports_team/sport	/m/01wbl_r
/m/01_vfy	/film/film/film_format	/m/018pj3
/m/01y9pk	/base/schemastaging/organization_extra/phone_number./base/schemastaging/phone_sandbox/contact_category	/m/01fl3
/m/0gj9qxr	/base/aareas/schema/administrative_area/administrative_area_type	/m/0gwjw0c
/m/0ksf29	/award/award_winning_work/awards_won./award/award_honor/award	/m/0m491
/m/04v3q	/sports/professional_sports_team/draft_picks./sports/sports_league_draft_pick/school	/m/0m77m
/m/06qc5	/film/film/featured_film_locations	/m/0509bl
/m/09nyf	/medicine/symptom/symptom_of	/m/04bbv7
/m/019lwb	/people/profession/specialization_of	/m/0j2pg
/m/01x5fb	/base/popstra/location/vacationers./base/popstra/vacation_choice/vacationer	/m/01kwsg
/m/01j67j	/location/country/capital	/m/0d90m
/m/085bd1	/sports/sports_position/players./sports/sports_team_roster/team	/m/0fbtbt
/m/02m501	/olympics/olympic_games/sports	/m/0845v
/m/0jdgr	/olympics/olympic_games/participating_countries	/m/016tt2
/m/015gm8	/base/popstra/celebrity/dated./base/popstra/dated/participant	/m/011yn5
/m/0bq0p9	/location/hud_county_place/county	/m/0hzlz
/m/01jrp0	/tv/tv_program/languages	/m/017d93
/m/09nyf	/sports/professional_sports_team/draft_picks./sports/sports_league_draft_pick/draft	/m/0d0vj4
/m/01vfqh	/film/film/prequel	/m/069ld1
/m/01q03	/film/film/film_format	/m/02hxhz
/m/0sg6b	/education/university/domestic_tuition./measurement_unit/dated_money_value/currency	/m/03qjg
/m/02x4sn8	/sports/sports_team/colors	/m/0ftxw
/m/016z9n	/government/governmental_body/members./government/government_position_held/legislative_sessions	/m/07kc_
/m/06cgy	/olympics/olympic_participating_country/medals_won./olympics/olympic_medal_honor/medal	/m/0q_xk
/m/0789_m	/sports/professional_sports_team/draft_picks./sports/sports_league_draft_pick/draft	/m/05lb87
/m/01b9ck	/film/film/release_date_s./film/film_regional_release_date/film_regional_debut_venue	/m/0m2wm
/m/0845v	/base/saturdaynightlive/snl_cast_member/seasons./base/saturdaynightlive/snl_season_tenure/cast_members	/m/02bqn1
/m/0gqzz	/award/hall_of_fame/inductees./award/hall_of_fame_induction/inductee	/m/0mj1l
/m/05rgl	/music/performance_role/guest_performances./music/recording_contribution/performance_role	/m/0pf2
/m/01dnws	/award/award_category/category_of	/m/0h7h6
/m/018vs	/education/educational_degree/people_with_this_degree./education/education/major_field_of_study	/m/0m9p3
/m/026q3s3	/film/film/runtime./film/film_cut/film_release_region	/m/02r_pp
/m/0356lc	/base/popstra/celebrity/dated./base/popstra/dated/participant	/m/03xx9l
/m/0277990	/award/award_winning_work/awards_won./award/award_honor/honored_for	/m/04n65n
/m/01ty7ll	/tv/tv_producer/programs_produced./tv/tv_producer_term/program	/m/0dq630k
/m/0ft7sr	/film/film_subject/films	/m/07xzm
/m/02zyy4	/sports/sports_team/colors	/m/07c52
/m/021q0l	/base/americancomedy/celebrity_impressionist/celebrities_impersonated	/m/09kvv
/m/01fx4k	/organization/organization/headquarters./location/mailing_address/citytown	/m/01kj0p
/m/04344j	/sports/sports_league_draft/picks./sports/sports_league_draft_pick/school	/m/02mhfy
/m/0bzk8w	/olympics/olympic_games/medals_awarded./olympics/olympic_medal_honor/medal	/m/024rbz
/m/015gm8	/location/country/form_of_government	/m/063y_ky
/m/05bt6j	/sports/sports_position/players./american_football/football_historical_roster_position/position_s	/m/0l14j_
/m/058s57	/sports/professional_sports_team/draft_picks./sports/sports_league_draft_pick/draft	/m/02y_lrp
/m/07_s4b	/location/location/contains	/m/01t3h6
/m/0sxfd	/base/marchmadness/ncaa_basketball_tournament/seeds./base/marchmadness/ncaa_tournament_seed/team	/m/0jdhp
/m/02q636	/base/schemastaging/organization_extra/phone_number./base/schemastaging/phone_sandbox/contact_category	/m/0gpjbt
/m/02md2d	/music/performance_role/track_performances./music/track_contribution/role	/m/0m2wm
/m/02vm9nd	/medicine/symptom/symptom_of	/m/02vm9nd
/m/014hr0	/language/human_language/countries_spoken_in	/m/0chsq
/m/0244r8	/award/award_nominated_work/award_nominations./award/award_nomination/nominated_for	/m/0j1z8
/m/018wl5	/film/film/film_art_direction_by	/m/05vsb7
/m/028cg00	/tv/tv_program/tv_producer./tv/tv_producer_term/producer_type	/m/0vmt
/m/02fsn	/music/group_member/membership./music/group_membership/group	/m/02822
/m/06wrt	/olympics/olympic_sport/athletes./olympics/olympic_athlete_affiliation/country	/m/0jym0
/m/0dwxr	/music/artist/contribution./music/recording_contribution/performance_role	/m/06vkl
/m/026mfs	/olympics/olympic_participating_country/medals_won./olympics/olympic_medal_honor/medal	/m/013719
/m/04cy8rb	/sports/sports_team/sport	/m/07hgm
/m/012j5h	/base/schemastaging/person_extra/net_worth./measurement_unit/dated_money_value/currency	/m/06m6z6
/m/02ndbd	/award/award_nominated_work/award_nominations./award/award_nomination/nominated_for	/m/037fqp
/m/0bjqh	/people/person/employment_history./business/employment_tenure/company	/m/0g2mbn
/m/08r4x3	/film/film/distributors./film/film_film_distributor_relationship/film_distribution_medium	/m/0pz91
/m/03kxj2	/olympics/olympic_participating_country/athletes./olympics/olympic_athlete_affiliation/olympics	/m/02d02
/m/0f4y_	/award/award_category/winners./award/award_honor/award_winner	/m/045zr
/m/019k6n	/language/human_language/countries_spoken_in	/m/05g8ky
/m/0gx_st	/sports/sports_team/colors	/m/05kr_
/m/0x2p	/education/field_of_study/students_majoring./education/education/major_field_of_study	/m/01s7zw
/m/01bgqh	/organization/organization/headquarters./location/mailing_address/citytown	/m/01wbl_r
/m/0371rb	/sports/sports_team/sport	/m/0k4f3
/m/01lhy	/location/capital_of_administrative_division/capital_of./location/administrative_division_capital_relationship/administrative_division	/m/01gkgk
/m/01vw_dv	/film/film/story_by	/m/034qzw
/m/086k8	/film/film/film_art_direction_by	/m/0bczgm
/m/01kwsg	/award/award_winning_work/awards_won./award/award_honor/award_winner	/m/01vxlbm
/m/04x4s2	/tv/tv_program/regular_cast./tv/regular_tv_appearance/actor	/m/01lxd4
/m/01k7xz	/education/field_of_study/students_majoring./education/education/major_field_of_study	/m/07jrjb
/m/011k1h	/government/legislative_session/members./government/government_position_held/district_represented	/m/0kv2hv
/m/0g5lhl7	/music/performance_role/regular_performances./music/group_membership/role	/m/02wt0
/m/028_yv	/base/popstra/celebrity/friendship./base/popstra/friendship/participant	/m/0182r9
/m/0tyql	/location/location/contains	/m/015pdg
/m/0p76z	/film/film/film_format	/m/0h1v19
/m/0872p_c	/soccer/football_team/current_roster./soccer/football_roster_position/position	/m/07s3vqk
/m/0f1nl	/award/hall_of_fame/inductees./award/hall_of_fame_induction/inductee	/m/03lmx1
/m/0lhp1	/business/job_title/people_with_this_title./business/employment_tenure/company	/m/05f7s1
/m/0285c	/olympics/olympic_participating_country/athletes./olympics/olympic_athlete_affiliation/olympics	/m/05v10
/m/07sbbz2	/organization/organization/headquarters./location/mailing_address/country	/m/0xxc
/m/061fhg	/sports/sports_league/teams./sports/sports_league_participation/team	/m/086qd
/m/01xwqn	/music/group_member/membership./music/group_membership/group	/m/084w8
/m/029zqn	/music/performance_role/track_performances./music/track_contribution/role	/m/03n0q5
/m/0l9k1	/music/artist/contribution./music/recording_contribution/performance_role	/m/0g701n
/m/03q0r1	/music/record_label/artist	/m/01by1l
/m/083chw	/location/country/form_of_government	/m/01t6b4
/m/042l3v	/film/film/language	/m/033q4k
/m/0dzfdw	/music/genre/parent_genre	/m/050f0s
/m/02y0js	/base/popstra/celebrity/canoodled./base/popstra/canoodled/participant	/m/0n0bp
/m/04wvhz	/award/award_category/disciplines_or_subjects	/m/01d494
/m/01j4ls	/celebrities/celebrity/sexual_relationships./celebrities/romantic_relationship/celebrity	/m/04fhxp
/m/0l14qv	/film/actor/film./film/performance/special_performance_type	/m/03975z
/m/05r79	/film/director/film	/m/0b_j2
/m/02x8m	/base/schemastaging/organization_extra/phone_number./base/schemastaging/phone_sandbox/contact_category	/m/0n5fl
/m/06ncr	/education/educational_institution/students_graduates./education/education/student	/m/01w4dy
/m/02cl1	/education/educational_institution/students_graduates./education/education/student	/m/06mz5
/m/01f7gh	/education/educational_institution/colors	/m/08gsvw
/m/0373qt	/film/film/genre	/m/02d9k
/m/05k2xy	/film/film_set_designer/film_sets_designed	/m/02lf1j
/m/07kb5	/tv/tv_writer/tv_programs./tv/tv_program_writer_relationship/tv_program	/m/01k7xz
/m/03n08b	/award/award_category/disciplines_or_subjects	/m/01x73
/m/0p5mw	/sports/sports_team/roster./american_football/football_historical_roster_position/position_s	/m/02whj
/m/04w7rn	/people/person/place_of_birth	/m/0845v
/m/0dq630k	/location/hud_foreclosure_area/estimated_number_of_mortgages./measurement_unit/dated_integer/source	/m/05nmg_
/m/01g4zr	/user/ktrueman/default_domain/international_organization/member_states	/m/04h4c9
/m/04bs3j	/base/biblioness/bibs_location/country	/m/04wqr
/m/016dj8	/business/business_operation/industry	/m/0bzkgg
/m/05wp1p	/soccer/football_team/current_roster./soccer/football_roster_position/position	/m/0c5dd
/m/0lsxr	/medicine/disease/notable_people_with_this_condition	/m/0c3ybss
/m/01lj9	/sports/sports_position/players./sports/sports_team_roster/position	/m/01dys
/m/07f_7h	/american_football/football_team/current_roster./sports/sports_team_roster/position	/m/0ds11z
/m/01p3ty	/american_football/football_team/current_roster./sports/sports_team_roster/position	/m/05q54f5
/m/023s8	/government/political_party/politicians_in_this_party./government/political_party_tenure/politician	/m/0f04c
/m/01vw20_	/people/person/place_of_birth	/m/092vkg
/m/0kz10	/film/film/cinematography	/m/01c40n
/m/045c66	/award/award_nominee/award_nominations./award/award_nomination/award_nominee	/m/0892sx
/m/05fnl9	/sports/sports_team/colors	/m/04w_7
/m/09q5w2	/travel/travel_destination/climate./travel/travel_destination_monthly_climate/month	/m/0249kn
/m/01tz6vs	/people/deceased_person/place_of_death	/m/0184jc
/m/05_61y	/sports/pro_athlete/teams./sports/sports_team_roster/team	/m/018db8
/m/065jlv	/music/genre/artists	/m/0b_c7
/m/0j43swk	/award/award_ceremony/awards_presented./award/award_honor/honored_for	/m/085h1
/m/02grdc	/business/business_operation/industry	/m/0l6ny
/m/0cgzj	/people/person/nationality	/m/01j4ls
/m/05fcbk7	/base/petbreeds/city_with_dogs/top_breeds./base/petbreeds/dog_city_relationship/dog_breed	/m/0hr3c8y
/m/07y2s	/award/hall_of_fame/inductees./award/hall_of_fame_induction/inductee	/m/0gkg6
/m/03xgm3	/influence/influence_node/peers./influence/peer_relationship/peers	/m/094jv
/m/0r1yc	/location/location/time_zones	/m/0jqn5
/m/03cyslc	/film/film/produced_by	/m/03gwpw2
/m/0bm2g	/location/statistical_region/religions./location/religion_percentage/religion	/m/05f4m9q
/m/0309jm	/sports/sport/pro_athletes./sports/pro_sports_played/athlete	/m/0d4htf
/m/06brp0	/common/topic/webpage./common/webpage/category	/m/031t2d
/m/0dl5d	/sports/sports_position/players./sports/sports_team_roster/position	/m/0kfpm
/m/0kr5_	/olympics/olympic_sport/athletes./olympics/olympic_athlete_affiliation/country	/m/0dgpwnk
/m/016tw3	/film/film/costume_design_by	/m/0clvcx
/m/0ds33	/film/film/story_by	/m/0pmq2
/m/01hvjx	/film/film/other_crew./film/film_crew_gig/film_crew_role	/m/026gyn_
/m/016pns	/music/performance_role/track_performances./music/track_contribution/role	/m/052vwh
/m/02qflgv	/tv/tv_writer/tv_programs./tv/tv_program_writer_relationship/tv_program	/m/01xcfy
/m/02vkvcz	/sports/sports_position/players./american_football/football_historical_roster_position/position_s	/m/01l2fn
/m/03r8tl	/people/person/place_of_birth	/m/06w2sn5
/m/015fs3	/film/film/cinematography	/m/02_2v2
/m/02knnd	/olympics/olympic_participating_country/medals_won./olympics/olympic_medal_honor/olympics	/m/0c_j9x
/m/07f8wg	/education/educational_institution_campus/educational_institution	/m/026390q
/m/029cr	/award/award_nominee/award_nominations./award/award_nomination/award_nominee	/m/06b0d2
/m/0myk8	/music/record_label/artist	/m/03qmj9
/m/04dqdk	/people/person/religion	/m/0g5qs2k
/m/088xp	/award/award_nominee/award_nominations./award/award_nomination/award	/m/01vw87c
/m/01dnws	/award/ranked_item/appears_in_ranked_lists./award/ranking/list	/m/05whq_9
/m/09byk	/influence/influence_node/influenced_by	/m/02zq43
/m/0gr51	/celebrities/celebrity/celebrity_friends./celebrities/friendship/friend	/m/0fq9zdn
/m/0137g1	/influence/influence_node/peers./influence/peer_relationship/peers	/m/03bx0bm
/m/0hwd8	/sports/professional_sports_team/draft_picks./sports/sports_league_draft_pick/draft	/m/01wsl7c
/m/0grwj	/location/hud_county_place/place	/m/017t44
/m/09bkv	/film/film/release_date_s./film/film_regional_release_date/film_regional_debut_venue	/m/0879bpq
/m/06sks6	/government/political_party/politicians_in_this_party./government/political_party_tenure/politician	/m/037s9x
/m/03f5spx	/film/film_set_designer/film_sets_designed	/m/099cng
/m/013y1f	/film/film/runtime./film/film_cut/film_release_region	/m/04nlb94
/m/026kq4q	/business/business_operation/industry	/m/0f4hc
/m/03h_fk5	/people/person/employment_history./business/employment_tenure/company	/m/06w87
/m/03mr85	/food/food/nutrients./food/nutrition_fact/nutrient	/m/0jm_
/m/03rs8y	/base/popstra/location/vacationers./base/popstra/vacation_choice/vacationer	/m/0gxfz
/m/03h_yy	/award/award_category/nominees./award/award_nomination/nominated_for	/m/01qh7
/m/07sgfvl	/music/performance_role/track_performances./music/track_contribution/role	/m/02vx4
/m/032v0v	/sports/sports_team/sport	/m/0827d
/m/07swvb	/film/film/executive_produced_by	/m/0fr59
/m/02bp37	/film/film/other_crew./film/film_crew_gig/film_crew_role	/m/0g284
/m/09fqtq	/olympics/olympic_games/sports	/m/07x4qr
/m/0g1rw	/music/genre/artists	/m/09k56b7
/m/0ftf0f	/base/schemastaging/organization_extra/phone_number./base/schemastaging/phone_sandbox/contact_category	/m/02dpl9
/m/0gsg7	/location/statistical_region/gdp_nominal./measurement_unit/dated_money_value/currency	/m/0swff
/m/05jzt3	/music/group_member/membership./music/group_membership/group	/m/03z19
/m/071tyz	/celebrities/celebrity/sexual_relationships./celebrities/romantic_relationship/celebrity	/m/013q07
/m/04mqgr	/sports/sports_position/players./american_football/football_historical_roster_position/position_s	/m/07g2b
/m/07p62k	/award/award_winner/awards_won./award/award_honor/award_winner	/m/02x3lt7
/m/0gr51	/food/food/nutrients./food/nutrition_fact/nutrient	/m/02js6_
/m/029sk	/education/field_of_study/students_majoring./education/education/major_field_of_study	/m/02mslq
/m/04ycjk	/organization/endowed_organization/endowment./measurement_unit/dated_money_value/currency	/m/015zxh
/m/09ntbc	/celebrities/celebrity/sexual_relationships./celebrities/romantic_relationship/celebrity	/m/03m8y5
/m/02c6d	/film/film/production_companies	/m/05w3f
/m/01pjr7	/base/schemastaging/organization_extra/phone_number./base/schemastaging/phone_sandbox/service_language	/m/05fgt1
/m/0bj9k	/award/hall_of_fame/inductees./award/hall_of_fame_induction/inductee	/m/020skc
/m/07rlg	/base/schemastaging/organization_extra/phone_number./base/schemastaging/phone_sandbox/service_location	/m/07b2lv
/m/0bshwmp	/award/ranked_item/appears_in_ranked_lists./award/ranking/list	/m/02q1tc5
/m/01v5h	/influence/influence_node/influenced_by	/m/05glt
/m/0rnmy	/base/locations/continents/countries_within	/m/0cm2xh
/m/01hb6v	/sports/sports_team/roster./american_football/football_historical_roster_position/position_s	/m/0hr6lkl
/m/04bbv7	/film/film/language	/m/03ckwzc
/m/0l6px	/organization/endowed_organization/endowment./measurement_unit/dated_money_value/currency	/m/099t8j
/m/08720	/sports/sports_team/roster./american_football/football_historical_roster_position/position_s	/m/018j2
/m/07tgn	/sports/sports_team_location/teams	/m/07xtqq
/m/0hr3c8y	/education/educational_institution/school_type	/m/02dsz
/m/0l9k1	/olympics/olympic_games/medals_awarded./olympics/olympic_medal_honor/medal	/m/03xx9l
/m/0t_2	/sports/sports_team/roster./american_football/football_historical_roster_position/position_s	/m/0bscw
/m/01wj9y9	/film/film/personal_appearances./film/personal_film_appearance/person	/m/025jfl
/m/0c11mj	/location/statistical_region/gdp_nominal./measurement_unit/dated_money_value/currency	/m/045bg
/m/02g3mn	/tv/tv_writer/tv_programs./tv/tv_program_writer_relationship/tv_program	/m/072kp
/m/012c6x	/people/ethnicity/people	/m/01vsxdm
/m/0c4ys	/sports/sports_team/roster./baseball/baseball_roster_position/position	/m/0j_sncb
/m/06wvj	/government/politician/government_positions_held./government/government_position_held/basic_title	/m/0cd25
/m/011yrp	/base/popstra/celebrity/breakup./base/popstra/breakup/participant	/m/062zm5h
/m/0j1z8	/sports/sports_team/roster./basketball/basketball_roster_position/position	/m/0kc6x
/m/0yjf0	/base/culturalevent/event/entity_involved	/m/0gqyl
/m/039bp	/award/hall_of_fame/inductees./award/hall_of_fame_induction/inductee	/m/024l2y
/m/05qsxy	/film/film/film_art_direction_by	/m/0xhtw
/m/04gmp_z	/sports/sports_position/players./sports/sports_team_roster/position	/m/029h45
/m/01vrncs	/award/award_ceremony/awards_presented./award/award_honor/honored_for	/m/09vw2b7
/m/09_bl	/people/person/spouse_s./people/marriage/spouse	/m/099tbz
/m/0g1rw	/people/person/languages	/m/02g_6x
/m/0320jz	/film/film/distributors./film/film_film_distributor_relationship/film_distribution_medium	/m/060v34
/m/0sxg4	/film/film/release_date_s./film/film_regional_release_date/film_release_region	/m/0512p
/m/05x_5	/business/business_operation/industry	/m/02vk52z
/m/03bx2lk	/government/politician/government_positions_held./government/government_position_held/basic_title	/m/01my4f
/m/0dwsp	/film/film/written_by	/m/04jkpgv
/m/0vgkd	/film/film/release_date_s./film/film_regional_release_date/film_release_distribution_medium	/m/05f2jk
/m/044g_k	/music/group_member/membership./music/group_membership/group	/m/0jz9f
/m/01qbl	/award/award_category/nominees./award/award_nomination/nominated_for	/m/0cfhfz
/m/0bn9sc	/olympics/olympic_participating_country/athletes./olympics/olympic_athlete_affiliation/olympics	/m/0320jz
/m/0ch6mp2	/award/award_category/category_of	/m/07zrf
/m/0b2v79	/tv/tv_personality/tv_regular_appearances./tv/tv_regular_personal_appearance/program	/m/02bqn1
/m/01vx5w7	/award/award_winner/awards_won./award/award_honor/award_winner	/m/0gs9p
/m/06688p	/base/biblioness/bibs_location/state	/m/02r96rf
/m/0ckr7s	/military/military_combatant/military_conflicts./military/military_combatant_group/combatants	/m/0126y2
/m/02pp_q_	/location/country/form_of_government	/m/0259r0
/m/0kb57	/base/schemastaging/person_extra/net_worth./measurement_unit/dated_money_value/currency	/m/01sl1q
/m/0dclg	/medicine/disease/notable_people_with_this_condition	/m/04ych
/m/0c_tl	/medicine/disease/notable_people_with_this_condition	/m/02yw5r
/m/06brp0	/government/politician/government_positions_held./government/government_position_held/basic_title	/m/05wp1p
/m/01sxly	/tv/tv_program/regular_cast./tv/regular_tv_appearance/actor	/m/030wkp
/m/0d06vc	/education/field_of_study/students_majoring./education/education/student	/m/03177r
/m/05xjb	/education/university/domestic_tuition./measurement_unit/dated_money_value/currency	/m/03bxz7
/m/01q2nx	/sports/professional_sports_team/draft_picks./sports/sports_league_draft_pick/draft	/m/0fj52s
/m/0gy7bj4	/sports/sports_team/sport	/m/05pbl56
/m/03tmr	/people/person/places_lived./people/place_lived/location	/m/01309x
/m/02z3r8t	/government/political_party/politicians_in_this_party./government/political_party_tenure/politician	/m/0mwk9
/m/0f6_dy	/olympics/olympic_games/sports	/m/06c62
/m/0hzc9wc	/language/human_language/countries_spoken_in	/m/06lj1m
/m/02_xgp2	/film/director/film	/m/0lfgr
/m/05crg7	/base/popstra/celebrity/dated./base/popstra/dated/participant	/m/0436f4
/m/01b7b	/location/country/form_of_government	/m/0gzy02
/m/0266sb_	/location/hud_foreclosure_area/estimated_number_of_mortgages./measurement_unit/dated_integer/source	/m/0hvgt
/m/0735l	/tv/tv_program/languages	/m/01pgp6
/m/06sy4c	/tv/tv_program/country_of_origin	/m/0hwd8
/m/0p76z	/base/popstra/celebrity/canoodled./base/popstra/canoodled/participant	/m/0gy7bj4
/m/01t3h6	/film/film/personal_appearances./film/personal_film_appearance/person	/m/0f830f
/m/03c7tr1	/music/group_member/membership./music/group_membership/group	/m/05tfm
/m/0b82vw	/organization/non_profit_organization/registered_with./organization/non_profit_registration/registering_agency	/m/054ks3
/m/09nqf	/organization/endowed_organization/endowment./measurement_unit/dated_money_value/currency	/m/02jxbw
/m/081_zm	/military/military_combatant/military_conflicts./military/military_combatant_group/combatants	/m/07s9rl0
/m/0ctt4z	/film/film/production_companies	/m/0hmm7
/m/03x3qv	/base/popstra/location/vacationers./base/popstra/vacation_choice/vacationer	/m/04x_3
/m/09qr6	/organization/organization/place_founded	/m/0227tr
/m/03k50	/location/hud_county_place/county	/m/03lt8g
/m/0l8sx	/people/ethnicity/languages_spoken	/m/013zdg
/m/01jv_6	/people/person/spouse_s./people/marriage/spouse	/m/05c1t6z
/m/0dq630k	/military/military_conflict/combatants./military/military_combatant_group/combatants	/m/03g90h
/m/0fq7dv_	/film/film/distributors./film/film_film_distributor_relationship/film_distribution_medium	/m/02qyp19
/m/049dyj	/government/political_party/politicians_in_this_party./government/political_party_tenure/politician	/m/01xy5l_
/m/0gyh	/user/ktrueman/default_domain/international_organization/member_states	/m/0mm1q
/m/09306z	/music/genre/parent_genre	/m/016ywr
/m/01pw2f1	/business/business_operation/industry	/m/0mwh1
/m/01lbp	/award/hall_of_fame/inductees./award/hall_of_fame_induction/inductee	/m/0fhzy
/m/0hx4y	/location/location/adjoin_s./location/adjoining_relationship/adjoins	/m/030hcs
/m/0c9d9	/film/actor/film./film/performance/film	/m/0bv8h2
/m/05d6kv	/film/film/prequel	/m/05q4y12
/m/038g2x	/organization/organization/headquarters./location/mailing_address/country	/m/05ksh
/m/013t85	/base/locations/continents/countries_within	/m/0cc846d
/m/02g_6j	/location/statistical_region/gdp_nominal./measurement_unit/dated_money_value/currency	/m/072kp
/m/043djx	/people/person/nationality	/m/02grdc
/m/06ms6	/film/actor/film./film/performance/film	/m/085ccd
/m/01sh2	/people/ethnicity/people	/m/0gdh5
/m/09n48	/organization/organization_member/member_of./organization/organization_membership/organization	/m/02d44q
/m/01vksx	/government/government_office_category/officeholders./government/government_position_held/jurisdiction_of_office	/m/0785v8
/m/0c9d9	/people/ethnicity/languages_spoken	/m/0f0y8
/m/05b4l5x	/film/director/film	/m/017_cl
/m/0by1wkq	/sports/pro_athlete/teams./sports/sports_team_roster/team	/m/02v63m
/m/03x3wf	/people/person/places_lived./people/place_lived/location	/m/04q24zv
/m/04b19t	/olympics/olympic_sport/athletes./olympics/olympic_athlete_affiliation/country	/m/03lrqw
/m/01tdpv	/base/locations/continents/countries_within	/m/0lsxr
/m/0g2c8	/tv/tv_program/tv_producer./tv/tv_producer_term/producer_type	/m/02hxhz
/m/0h7h6	/award/award_ceremony/awards_presented./award/award_honor/award_winner	/m/02jjdr
/m/0h5g_	/people/ethnicity/geographic_distribution	/m/0j2pg
/m/0275n3y	/people/ethnicity/people	/m/01sbf2
/m/03gjzk	/education/field_of_study/students_majoring./education/education/student	/m/01c58j
/m/016t_3	/award/hall_of_fame/inductees./award/hall_of_fame_induction/inductee	/m/025cbm
/m/0cjyzs	/people/ethnicity/people	/m/0prjs
/m/05vc35	/base/popstra/celebrity/breakup./base/popstra/breakup/participant	/m/01wsl7c
/m/03ldxq	/military/military_conflict/combatants./military/military_combatant_group/combatants	/m/01pnn3
/m/016qtt	/organization/role/leaders./organization/leadership/organization	/m/07wbk
/m/033hqf	/music/group_member/membership./music/group_membership/role	/m/05_6_y
/m/04ztj	/people/person/spouse_s./people/marriage/spouse	/m/06xj93
/m/050xxm	/tv/tv_network/programs./tv/tv_network_duration/program	/m/0cjdk
/m/0cqh6z	/location/statistical_region/religions./location/religion_percentage/religion	/m/01ktz1
/m/03qmx_f	/people/marriage_union_type/unions_of_this_type./people/marriage/location_of_ceremony	/m/02g3mn
/m/016z9n	/medicine/disease/notable_people_with_this_condition	/m/026lgs
/m/02r8hh_	/organization/organization/headquarters./location/mailing_address/citytown	/m/0gz5hs
/m/01vrt_c	/people/person/spouse_s./people/marriage/type_of_union	/m/05r3qc
/m/0cd25	/film/film/language	/m/01csvq
/m/0cq7kw	/base/schemastaging/person_extra/net_worth./measurement_unit/dated_money_value/currency	/m/01g4zr
/m/0d1mp3	/olympics/olympic_participating_country/medals_won./olympics/olympic_medal_honor/olympics	/m/050r1z
/m/02x17s4	/education/educational_institution_campus/educational_institution	/m/024tkd
/m/01trhmt	/base/x2010fifaworldcupsouthafrica/world_cup_squad/current_world_cup_squad./base/x2010fifaworldcupsouthafrica/current_world_cup_squad/current_club	/m/058s57
/m/01p7yb	/people/person/religion	/m/01bx35
/m/01kyvx	/film/film/cinematography	/m/01gx5f
/m/0fxgg9	/film/director/film	/m/04gcd1
/m/01qzyz	/organization/organization/place_founded	/m/034x61
/m/0dr3sl	/film/film/language	/m/01p9hgt
/m/02pzz3p	/film/film/cinematography	/m/06ncr
/m/06rnl9	/film/film_subject/films	/m/0203v
/m/05r79	/sports/sports_position/players./american_football/football_historical_roster_position/position_s	/m/08phg9
/m/0sx7r	/tv/tv_network/programs./tv/tv_network_duration/program	/m/0mw93
/m/040b5k	/tv/tv_program/country_of_origin	/m/0wh3
/m/05_6_y	/music/instrument/instrumentalists	/m/018h2
/m/0d07j8	/people/person/places_lived./people/place_lived/location	/m/02jm0n
/m/0dvqq	/award/award_category/disciplines_or_subjects	/m/011yth
/m/0f102	/location/statistical_region/religions./location/religion_percentage/religion	/m/018wrk
/m/04399	/government/politician/government_positions_held./government/government_position_held/basic_title	/m/05kjc6
/m/0661ql3	/sports/sports_league_draft/picks./sports/sports_league_draft_pick/school	/m/0cv3w
/m/036gdw	/celebrities/celebrity/celebrity_friends./celebrities/friendship/friend	/m/0bfvw2
/m/06z8s_	/music/performance_role/guest_performances./music/recording_contribution/performance_role	/m/0bzk8w
/m/02ld6x	/organization/role/leaders./organization/leadership/organization	/m/062z7
/m/01l4zqz	/music/group_member/membership./music/group_membership/group	/m/07s6prs
/m/0147sh	/education/educational_institution_campus/educational_institution	/m/0cz8mkh
/m/02p21g	/sports/sports_team_location/teams	/m/0f2w0
/m/032v0v	/award/award_winner/awards_won./award/award_honor/award_winner	/m/05hdf
/m/03xpf_7	/music/artist/contribution./music/recording_contribution/performance_role	/m/016wtf
/m/05qsxy	/film/film/story_by	/m/03pm9
/m/06x68	/people/ethnicity/languages_spoken	/m/06j0md
/m/01w923	/award/award_winning_work/awards_won./award/award_honor/award_winner	/m/0283_zv
/m/01k1k4	/sports/sports_position/players./sports/sports_team_roster/team	/m/03mh94
/m/0838f	/film/director/film	/m/042v_gx
/m/06w6_	/time/event/locations	/m/08pgl8
/m/044ntk	/tv/tv_program/country_of_origin	/m/0fy6bh
/m/027nb	/award/award_winner/awards_won./award/award_honor/award_winner	/m/02zn1b
/m/03z20c	/people/ethnicity/geographic_distribution	/m/01ct6
/m/0flw86	/sports/sports_team/roster./baseball/baseball_roster_position/position	/m/019rg5
/m/014_x2	/music/artist/track_contributions./music/track_contribution/role	/m/090gpr
/m/01bzw5	/location/statistical_region/religions./location/religion_percentage/religion	/m/02x8m
/m/06cs95	/people/ethnicity/languages_spoken	/m/047svrl
/m/09gq0x5	/base/popstra/location/vacationers./base/popstra/vacation_choice/vacationer	/m/07rhpg
/m/0p9lw	/education/educational_institution/colors	/m/02krf9
/m/02pb53	/soccer/football_team/current_roster./sports/sports_team_roster/position	/m/0f__1
/m/0fpkhkz	/award/award_nominee/award_nominations./award/award_nomination/nominated_for	/m/0ms1n
/m/043n0v_	/sports/sports_position/players./sports/sports_team_roster/position	/m/02pjc1h
/m/039fgy	/education/university/domestic_tuition./measurement_unit/dated_money_value/currency	/m/0584r4
/m/0h1mt	/base/x2010fifaworldcupsouthafrica/world_cup_squad/current_world_cup_squad./base/x2010fifaworldcupsouthafrica/current_world_cup_squad/current_club	/m/01hkhq
/m/01mhwk	/base/schemastaging/organization_extra/phone_number./base/schemastaging/phone_sandbox/service_language	/m/01gtc0
/m/09wj5	/location/location/partially_contains	/m/03wpmd
/m/07c0j	/government/government_office_category/officeholders./government/government_position_held/jurisdiction_of_office	/m/01xr2s
/m/02rn00y	/sports/sports_team/sport	/m/0194zl
/m/015pxr	/tv/tv_personality/tv_regular_appearances./tv/tv_regular_personal_appearance/program	/m/09vc4s
/m/09sh8k	/influence/influence_node/influenced_by	/m/0kpys
/m/0gr51	/award/award_category/winners./award/award_honor/award_winner	/m/05tk7y
/m/026ps1	/food/food/nutrients./food/nutrition_fact/nutrient	/m/06ncr
/m/01j4ls	/olympics/olympic_games/sports	/m/053y0s
/m/0kvgxk	/location/country/form_of_government	/m/01pb34
/m/01wyzyl	/sports/sports_team/roster./american_football/football_historical_roster_position/position_s	/m/0262zm
/m/0dgrmp	/base/x2010fifaworldcupsouthafrica/world_cup_squad/current_world_cup_squad./base/x2010fifaworldcupsouthafrica/current_world_cup_squad/current_club	/m/047sxrj
/m/0141kz	/base/schemastaging/organization_extra/phone_number./base/schemastaging/phone_sandbox/contact_category	/m/0418wg
/m/01dys	/location/capital_of_administrative_division/capital_of./location/administrative_division_capital_relationship/administrative_division	/m/0bq0p9
/m/01ck6h	/award/award_ceremony/awards_presented./award/award_honor/honored_for	/m/02wt0
/m/03_gx	/organization/organization/place_founded	/m/030wkp
/m/02k54	/people/ethnicity/languages_spoken	/m/05lls
/m/01v40wd	/people/profession/specialization_of	/m/0j862
/m/0h1nt	/olympics/olympic_games/participating_countries	/m/083shs
/m/07fb8_	/award/award_ceremony/awards_presented./award/award_honor/award_winner	/m/01nv4h
/m/02qgyv	/film/film/other_crew./film/film_crew_gig/film_crew_role	/m/039x1k
/m/03f1zdw	/film/film/language	/m/01531
/m/015pxr	/film/actor/film./film/performance/special_performance_type	/m/067pl7
/m/01xcfy	/people/person/spouse_s./people/marriage/type_of_union	/m/0jjw
/m/012mrr	/location/administrative_division/country	/m/014zcr
/m/01fh9	/education/university/local_tuition./measurement_unit/dated_money_value/currency	/m/019y64
/m/02x73k6	/olympics/olympic_games/participating_countries	/m/04nlb94
/m/07b2lv	/language/human_language/countries_spoken_in	/m/071x0k
/m/024rbz	/base/schemastaging/person_extra/net_worth./measurement_unit/dated_money_value/currency	/m/01f62
/m/0jtdp	/film/film/other_crew./film/film_crew_gig/film_crew_role	/m/03yf3z
/m/06mn7	/government/politician/government_positions_held./government/government_position_held/basic_title	/m/083q7
/m/02h6_6p	/award/award_category/disciplines_or_subjects	/m/03m73lj
/m/0845v	/location/country/form_of_government	/m/015f47
/m/0cc5tgk	/sports/sports_team/sport	/m/0fvly
/m/0140g4	/celebrities/celebrity/celebrity_friends./celebrities/friendship/friend	/m/01xy5l_
/m/03_vpw	/travel/travel_destination/climate./travel/travel_destination_monthly_climate/month	/m/03s6l2
/m/0ydpd	/business/business_operation/industry	/m/01q03
/m/0274ck	/education/educational_institution/students_graduates./education/education/student	/m/02knnd
/m/02c8d7	/olympics/olympic_games/medals_awarded./olympics/olympic_medal_honor/medal	/m/02sp_v
/m/0jqd3	/base/culturalevent/event/entity_involved	/m/01914
/m/0cnl80	/tv/tv_program/languages	/m/0dr3sl
/m/03wpmd	/time/event/locations	/m/01tcf7
/m/0g60z	/sports/pro_athlete/teams./sports/sports_team_roster/team	/m/05xjb
/m/01vyp_	/olympics/olympic_games/medals_awarded./olympics/olympic_medal_honor/medal	/m/050f0s
/m/01n5sn	/user/alexander/philosophy/philosopher/interests	/m/017dcd
/m/02y_lrp	/award/award_category/disciplines_or_subjects	/m/02hn5v
/m/018wng	/organization/organization_founder/organizations_founded	/m/05q8pss
/m/01k7xz	/olympics/olympic_participating_country/medals_won./olympics/olympic_medal_honor/medal	/m/012_53
/m/07vht	/location/hud_foreclosure_area/estimated_number_of_mortgages./measurement_unit/dated_integer/source	/m/059rc
/m/02rxbmt	/film/film/genre	/m/03jldb
/m/02qyxs5	/government/governmental_body/members./government/government_position_held/legislative_sessions	/m/06xj93
/m/02ld6x	/people/person/places_lived./people/place_lived/location	/m/02rxbmt
/m/01cjhz	/base/petbreeds/city_with_dogs/top_breeds./base/petbreeds/dog_city_relationship/dog_breed	/m/02h48
/m/018lg0	/sports/sports_team/roster./american_football/football_historical_roster_position/position_s	/m/07wjk
/m/07h9gp	/film/film/edited_by	/m/0qf3p
/m/0261g5l	/olympics/olympic_games/participating_countries	/m/07ylj
/m/0gmcwlb	/sports/pro_athlete/teams./sports/sports_team_roster/team	/m/02x2gy0
/m/0j06n	/film/film/cinematography	/m/06v_gh
/m/0170th	/base/aareas/schema/administrative_area/administrative_parent	/m/0157m
/m/021_0p	/base/popstra/celebrity/breakup./base/popstra/breakup/participant	/m/0ftlkg
/m/0zjpz	/education/educational_institution/campuses	/m/04yc76
/m/0mb0	/people/person/spouse_s./people/marriage/type_of_union	/m/022_6
/m/01j95f	/music/performance_role/track_performances./music/track_contribution/role	/m/02qjj7
/m/03_gd	/people/person/nationality	/m/0283_zv
/m/04cppj	/film/film_set_designer/film_sets_designed	/m/0993r
/m/04tc1g	/base/aareas/schema/administrative_area/administrative_area_type	/m/0bmfnjs
/m/02hczc	/film/film/film_art_direction_by	/m/0168ls
/m/01pfr3	/organization/organization/place_founded	/m/0gg7gsl
/m/0w0d	/people/ethnicity/people	/m/0ftvz
/m/02z3r8t	/people/person/spouse_s./people/marriage/type_of_union	/m/04bbv7
/m/02vw1w2	/people/person/spouse_s./people/marriage/spouse	/m/0371rb
/m/01crd5	/sports/sports_team/roster./american_football/football_roster_position/position	/m/09qs08
/m/01wtlq	/user/jg/default_domain/olympic_games/sports	/m/02ck1
/m/09v8db5	/music/artist/contribution./music/recording_contribution/performance_role	/m/0770cd
/m/08w7vj	/base/popstra/celebrity/canoodled./base/popstra/canoodled/participant	/m/05zr6wv
/m/012c6x	/base/americancomedy/celebrity_impressionist/celebrities_impersonated	/m/04xvh5
/m/05nmg_	/business/business_operation/revenue./measurement_unit/dated_money_value/currency	/m/019k6n
/m/0h_cssd	/music/group_member/membership./music/group_membership/group	/m/021b_
/m/095w_	/base/schemastaging/person_extra/net_worth./measurement_unit/dated_money_value/currency	/m/01cv3n
/m/02py4c8	/base/biblioness/bibs_location/country	/m/0ft7sr
/m/014zfs	/award/award_nominee/award_nominations./award/award_nomination/award_nominee	/m/0gqmvn
/m/0g60z	/education/field_of_study/students_majoring./education/education/major_field_of_study	/m/01hhvg
/m/0tyql	/user/alexander/philosophy/philosopher/interests	/m/013m43
/m/06mmb	/film/film/film_art_direction_by	/m/0dtfn
/m/04wqr	/film/actor/film./film/performance/film	/m/028knk
/m/01p1z_	/education/educational_institution/students_graduates./education/education/student	/m/066m4g
/m/07tg4	/tv/tv_network/programs./tv/tv_network_duration/program	/m/01xd9
/m/01s73z	/baseball/baseball_team/team_stats./baseball/baseball_team_stats/season	/m/04cw0n4
/m/0kcn7	/people/marriage_union_type/unions_of_this_type./people/marriage/location_of_ceremony	/m/03bwzr4
/m/02zmh5	/base/saturdaynightlive/snl_cast_member/seasons./base/saturdaynightlive/snl_season_tenure/cast_members	/m/0g3zrd
/m/023vrq	/location/administrative_division/country	/m/0356lc
/m/0bw6y	/award/award_category/winners./award/award_honor/award_winner	/m/0flw86
/m/019pm_	/location/country/form_of_government	/m/05f4m9q
/m/02knnd	/tv/tv_program/regular_cast./tv/regular_tv_appearance/actor	/m/05f7s1
/m/04h4c9	/film/actor/film./film/performance/film	/m/01rrwf6
/m/05g3v	/people/person/places_lived./people/place_lived/location	/m/02vklm3
/m/05k2s_	/people/person/sibling_s./people/sibling_relationship/sibling	/m/02896
/m/02j71	/tv/tv_network/programs./tv/tv_network_duration/program	/m/08k881
/m/03x746	/film/film/story_by	/m/02p_7cr
/m/040fv	/user/alexander/philosophy/philosopher/interests	/m/013t85
/m/02jcc	/base/popstra/celebrity/breakup./base/popstra/breakup/participant	/m/0f4y_
/m/0r5y9	/base/popstra/celebrity/breakup./base/popstra/breakup/participant	/m/0cj16
/m/033q4k	/education/educational_institution/students_graduates./education/education/major_field_of_study	/m/01ycbq
/m/0464pz	/award/award_ceremony/awards_presented./award/award_honor/honored_for	/m/02h4rq6
/m/03xpf_7	/celebrities/celebrity/celebrity_friends./celebrities/friendship/friend	/m/02rjjll
/m/06bnz	/soccer/football_team/current_roster./sports/sports_team_roster/position	/m/0jmj7
/m/0lzb8	/base/popstra/celebrity/friendship./base/popstra/friendship/participant	/m/0141kz
/m/0509bl	/celebrities/celebrity/celebrity_friends./celebrities/friendship/friend	/m/01p9hgt
/m/02f77y	/user/jg/default_domain/olympic_games/sports	/m/065zlr
/m/0dbdy	/film/film/executive_produced_by	/m/05crg7
/m/013q07	/people/person/religion	/m/015zyd
/m/0338lq	/film/film_distributor/films_distributed./film/film_film_distributor_relationship/film	/m/021bk
/m/01lb14	/sports/sports_position/players./american_football/football_historical_roster_position/position_s	/m/07_kq
/m/01q_wyj	/olympics/olympic_games/sports	/m/013kcv
/m/02pqp12	/sports/pro_athlete/teams./sports/sports_team_roster/team	/m/04vjh
/m/02x17s4	/award/award_nominee/award_nominations./award/award_nomination/nominated_for	/m/05sxzwc
/m/09x3r	/location/location/partially_contains	/m/01wj92r
/m/0l6mp	/film/film_subject/films	/m/025m8y
/m/0521rl1	/film/film/produced_by	/m/06j0md
/m/03k9fj	/film/film/film_format	/m/01rtm4
/m/03twd6	/people/ethnicity/geographic_distribution	/m/02bxd
/m/0g2c8	/olympics/olympic_sport/athletes./olympics/olympic_athlete_affiliation/olympics	/m/0157g9
/m/02kxbwx	/award/award_category/nominees./award/award_nomination/nominated_for	/m/03x400
/m/02x8m	/organization/organization_member/member_of./organization/organization_membership/organization	/m/01_3rn
/m/02hn5v	/government/legislative_session/members./government/government_position_held/district_represented	/m/027l0b
/m/0cchk3	/government/government_office_category/officeholders./government/government_position_held/jurisdiction_of_office	/m/079vf
/m/03cs_z7	/user/alexander/philosophy/philosopher/interests	/m/0bwfwpj
/m/07ss8_	/travel/travel_destination/climate./travel/travel_destination_monthly_climate/month	/m/026kq4q
/m/02_j7t	/base/schemastaging/organization_extra/phone_number./base/schemastaging/phone_sandbox/service_location	/m/034qrh
/m/0g2mbn	/music/performance_role/guest_performances./music/recording_contribution/performance_role	/m/0770cd
/m/0bth54	/music/genre/artists	/m/03xj05
/m/070w7s	/film/film/runtime./film/film_cut/film_release_region	/m/0mkg
/m/0gkg6	/business/job_title/people_with_this_title./business/employment_tenure/company	/m/09td7p
/m/067pl7	/film/film/runtime./film/film_cut/film_release_region	/m/02x17s4
/m/05qt0	/location/hud_foreclosure_area/estimated_number_of_mortgages./measurement_unit/dated_integer/source	/m/0nvrd
/m/05krk	/broadcast/content/artist	/m/05r6t
/m/0187y5	/military/military_combatant/military_conflicts./military/military_combatant_group/combatants	/m/02bp37
/m/02t_zq	/government/politician/government_positions_held./government/government_position_held/basic_title	/m/02fgpf
/m/0gs96	/sports/sports_team/roster./baseball/baseball_roster_position/position	/m/02rxj
/m/03r8tl	/people/person/spouse_s./people/marriage/spouse	/m/013kcv
/m/0845v	/education/educational_institution/students_graduates./education/education/student	/m/0crfwmx
/m/0jbk9	/film/film/genre	/m/052nd
/m/017v_	/award/hall_of_fame/inductees./award/hall_of_fame_induction/inductee	/m/021bmf
/m/027f2w	/baseball/baseball_team/team_stats./baseball/baseball_team_stats/season	/m/01pw2f1
/m/05cj_j	/base/schemastaging/organization_extra/phone_number./base/schemastaging/phone_sandbox/service_location	/m/0ch6mp2
/m/0cfhfz	/medicine/disease/notable_people_with_this_condition	/m/02vqsll
/m/0pyg6	/user/jg/default_domain/olympic_games/sports	/m/011yn5
/m/0m2wm	/award/award_category/winners./award/award_honor/ceremony	/m/0159h6
/m/0m31m	/base/schemastaging/person_extra/net_worth./measurement_unit/dated_money_value/currency	/m/08pgl8
/m/06j0md	/government/politician/government_positions_held./government/government_position_held/basic_title	/m/013719
/m/0jvt9	/sports/sports_position/players./american_football/football_historical_roster_position/position_s	/m/0320jz
/m/02x4sn8	/base/popstra/celebrity/canoodled./base/popstra/canoodled/participant	/m/02vmzp
/m/05k2xy	/tv/tv_personality/tv_regular_appearances./tv/tv_regular_personal_appearance/program	/m/0721cy
/m/03jm6c	/film/film/featured_film_locations	/m/08815
/m/0f04c	/tv/tv_personality/tv_regular_appearances./tv/tv_regular_personal_appearance/program	/m/097ns
/m/0g78xc	/award/award_category/winners./award/award_honor/ceremony	/m/0b_6qj
/m/07gyv	/film/film/release_date_s./film/film_regional_release_date/film_regional_debut_venue	/m/0pkyh
/m/0fdv3	/education/university/domestic_tuition./measurement_unit/dated_money_value/currency	/m/0mx6c
/m/03nqnk3	/user/tsegaran/random/taxonomy_subject/entry./user/tsegaran/random/taxonomy_entry/taxonomy	/m/088tb
/m/01shy7	/base/saturdaynightlive/snl_cast_member/seasons./base/saturdaynightlive/snl_season_tenure/cast_members	/m/017cy9
/m/025s7x6	/tv/tv_program/languages	/m/08wq0g
/m/0y54	/sports/sports_team_location/teams	/m/05lb87
/m/06klyh	/award/award_nominee/award_nominations./award/award_nomination/award_nominee	/m/01y0s9
/m/03h_yy	/tv/tv_program/country_of_origin	/m/027nb
/m/013kcv	/base/marchmadness/ncaa_basketball_tournament/seeds./base/marchmadness/ncaa_tournament_seed/team	/m/0dgd_
/m/0m31m	/film/film/language	/m/09prnq
/m/06pk8	/base/schemastaging/organization_extra/phone_number./base/schemastaging/phone_sandbox/service_location	/m/05r6t
/m/0dwvl	/education/university/local_tuition./measurement_unit/dated_money_value/currency	/m/021_z5
/m/01vlj1g	/base/saturdaynightlive/snl_cast_member/seasons./base/saturdaynightlive/snl_season_tenure/cast_members	/m/03qd_
/m/05zm34	/people/person/nationality	/m/0c4ys
/m/0cw3yd	/government/politician/government_positions_held./government/government_position_held/legislative_sessions	/m/05q54f5
/m/01304j	/film/film/runtime./film/film_cut/film_release_region	/m/06n7h7
/m/0170s4	/base/x2010fifaworldcupsouthafrica/world_cup_squad/current_world_cup_squad./base/x2010fifaworldcupsouthafrica/current_world_cup_squad/current_club	/m/09tqxt
/m/018y2s	/music/performance_role/regular_performances./music/group_membership/role	/m/02r_pp
/m/017_cl	/base/locations/continents/countries_within	/m/03pn9
/m/01vv6xv	/music/group_member/membership./music/group_membership/role	/m/0lp_cd3
/m/0688f	/music/performance_role/regular_performances./music/group_membership/role	/m/0cqh46
/m/0f0kz	/film/actor/film./film/performance/special_performance_type	/m/02hft3
/m/081pw	/film/film/executive_produced_by	/m/03f2_rc
/m/01z4y	/base/marchmadness/ncaa_basketball_tournament/seeds./base/marchmadness/ncaa_tournament_seed/team	/m/01f7j9
/m/07s3vqk	/education/educational_institution/students_graduates./education/education/student	/m/01c427
/m/06v41q	/location/location/adjoin_s./location/adjoining_relationship/adjoins	/m/044l47
/m/0m491	/music/artist/contribution./music/recording_contribution/performance_role	/m/05jzt3
/m/0bwfwpj	/film/film/film_festivals	/m/0ymc8
/m/0mx6c	/film/film/genre	/m/059f4
/m/02j9lm	/film/film/film_production_design_by	/m/01czx
/m/03ww_x	/film/film/featured_film_locations	/m/0bv8h2
/m/07kg3	/user/alexander/philosophy/philosopher/interests	/m/01vksx
/m/0dxtg	/award/hall_of_fame/inductees./award/hall_of_fame_induction/inductee	/m/0g701n
/m/0myk8	/base/popstra/location/vacationers./base/popstra/vacation_choice/vacationer	/m/0fgg8c
/m/04rs03	/location/statistical_region/religions./location/religion_percentage/religion	/m/02k6rq
/m/08720	/film/film/production_companies	/m/0cz8mkh
/m/0bdx29	/location/administrative_division/country	/m/021vwt
/m/01y665	/film/film/production_companies	/m/0mwk9
/m/01yc02	/award/award_nominee/award_nominations./award/award_nomination/nominated_for	/m/0jmdb
/m/041mt	/government/legislative_session/members./government/government_position_held/district_represented	/m/025ndl
/m/01vv7sc	/olympics/olympic_games/medals_awarded./olympics/olympic_medal_honor/medal	/m/02b15h
/m/01k2wn	/organization/organization/place_founded	/m/02cw8s
/m/075mb	/music/artist/contribution./music/recording_contribution/performance_role	/m/0n5j_
/m/03gk2	/military/military_combatant/military_conflicts./military/military_combatant_group/combatants	/m/0bj9k
/m/07s4l	/olympics/olympic_games/sports	/m/03rl84
/m/01jnf1	/business/business_operation/industry	/m/0379s
/m/02gnh0	/organization/organization/headquarters./location/mailing_address/state_province_region	/m/08433
/m/03qd_	/medicine/disease/notable_people_with_this_condition	/m/0dq_5
/m/0jyx6	/award/award_winner/awards_won./award/award_honor/award_winner	/m/01my4f
/m/06w99h3	/user/alexander/philosophy/philosopher/interests	/m/026t6
/m/01q7cb_	/film/special_film_performance_type/film_performance_type./film/performance/film	/m/0153nq
/m/027986c	/award/award_nominated_work/award_nominations./award/award_nomination/nominated_for	/m/06w33f8
/m/0b90_r	/government/legislative_session/members./government/government_position_held/legislative_sessions	/m/03qjg
/m/0892sx	/people/profession/specialization_of	/m/0b6tzs
/m/01d494	/location/statistical_region/gdp_nominal./measurement_unit/dated_money_value/currency	/m/02h4rq6
/m/06jvj7	/award/hall_of_fame/inductees./award/hall_of_fame_induction/inductee	/m/04jwly
/m/06x58	/film/film/other_crew./film/film_crew_gig/film_crew_role	/m/016wzw
/m/0k049	/influence/influence_node/influenced_by	/m/01lcxbb
/m/075q_	/people/person/spouse_s./people/marriage/location_of_ceremony	/m/0c0yh4
/m/044rvb	/education/field_of_study/students_majoring./education/education/major_field_of_study	/m/04dsnp
/m/019z7q	/base/popstra/celebrity/canoodled./base/popstra/canoodled/participant	/m/09306z
/m/09gq0x5	/people/person/employment_history./business/employment_tenure/company	/m/0jcg8
/m/01r97z	/location/us_county/county_seat	/m/073h5b
/m/03gjzk	/government/governmental_body/members./government/government_position_held/legislative_sessions	/m/07y9w5
/m/0cp0ph6	/education/educational_degree/people_with_this_degree./education/education/student	/m/040wdl
/m/02v63m	/base/popstra/celebrity/breakup./base/popstra/breakup/participant	/m/047yc
/m/03qjg	/base/aareas/schema/administrative_area/administrative_area_type	/m/06xj93
/m/0h3xztt	/base/schemastaging/organization_extra/phone_number./base/schemastaging/phone_sandbox/contact_category	/m/0265v21
/m/06klyh	/film/film/country	/m/02n9nmz
/m/0fbtbt	/tv/tv_program/genre	/m/07y9w5
/m/02m501	/base/x2010fifaworldcupsouthafrica/world_cup_squad/current_world_cup_squad./base/x2010fifaworldcupsouthafrica/current_world_cup_squad/current_club	/m/01ckbq
/m/0126y2	/film/film/production_companies	/m/07csf4
/m/0q19t	/military/military_conflict/combatants./military/military_combatant_group/combatants	/m/02h6_6p
/m/07tl0	/film/film/other_crew./film/film_crew_gig/film_crew_role	/m/01jnf1
/m/01zfmm	/film/actor/film./film/performance/special_performance_type	/m/05qjt
/m/0fh694	/location/hud_foreclosure_area/estimated_number_of_mortgages./measurement_unit/dated_integer/source	/m/0g7s1n
/m/02pqp12	/medicine/disease/notable_people_with_this_condition	/m/04hwbq
/m/019l68	/tv/tv_program/country_of_origin	/m/09d5h
/m/01l3vx	/food/food/nutrients./food/nutrition_fact/nutrient	/m/03kx49
/m/0401sg	/award/ranked_item/appears_in_ranked_lists./award/ranking/list	/m/03kg2v
/m/027f2w	/government/legislative_session/members./government/government_position_held/district_represented	/m/06b0d2
/m/015h31	/user/ktrueman/default_domain/international_organization/member_states	/m/0bdw6t
/m/0565cz	/common/topic/webpage./common/webpage/category	/m/050yyb
/m/0hv27	/location/location/adjoin_s./location/adjoining_relationship/adjoins	/m/02r0csl
/m/01_mdl	/film/film_subject/films	/m/01l4zqz
/m/0glqh5_	/music/artist/origin	/m/06t61y
/m/01m94f	/tv/tv_program/genre	/m/01zkxv
/m/02681vq	/film/actor/film./film/performance/film	/m/0lp_cd3
/m/0170z3	/film/film_distributor/films_distributed./film/film_film_distributor_relationship/film	/m/01xdf5
/m/02x2khw	/base/marchmadness/ncaa_basketball_tournament/seeds./base/marchmadness/ncaa_tournament_seed/team	/m/0d060g
/m/0fm9_	/film/film/film_production_design_by	/m/015zxh
/m/031y2	/sports/sports_league/teams./sports/sports_league_participation/team	/m/03xpf_7
/m/0436yk	/sports/sport/pro_athletes./sports/pro_sports_played/athlete	/m/0gkg6
/m/06w99h3	/film/film_set_designer/film_sets_designed	/m/059t6d
/m/065z3_x	/celebrities/celebrity/sexual_relationships./celebrities/romantic_relationship/celebrity	/m/0fq27fp
/m/0phx4	/location/location/contains	/m/0chsq
/m/02__34	/base/popstra/location/vacationers./base/popstra/vacation_choice/vacationer	/m/09hnb
/m/020fcn	/olympics/olympic_participating_country/medals_won./olympics/olympic_medal_honor/medal	/m/0783m_
/m/09qv3c	/organization/endowed_organization/endowment./measurement_unit/dated_money_value/currency	/m/026lj
/m/05fcbk7	/user/alexander/philosophy/philosopher/interests	/m/02ynfr
/m/0b7xl8	/tv/tv_program/country_of_origin	/m/09146g
/m/01t_xp_	/user/alexander/philosophy/philosopher/interests	/m/017z88
/m/0dq6p	/film/film/other_crew./film/film_crew_gig/film_crew_role	/m/05xjb
/m/04kj2v	/film/film/cinematography	/m/0c41y70
/m/04h4c9	/location/hud_county_place/county	/m/02581c
/m/07w3r	/american_football/football_team/current_roster./sports/sports_team_roster/position	/m/0q9kd
/m/099c8n	/base/popstra/location/vacationers./base/popstra/vacation_choice/vacationer	/m/07r78j
/m/084qpk	/food/food/nutrients./food/nutrition_fact/nutrient	/m/01tvz5j
/m/0hkxq	/education/educational_institution_campus/educational_institution	/m/02r96rf
/m/01l4zqz	/music/performance_role/guest_performances./music/recording_contribution/performance_role	/m/01j5ts
/m/01hww_	/base/aareas/schema/administrative_area/administrative_area_type	/m/07brj
/m/016fmf	/award/award_category/disciplines_or_subjects	/m/06klyh
/m/0191_7	/base/americancomedy/celebrity_impressionist/celebrities_impersonated	/m/01hnp
/m/01m94f	/base/schemastaging/organization_extra/phone_number./base/schemastaging/phone_sandbox/service_location	/m/0ldqf
/m/07z1m	/people/person/employment_history./business/employment_tenure/company	/m/0xhtw
/m/0f25w9	/education/educational_degree/people_with_this_degree./education/education/student	/m/01rtm4
/m/04h4c9	/music/performance_role/regular_performances./music/group_membership/role	/m/01d650
/m/0cvw9	/american_football/football_team/current_roster./sports/sports_team_roster/position	/m/02v4vl
/m/033tf_	/location/hud_foreclosure_area/estimated_number_of_mortgages./measurement_unit/dated_integer/source	/m/0kx4m
/m/0_92w	/government/politician/government_positions_held./government/government_position_held/legislative_sessions	/m/0p5mw
/m/09td7p	/location/statistical_region/religions./location/religion_percentage/religion	/m/02h40lc
/m/019mlh	/business/business_operation/industry	/m/0ckr7s
/m/01g5v	/olympics/olympic_sport/athletes./olympics/olympic_athlete_affiliation/olympics	/m/01nzs7
/m/01lmj3q	/sports/pro_athlete/teams./sports/sports_team_roster/team	/m/03vtrv
/m/02x4wr9	/sports/sports_team_location/teams	/m/03f7jfh
/m/09d5h	/base/biblioness/bibs_location/country	/m/05hdf
/m/0l98s	/soccer/football_player/current_team./sports/sports_team_roster/team	/m/0hhggmy
/m/021yc7p	/people/ethnicity/geographic_distribution	/m/04kzqz
/m/03mg35	/award/award_winning_work/awards_won./award/award_honor/award_winner	/m/0jgk3
/m/04y9mm8	/government/governmental_body/members./government/government_position_held/legislative_sessions	/m/018gz8
/m/03ldxq	/location/capital_of_administrative_division/capital_of./location/administrative_division_capital_relationship/administrative_division	/m/02yv_b
/m/03c6sl9	/base/popstra/location/vacationers./base/popstra/vacation_choice/vacationer	/m/04w4s
/m/03jqw5	/organization/organization/headquarters./location/mailing_address/country	/m/0c5dd
/m/02g3ft	/education/university/local_tuition./measurement_unit/dated_money_value/currency	/m/02tqkf
/m/0721cy	/film/film/written_by	/m/036k0s
/m/0436yk	/organization/role/leaders./organization/leadership/organization	/m/02773nt
/m/0pgjm	/music/performance_role/regular_performances./music/group_membership/role	/m/065y4w7
/m/0cg9y	/music/artist/track_contributions./music/track_contribution/role	/m/08rr3p
/m/06rmdr	/film/film/estimated_budget./measurement_unit/dated_money_value/currency	/m/0vgkd
/m/0b_6qj	/education/educational_degree/people_with_this_degree./education/education/student	/m/02nxhr
/m/05d6kv	/people/person/sibling_s./people/sibling_relationship/sibling	/m/05hj_k
/m/0h0wc	/location/hud_county_place/place	/m/051hrr
/m/0lsxr	/people/person/gender	/m/04hpck
/m/01ycfv	/award/ranked_item/appears_in_ranked_lists./award/ranking/list	/m/0f7h2v
/m/0879bpq	/education/field_of_study/students_majoring./education/education/major_field_of_study	/m/0pc62
/m/0ddd0gc	/film/film/language	/m/0gs9p
/m/050f0s	/film/film/genre	/m/07gql
/m/01d494	/music/performance_role/regular_performances./music/group_membership/role	/m/03m8lq
/m/01czx	/medicine/symptom/symptom_of	/m/02wcx8c
/m/01hww_	/film/film/distributors./film/film_film_distributor_relationship/film_distribution_medium	/m/09tlh
/m/0hl3d	/location/statistical_region/gdp_nominal./measurement_unit/dated_money_value/currency	/m/02tr7d
/m/045zr	/base/schemastaging/person_extra/net_worth./measurement_unit/dated_money_value/currency	/m/013y1f
/m/02x8n1n	/film/film/edited_by	/m/09dt7
/m/027nb	/people/person/religion	/m/028lc8
/m/0jgwf	/base/popstra/celebrity/dated./base/popstra/dated/participant	/m/0272_vz
/m/01_9fk	/government/politician/government_positions_held./government/government_position_held/basic_title	/m/0d7wh
/m/01gst_	/education/university/domestic_tuition./measurement_unit/dated_money_value/currency	/m/08815
/m/01mvth	/sports/sports_team_location/teams	/m/01q99h
/m/03lmx1	/people/person/employment_history./business/employment_tenure/company	/m/0fq9zdn
/m/09pl3s	/tv/tv_program/country_of_origin	/m/0g3zpp
/m/02pprs	/film/film/featured_film_locations	/m/0bgrsl
/m/0443y3	/base/schemastaging/organization_extra/phone_number./base/schemastaging/phone_sandbox/contact_category	/m/04gmp_z
/m/03xx9l	/film/film/personal_appearances./film/personal_film_appearance/person	/m/045c66
/m/0pmpl	/base/culturalevent/event/entity_involved	/m/02_5x9
/m/072x7s	/award/award_category/disciplines_or_subjects	/m/088tb
/m/01q2nx	/organization/role/leaders./organization/leadership/organization	/m/06v_gh
/m/02_j7t	/people/person/sibling_s./people/sibling_relationship/sibling	/m/01c58j
/m/01pl14	/music/group_member/membership./music/group_membership/group	/m/02r22gf
/m/07z31v	/education/university/local_tuition./measurement_unit/dated_money_value/currency	/m/06nm1
/m/06cs95	/tv/tv_program/tv_producer./tv/tv_producer_term/producer_type	/m/030znt
/m/05glt	/base/schemastaging/organization_extra/phone_number./base/schemastaging/phone_sandbox/contact_category	/m/0j1yf
/m/0lx2l	/location/location/partially_contains	/m/026lgs
/m/05gml8	/sports/sports_position/players./american_football/football_historical_roster_position/position_s	/m/01vfqh
/m/08wq0g	/music/artist/track_contributions./music/track_contribution/role	/m/056878
/m/017r2	/sports/sports_team/roster./basketball/basketball_roster_position/position	/m/01hmnh
/m/03xq0f	/base/marchmadness/ncaa_basketball_tournament/seeds./base/marchmadness/ncaa_tournament_seed/team	/m/01wxyx1
/m/01f7gh	/music/genre/parent_genre	/m/0565cz
/m/014q2g	/base/popstra/location/vacationers./base/popstra/vacation_choice/vacationer	/m/0l9rg
/m/034qmv	/olympics/olympic_sport/athletes./olympics/olympic_athlete_affiliation/olympics	/m/01bgqh
/m/02bfmn	/base/aareas/schema/administrative_area/capital	/m/03h26tm
/m/03m4mj	/sports/sports_team/roster./baseball/baseball_roster_position/position	/m/0m2wm
/m/03r8tl	/government/politician/government_positions_held./government/government_position_held/legislative_sessions	/m/02nxhr
/m/0gxfz	/olympics/olympic_games/medals_awarded./olympics/olympic_medal_honor/medal	/m/0pdp8
/m/067mj	/film/film/produced_by	/m/03lmx1
/m/0jym0	/music/performance_role/guest_performances./music/recording_contribution/performance_role	/m/053tj7
/m/0bbgly	/location/location/contains	/m/07vht
/m/020fcn	/location/location/time_zones	/m/0bjrnt
/m/06n90	/film/film/language	/m/01v_pj6
/m/061fhg	/award/award_nominee/award_nominations./award/award_nomination/award	/m/02jx1
/m/07gp9	/film/film/distributors./film/film_film_distributor_relationship/film_distribution_medium	/m/012s5j
/m/0dwr4	/music/performance_role/regular_performances./music/group_membership/group	/m/01by1l
/m/01pb34	/people/person/languages	/m/01k2yr
/m/03bxbql	/location/statistical_region/rent50_2./measurement_unit/dated_money_value/currency	/m/027c924
/m/015f47	/base/aareas/schema/administrative_area/capital	/m/04rjg
/m/06cx9	/award/award_nominated_work/award_nominations./award/award_nomination/nominated_for	/m/04yj5z
/m/01h7bb	/base/biblioness/bibs_location/state	/m/03cvfg
/m/01n5309	/base/aareas/schema/administrative_area/administrative_area_type	/m/01c59k
/m/02sjf5	/education/field_of_study/students_majoring./education/education/major_field_of_study	/m/07s467s
/m/0169dl	/people/person/profession	/m/084w8
/m/0gr36	/tv/tv_writer/tv_programs./tv/tv_program_writer_relationship/tv_program	/m/05dy7p
/m/026c1	/base/popstra/celebrity/canoodled./base/popstra/canoodled/participant	/m/03w5xm
/m/016clz	/organization/organization_founder/organizations_founded	/m/01qvgl
/m/07pd_j	/organization/role/leaders./organization/leadership/organization	/m/016lmg
/m/0bqsy	/film/special_film_performance_type/film_performance_type./film/performance/film	/m/010dft
/m/0571m	/education/educational_institution/students_graduates./education/education/student	/m/03m73lj
/m/01ly5m	/government/politician/government_positions_held./government/government_position_held/legislative_sessions	/m/07vk2
/m/01g63y	/olympics/olympic_sport/athletes./olympics/olympic_athlete_affiliation/olympics	/m/02mslq
/m/047q2k1	/military/military_conflict/combatants./military/military_combatant_group/combatants	/m/0170s4
/m/0c6qh	/olympics/olympic_participating_country/medals_won./olympics/olympic_medal_honor/medal	/m/02_5x9
/m/01fmys	/organization/endowed_organization/endowment./measurement_unit/dated_money_value/currency	/m/02jknp
/m/0127m7	/user/alexander/philosophy/philosopher/interests	/m/026xxv_
/m/0mb0	/location/statistical_region/rent50_2./measurement_unit/dated_money_value/currency	/m/04jjy
/m/01rrwf6	/music/genre/artists	/m/0gq9h
/m/0c7ct	/award/ranked_item/appears_in_ranked_lists./award/ranking/list	/m/0r2l7
/m/05h43ls	/music/group_member/membership./music/group_membership/role	/m/0g3zpp
/m/0jz9f	/base/schemastaging/organization_extra/phone_number./base/schemastaging/phone_sandbox/service_language	/m/0jmfb
/m/01x5fb	/education/educational_degree/people_with_this_degree./education/education/institution	/m/015nl4
/m/04dn09n	/government/politician/government_positions_held./government/government_position_held/basic_title	/m/0jt3qpk
/m/075mb	/user/ktrueman/default_domain/international_organization/member_states	/m/0309jm
/m/07hgm	/location/statistical_region/rent50_2./measurement_unit/dated_money_value/currency	/m/0kb1g
/m/09vc4s	/award/ranked_item/appears_in_ranked_lists./award/ranking/list	/m/0m3gy
/m/01c59k	/film/film/film_art_direction_by	/m/0kpl
/m/0bbf1f	/organization/organization/headquarters./location/mailing_address/citytown	/m/0glqh5_
/m/027c924	/tv/tv_producer/programs_produced./tv/tv_producer_term/producer_type	/m/09x3r
/m/03xpf_7	/olympics/olympic_participating_country/athletes./olympics/olympic_athlete_affiliation/olympics	/m/0d060g
/m/0dq626	/base/popstra/celebrity/breakup./base/popstra/breakup/participant	/m/01vvy
/m/047p7fr	/people/profession/specialization_of	/m/02bkg
/m/02jx1	/people/marriage_union_type/unions_of_this_type./people/marriage/location_of_ceremony	/m/027f7dj
/m/0cqh46	/music/artist/contribution./music/recording_contribution/performance_role	/m/015zyd
/m/01s73z	/celebrities/celebrity/sexual_relationships./celebrities/romantic_relationship/celebrity	/m/04dsnp
/m/0gx9rvq	/education/field_of_study/students_majoring./education/education/major_field_of_study	/m/0j06n
/m/013b2h	/film/film/runtime./film/film_cut/film_release_region	/m/016hvl
/m/09wj5	/film/film/release_date_s./film/film_regional_release_date/film_regional_debut_venue	/m/058x5
/m/06mfvc	/influence/influence_node/peers./influence/peer_relationship/peers	/m/09p7fh
/m/03h3x5	/people/person/gender	/m/0b76t12
/m/0j2jr	/location/hud_county_place/place	/m/01wmxfs
/m/02645b	/organization/organization/headquarters./location/mailing_address/citytown	/m/021q0l
/m/06688p	/location/statistical_region/religions./location/religion_percentage/religion	/m/07ww5
/m/028q6	/government/politician/government_positions_held./government/government_position_held/legislative_sessions	/m/054lpb6
/m/024tsn	/film/film/production_companies	/m/0345h
/m/03fvqg	/soccer/football_team/current_roster./sports/sports_team_roster/position	/m/05zm34
/m/0mx6c	/award/award_nominated_work/award_nominations./award/award_nomination/nominated_for	/m/04cbtrw
/m/0m0jc	/government/politician/government_positions_held./government/government_position_held/basic_title	/m/01453
/m/0swbd	/base/popstra/celebrity/canoodled./base/popstra/canoodled/participant	/m/04hwbq
/m/06cvj	/media_common/netflix_genre/titles	/m/0171cm
/m/05w3f	/user/jg/default_domain/olympic_games/sports	/m/01frpd
/m/04t6fk	/film/film_set_designer/film_sets_designed	/m/01j7rd
/m/0dxtw	/award/award_winner/awards_won./award/award_honor/award_winner	/m/0mxcf
/m/02zyy4	/people/person/nationality	/m/05r5c
/m/0d234	/government/political_party/politicians_in_this_party./government/political_party_tenure/politician	/m/02q6gfp
/m/0dck27	/base/schemastaging/organization_extra/phone_number./base/schemastaging/phone_sandbox/service_location	/m/01vsl3_
/m/0g9wdmc	/location/statistical_region/gdp_nominal_per_capita./measurement_unit/dated_money_value/currency	/m/0btyf5z
/m/024n3z	/people/deceased_person/place_of_death	/m/03v6t
/m/0jqp3	/tv/tv_program/tv_producer./tv/tv_producer_term/producer_type	/m/060bp
/m/035gjq	/tv/tv_network/programs./tv/tv_network_duration/program	/m/03nqnk3
/m/03xl77	/location/country/second_level_divisions	/m/03r8tl
/m/0288fyj	/tv/tv_producer/programs_produced./tv/tv_producer_term/program	/m/01vrx3g
/m/01q03	/award/award_winner/awards_won./award/award_honor/award_winner	/m/02lf0c
/m/02_1sj	/film/film/film_format	/m/02zmh5
/m/02k84w	/education/educational_institution/school_type	/m/04n3l
/m/0rs6x	/tv/tv_program/languages	/m/01yb09
/m/012ljv	/location/location/contains	/m/04n2r9h
/m/0j3b	/base/schemastaging/person_extra/net_worth./measurement_unit/dated_money_value/currency	/m/02rn00y
/m/01wtlq	/film/film/other_crew./film/film_crew_gig/film_crew_role	/m/07sgfvl
/m/0d6b7	/base/x2010fifaworldcupsouthafrica/world_cup_squad/current_world_cup_squad./base/x2010fifaworldcupsouthafrica/current_world_cup_squad/current_club	/m/0hndn2q
/m/0blg2	/sports/sports_team/colors	/m/05sxzwc
/m/09728	/film/film/other_crew./film/film_crew_gig/crewmember	/m/035s95
/m/0jm2v	/sports/sports_team/roster./baseball/baseball_roster_position/position	/m/013yq
/m/06w33f8	/business/job_title/people_with_this_title./business/employment_tenure/company	/m/01trtc
/m/0q_xk	/base/locations/continents/countries_within	/m/03sxd2
/m/086k8	/people/ethnicity/geographic_distribution	/m/0bdw6t
/m/04zyhx	/film/film_set_designer/film_sets_designed	/m/0q5hw
/m/01p3ty	/award/award_nominee/award_nominations./award/award_nomination/nominated_for	/m/059rc
/m/01_x6v	/film/film/film_format	/m/01271h
/m/02pjc1h	/people/person/spouse_s./people/marriage/type_of_union	/m/02qflgv
/m/03j43	/people/person/spouse_s./people/marriage/type_of_union	/m/01wdqrx
/m/0h0jz	/people/person/spouse_s./people/marriage/spouse	/m/05tbn
/m/046lt	/film/film_subject/films	/m/06y3r
/m/029zqn	/people/cause_of_death/people	/m/0dtd6
/m/014j1m	/organization/non_profit_organization/registered_with./organization/non_profit_registration/registering_agency	/m/015q1n
/m/02c4s	/sports/sports_league/teams./sports/sports_league_participation/team	/m/02vy5j
/m/078lk	/travel/travel_destination/climate./travel/travel_destination_monthly_climate/month	/m/05zy2cy
/m/0bq8tmw	/film/film_subject/films	/m/067ghz
/m/025xt8y	/education/university/local_tuition./measurement_unit/dated_money_value/currency	/m/05zksls
/m/02bg8v	/organization/organization_member/member_of./organization/organization_membership/organization	/m/0g5b0q5
/m/026t6	/music/performance_role/regular_performances./music/group_membership/group	/m/027l4q
/m/05zm34	/tv/tv_program/regular_cast./tv/regular_tv_appearance/actor	/m/01ln5z
/m/052p7	/film/film_subject/films	/m/0dgst_d
/m/0cz_ym	/location/statistical_region/gdp_nominal./measurement_unit/dated_money_value/currency	/m/028kj0
/m/01xd9	/government/governmental_body/members./government/government_position_held/legislative_sessions	/m/017t44
/m/01nd2c	/people/cause_of_death/people	/m/01914
/m/01n4f8	/american_football/football_team/current_roster./sports/sports_team_roster/position	/m/0kszw
/m/01c9f2	/base/schemastaging/organization_extra/phone_number./base/schemastaging/phone_sandbox/service_location	/m/04cw0n4
/m/0bmpm	/soccer/football_team/current_roster./soccer/football_roster_position/position	/m/01zmpg
/m/01gxqf	/education/educational_institution/students_graduates./education/education/major_field_of_study	/m/0j871
/m/01trtc	/government/politician/government_positions_held./government/government_position_held/legislative_sessions	/m/01fh9
/m/07cbcy	/medicine/disease/notable_people_with_this_condition	/m/080knyg
/m/06mzp	/film/film/featured_film_locations	/m/05zppz
/m/02wt0	/people/cause_of_death/people	/m/04mz10g
/m/0jdhp	/location/capital_of_administrative_division/capital_of./location/administrative_division_capital_relationship/administrative_division	/m/0249kn
/m/01y0s9	/base/aareas/schema/administrative_area/capital	/m/04n3l
/m/0bl2g	/food/food/nutrients./food/nutrition_fact/nutrient	/m/07hgm
/m/03m8y5	/location/location/adjoin_s./location/adjoining_relationship/adjoins	/m/04k4l
/m/019f4v	/soccer/football_player/current_team./sports/sports_team_roster/team	/m/02_cq0
/m/07pd_j	/sports/sports_team/sport	/m/0cd25
/m/0gjv_	/government/politician/government_positions_held./government/government_position_held/legislative_sessions	/m/092c5f
/m/015rhv	/tv/tv_writer/tv_programs./tv/tv_program_writer_relationship/tv_program	/m/08swgx
/m/0ldqf	/film/actor/film./film/performance/special_performance_type	/m/06f32
/m/01pb34	/military/military_conflict/combatants./military/military_combatant_group/combatants	/m/0464pz
/m/0lk90	/people/profession/specialization_of	/m/017gl1
/m/01lbp	/award/award_winning_work/awards_won./award/award_honor/award	/m/03bx0bm
/m/03xl77	/location/capital_of_administrative_division/capital_of./location/administrative_division_capital_relationship/administrative_division	/m/0bgrsl
/m/0d234	/government/politician/government_positions_held./government/government_position_held/basic_title	/m/025m8l
/m/08pgl8	/user/alexander/philosophy/philosopher/interests	/m/04ycjk
/m/080knyg	/film/film/distributors./film/film_film_distributor_relationship/film_distribution_medium	/m/05h72z
/m/03z20c	/location/capital_of_administrative_division/capital_of./location/administrative_division_capital_relationship/administrative_division	/m/0pc7r
/m/04rcr	/tv/tv_program/country_of_origin	/m/01jv_6
/m/026b33f	/education/educational_institution/school_type	/m/02vy5j
/m/07swvb	/organization/organization/headquarters./location/mailing_address/country	/m/01rhrd
/m/0cnl09	/organization/organization_founder/organizations_founded	/m/0hzlz
/m/01zmpg	/film/film/runtime./film/film_cut/film_release_region	/m/0gmgwnv
/m/0171cm	/influence/influence_node/influenced_by	/m/0t015
/m/03ldxq	/music/performance_role/regular_performances./music/group_membership/role	/m/01vvydl
/m/02jqjm	/sports/professional_sports_team/draft_picks./sports/sports_league_draft_pick/school	/m/05qw5
/m/064t9	/medicine/symptom/symptom_of	/m/07y9w5
/m/0288zy	/location/country/second_level_divisions	/m/0p_th
/m/0jdgr	/sports/sports_team/roster./american_football/football_roster_position/position	/m/047qxs
/m/0jt90f5	/base/schemastaging/organization_extra/phone_number./base/schemastaging/phone_sandbox/contact_category	/m/027dtv3
/m/0jtg0	/film/film/cinematography	/m/01nv4h
/m/0f40w	/base/aareas/schema/administrative_area/administrative_area_type	/m/01ycbq
/m/026n4h6	/award/award_winner/awards_won./award/award_honor/award_winner	/m/06x58
/m/02pp_q_	/award/award_nominee/award_nominations./award/award_nomination/award_nominee	/m/06x58
/m/0c94fn	/location/hud_foreclosure_area/estimated_number_of_mortgages./measurement_unit/dated_integer/source	/m/01f62
/m/05zbm4	/sports/sports_team/sport	/m/03tf_h
/m/0gyy53	/olympics/olympic_games/medals_awarded./olympics/olympic_medal_honor/medal	/m/04zl8
/m/032nwy	/music/artist/track_contributions./music/track_contribution/role	/m/01r32
/m/04kxsb	/olympics/olympic_participating_country/medals_won./olympics/olympic_medal_honor/olympics	/m/03f70xs
/m/067ghz	/education/university/fraternities_and_sororities	/m/04m1bm
/m/07t90	/celebrities/celebrity/sexual_relationships./celebrities/romantic_relationship/celebrity	/m/05whq_9
/m/02896	/sports/sports_league/teams./sports/sports_league_participation/team	/m/05kkh
/m/014q2g	/base/popstra/celebrity/dated./base/popstra/dated/participant	/m/0137n0
/m/07vht	/people/cause_of_death/people	/m/02211by
/m/0520r2x	/people/person/spouse_s./people/marriage/type_of_union	/m/03lrht
/m/01gbcf	/education/field_of_study/students_majoring./education/education/student	/m/067pl7
/m/0sx7r	/people/ethnicity/geographic_distribution	/m/070w7s
/m/0g2jl	/time/event/locations	/m/019vhk
/m/0136g9	/award/award_category/disciplines_or_subjects	/m/02wt0
/m/0bdx29	/celebrities/celebrity/celebrity_friends./celebrities/friendship/friend	/m/020lpx
/m/02pxmgz	/base/locations/continents/countries_within	/m/06cvj
/m/01k7xz	/education/university/fraternities_and_sororities	/m/01zmpg
/m/02_n5d	/olympics/olympic_participating_country/athletes./olympics/olympic_athlete_affiliation/olympics	/m/0fq27fp
/m/05prs8	/film/film/other_crew./film/film_crew_gig/crewmember	/m/085h1
/m/0jmcb	/film/special_film_performance_type/film_performance_type./film/performance/film	/m/04yj5z
/m/0gjvqm	/education/educational_institution/students_graduates./education/education/major_field_of_study	/m/048scx
/m/04nlb94	/base/popstra/celebrity/dated./base/popstra/dated/participant	/m/0bs1yy
/m/059rby	/sports/sports_team/roster./american_football/football_roster_position/position	/m/02gvwz
/m/02jg92	/common/topic/webpage./common/webpage/category	/m/03s0w
/m/02yvhx	/people/marriage_union_type/unions_of_this_type./people/marriage/location_of_ceremony	/m/0lbd9
/m/075cph	/people/person/place_of_birth	/m/04m8fy
/m/05z96	/sports/sports_team_location/teams	/m/0t_2
/m/0f102	/base/locations/continents/countries_within	/m/0l6vl
/m/0clvcx	/film/film/film_production_design_by	/m/0qcr0
/m/01bx35	/award/hall_of_fame/inductees./award/hall_of_fame_induction/inductee	/m/0mxcf
/m/07ylj	/sports/sports_position/players./sports/sports_team_roster/team	/m/013b2h
/m/026dcvf	/business/business_operation/revenue./measurement_unit/dated_money_value/currency	/m/026lj
/m/02l7c8	/film/actor/film./film/performance/special_performance_type	/m/024tsn
/m/0kz2w	/base/americancomedy/celebrity_impressionist/celebrities_impersonated	/m/0c94fn
/m/0zjpz	/film/film/release_date_s./film/film_regional_release_date/film_regional_debut_venue	/m/01fpvz
/m/016_mj	/people/ethnicity/geographic_distribution	/m/039fgy
/m/02_j7t	/education/educational_degree/people_with_this_degree./education/education/major_field_of_study	/m/017z88
/m/06w2sn5	/soccer/football_team/current_roster./soccer/football_roster_position/position	/m/07rlg
/m/02rb84n	/people/person/places_lived./people/place_lived/location	/m/02v8kmz
/m/0cc7hmk	/organization/role/leaders./organization/leadership/organization	/m/02pb2bp
/m/07cbcy	/sports/sports_team/roster./american_football/football_roster_position/position	/m/0407yj_
/m/01s7zw	/location/country/second_level_divisions	/m/070mff
/m/057d89	/food/food/nutrients./food/nutrition_fact/nutrient	/m/06ms6
/m/019rg5	/film/film/written_by	/m/04tz52
/m/02f5qb	/award/award_ceremony/awards_presented./award/award_honor/honored_for	/m/04n3l
/m/015z4j	/award/award_category/disciplines_or_subjects	/m/019f2f
/m/05g76	/film/film/production_companies	/m/05j82v
/m/0209xj	/education/educational_institution/students_graduates./education/education/student	/m/0plyy
/m/070m6c	/music/performance_role/guest_performances./music/recording_contribution/performance_role	/m/04g865
/m/01fc7p	/people/person/employment_history./business/employment_tenure/company	/m/0gkz3nz
/m/0182r9	/education/university/fraternities_and_sororities	/m/09v71cj
/m/01r32	/tv/tv_network/programs./tv/tv_network_duration/program	/m/05kfs
/m/059t6d	/time/event/locations	/m/021yc7p
/m/0170_p	/film/actor/film./film/performance/special_performance_type	/m/0hzc9wc
/m/04ktcgn	/film/film/genre	/m/01jv1z
/m/02__34	/base/biblioness/bibs_location/state	/m/01v40wd
/m/0162c8	/location/hud_county_place/county	/m/01k1k4
/m/0ftvz	/sports/sports_position/players./sports/sports_team_roster/position	/m/0338lq
/m/0184jc	/people/profession/specialization_of	/m/04cf09
/m/0c1pj	/education/university/local_tuition./measurement_unit/dated_money_value/currency	/m/0prpt
/m/0379s	/organization/organization/headquarters./location/mailing_address/state_province_region	/m/02qkk9_
/m/049bmk	/award/award_category/winners./award/award_honor/ceremony	/m/048scx
/m/047sxrj	/organization/organization/headquarters./location/mailing_address/country	/m/017zq0
/m/05vsb7	/baseball/baseball_team/team_stats./baseball/baseball_team_stats/season	/m/0bkj86
/m/035qy	/film/film/release_date_s./film/film_regional_release_date/film_release_distribution_medium	/m/03mz9r
/m/0fq27fp	/music/genre/parent_genre	/m/011yn5
/m/0342h	/award/award_ceremony/awards_presented./award/award_honor/honored_for	/m/01vsy95
/m/05qw5	/film/film/prequel	/m/05tbn
/m/0300cp	/people/person/places_lived./people/place_lived/location	/m/02qkk9_
/m/0m19t	/location/us_county/county_seat	/m/064_8sq
/m/07b_l	/celebrities/celebrity/sexual_relationships./celebrities/romantic_relationship/celebrity	/m/07vht
/m/04b_46	/base/aareas/schema/administrative_area/administrative_parent	/m/050f0s
/m/01_mdl	/base/popstra/celebrity/canoodled./base/popstra/canoodled/participant	/m/02kxbwx
/m/0j_sncb	/base/petbreeds/city_with_dogs/top_breeds./base/petbreeds/dog_city_relationship/dog_breed	/m/01v5h
/m/014j1m	/government/legislative_session/members./government/government_position_held/legislative_sessions	/m/04q00lw
/m/01vvycq	/soccer/football_team/current_roster./soccer/football_roster_position/position	/m/0d234
/m/0gxfz	/film/film/runtime./film/film_cut/film_release_region	/m/017r2
/m/01yb09	/award/award_category/winners./award/award_honor/ceremony	/m/071dcs
/m/0bjqh	/sports/sports_team/roster./american_football/football_historical_roster_position/position_s	/m/02x258x
/m/0b2qtl	/base/biblioness/bibs_location/state	/m/02qgqt
/m/05qw5	/sports/sports_team/colors	/m/07ss8_
/m/04zl8	/organization/organization/headquarters./location/mailing_address/state_province_region	/m/0c4z8
/m/0gqzz	/celebrities/celebrity/celebrity_friends./celebrities/friendship/friend	/m/02rdyk7
/m/046lt	/food/food/nutrients./food/nutrition_fact/nutrient	/m/0djb3vw
/m/07ylj	/film/film/produced_by	/m/02zmh5
/m/01kx_81	/location/hud_foreclosure_area/estimated_number_of_mortgages./measurement_unit/dated_integer/source	/m/099c8n
/m/03f5spx	/film/film/other_crew./film/film_crew_gig/film_crew_role	/m/0kpys
/m/0cc56	/education/educational_institution/colors	/m/0fdv3
/m/0jcgs	/sports/sports_team/roster./american_football/football_historical_roster_position/position_s	/m/0g5879y
/m/027jk	/organization/endowed_organization/endowment./measurement_unit/dated_money_value/currency	/m/0g5qs2k
/m/09mq4m	/people/ethnicity/geographic_distribution	/m/056vv
/m/0gvstc3	/medicine/disease/notable_people_with_this_condition	/m/0jgd
/m/02jx1	/organization/organization_founder/organizations_founded	/m/0bpx1k
/m/01713c	/organization/organization/headquarters./location/mailing_address/state_province_region	/m/05b3ts
/m/02f6g5	/tv/tv_network/programs./tv/tv_network_duration/program	/m/03twd6
/m/05vsb7	/olympics/olympic_participating_country/medals_won./olympics/olympic_medal_honor/medal	/m/0ymbl
/m/0495ys	/base/aareas/schema/administrative_area/administrative_area_type	/m/0275_pj
/m/06mz5	/base/aareas/schema/administrative_area/capital	/m/05zkcn5
/m/0b90_r	/people/ethnicity/languages_spoken	/m/02w2bc
/m/0d1tm	/american_football/football_team/current_roster./sports/sports_team_roster/position	/m/02x8n1n
/m/056878	/base/biblioness/bibs_location/country	/m/0456xp
/m/02zq43	/broadcast/content/artist	/m/0gl02yg
/m/0161sp	/award/award_nominated_work/award_nominations./award/award_nomination/nominated_for	/m/017z88
/m/0blq0z	/film/film/prequel	/m/0ggq0m
/m/05148p4	/education/educational_institution/students_graduates./education/education/student	/m/02krf9
/m/065zr	/user/alexander/philosophy/philosopher/interests	/m/07p62k
/m/0l6mp	/music/artist/contribution./music/recording_contribution/performance_role	/m/034np8
/m/05h43ls	/film/film/release_date_s./film/film_regional_release_date/film_regional_debut_venue	/m/06bd5j
/m/0blbxk	/people/person/place_of_birth	/m/0ch6mp2
/m/06ybb1	/film/actor/film./film/performance/film	/m/02p_7cr
/m/01wdj_	/film/film_subject/films	/m/05kr_
/m/06cs95	/education/educational_degree/people_with_this_degree./education/education/major_field_of_study	/m/0fxgg9
/m/0f6lx	/soccer/football_team/current_roster./soccer/football_roster_position/position	/m/0b_6mr
/m/0dr_4	/music/instrument/instrumentalists	/m/070mff
/m/01mmslz	/sports/sports_position/players./american_football/football_historical_roster_position/position_s	/m/083shs
/m/0r2l7	/user/alexander/philosophy/philosopher/interests	/m/01jzxy
/m/0h0jz	/location/statistical_region/gdp_nominal./measurement_unit/dated_money_value/currency	/m/095zlp
/m/0kpys	/organization/organization_founder/organizations_founded	/m/01l9p
/m/09qs08	/education/field_of_study/students_majoring./education/education/student	/m/0k7tq
/m/06wbm8q	/base/aareas/schema/administrative_area/administrative_area_type	/m/06w6_
/m/03lpp_	/music/group_member/membership./music/group_membership/group	/m/012t_z
/m/08815	/language/human_language/countries_spoken_in	/m/02662b
/m/0jvt9	/music/artist/contribution./music/recording_contribution/performance_role	/m/0t_2
/m/0cwx_	/location/hud_foreclosure_area/estimated_number_of_mortgages./measurement_unit/dated_integer/source	/m/076lxv
/m/07b_l	/government/legislative_session/members./government/government_position_held/legislative_sessions	/m/02rdxsh
/m/02cttt	/base/popstra/celebrity/breakup./base/popstra/breakup/participant	/m/027c924
/m/0645k5	/organization/organization_member/member_of./organization/organization_membership/organization	/m/01nd2c
/m/02bfxb	/organization/organization_member/member_of./organization/organization_membership/organization	/m/0d_q40
/m/021sv1	/user/alexander/philosophy/philosopher/interests	/m/02g8h
/m/01w61th	/american_football/football_team/current_roster./sports/sports_team_roster/position	/m/071ywj
/m/02rbdlq	/broadcast/content/artist	/m/0275_pj
/m/0gghm	/sports/sports_team/sport	/m/0jym0
/m/0jym0	/base/popstra/location/vacationers./base/popstra/vacation_choice/vacationer	/m/01d5z
/m/05b3ts	/sports/sports_team/colors	/m/01p3ty
/m/04wgh	/location/statistical_region/rent50_2./measurement_unit/dated_money_value/currency	/m/099t8j
/m/030_1m	/olympics/olympic_participating_country/medals_won./olympics/olympic_medal_honor/olympics	/m/02r4qs
/m/01jrbb	/base/culturalevent/event/entity_involved	/m/040b5k
/m/019cr	/organization/organization/headquarters./location/mailing_address/country	/m/02whj
/m/09v3jyg	/film/film/distributors./film/film_film_distributor_relationship/film_distribution_medium	/m/02ndbd
/m/05jg58	/people/marriage_union_type/unions_of_this_type./people/marriage/location_of_ceremony	/m/07s6prs
/m/044l47	/location/hud_county_place/place	/m/0yc84
/m/0gmcwlb	/film/film/featured_film_locations	/m/08lb68
/m/09v71cj	/film/special_film_performance_type/film_performance_type./film/performance/film	/m/02khs
/m/054lpb6	/education/educational_institution/students_graduates./education/education/student	/m/04xvlr
/m/01q03	/base/schemastaging/organization_extra/phone_number./base/schemastaging/phone_sandbox/service_location	/m/081pw
/m/03vtrv	/award/award_ceremony/awards_presented./award/award_honor/honored_for	/m/0f4vbz
/m/0565cz	/media_common/netflix_genre/titles	/m/05zm34
/m/0bjrnt	/language/human_language/countries_spoken_in	/m/040b5k
/m/09gvd	/location/statistical_region/gdp_nominal_per_capita./measurement_unit/dated_money_value/currency	/m/0ldqf
/m/0cfhfz	/olympics/olympic_participating_country/athletes./olympics/olympic_athlete_affiliation/olympics	/m/02k6rq
/m/072x7s	/award/award_category/disciplines_or_subjects	/m/0264v8r
/m/0cc56	/film/film/distributors./film/film_film_distributor_relationship/region	/m/0ldqf
/m/0yzvw	/film/film/film_production_design_by	/m/058ncz
/m/05pcn59	/music/artist/contribution./music/recording_contribution/performance_role	/m/0144l1
/m/0bwfwpj	/people/person/nationality	/m/01k7xz
/m/03y1mlp	/people/person/profession	/m/04v8x9
/m/01kvqc	/education/educational_institution/students_graduates./education/education/student	/m/02y_rq5
/m/0jm3v	/people/person/nationality	/m/021_rm
/m/01ww2fs	/base/schemastaging/organization_extra/phone_number./base/schemastaging/phone_sandbox/contact_category	/m/01k5y0
/m/09gvd	/organization/organization_founder/organizations_founded	/m/0169t
/m/01k7xz	/sports/sports_team/roster./american_football/football_historical_roster_position/position_s	/m/02b1mc
/m/02cllz	/award/award_nominee/award_nominations./award/award_nomination/award	/m/073hmq
/m/0dyb1	/film/film/genre	/m/0kvsb
/m/09f0bj	/organization/role/leaders./organization/leadership/organization	/m/095w_
/m/02rxbmt	/celebrities/celebrity/sexual_relationships./celebrities/romantic_relationship/celebrity	/m/05zvj3m
/m/02rqwhl	/base/americancomedy/celebrity_impressionist/celebrities_impersonated	/m/04l8xw
/m/06klyh	/organization/organization/headquarters./location/mailing_address/state_province_region	/m/011k1h
/m/03qnvdl	/medicine/disease/notable_people_with_this_condition	/m/0cq7kw
/m/0frf6	/base/americancomedy/celebrity_impressionist/celebrities_impersonated	/m/02vqhv0
/m/0ptk_	/location/country/form_of_government	/m/07lt7b
/m/01vs_v8	/government/government_office_category/officeholders./government/government_position_held/jurisdiction_of_office	/m/01yhvv
/m/01sbf2	/film/film/produced_by	/m/09rwjly
/m/0gz6b6g	/sports/sports_team/sport	/m/053yx
/m/0kbg6	/music/artist/contribution./music/recording_contribution/performance_role	/m/05b__vr
/m/0gr51	/travel/travel_destination/climate./travel/travel_destination_monthly_climate/month	/m/08wr3kg
/m/05qw5	/soccer/football_team/current_roster./soccer/football_roster_position/position	/m/01pb34
/m/01pl9g	/music/performance_role/regular_performances./music/group_membership/role	/m/01p9hgt
/m/043ljr	/award/award_category/winners./award/award_honor/award_winner	/m/02plv57
/m/0f2wj	/location/hud_foreclosure_area/estimated_number_of_mortgages./measurement_unit/dated_integer/source	/m/015qh
/m/0gslw	/location/capital_of_administrative_division/capital_of./location/administrative_division_capital_relationship/administrative_division	/m/02t__l
/m/01p7yb	/sports/sports_team/colors	/m/02g87m
/m/06_kh	/location/capital_of_administrative_division/capital_of./location/administrative_division_capital_relationship/administrative_division	/m/0443y3
/m/0g56t9t	/film/film/film_production_design_by	/m/0phx4
/m/0crfwmx	/film/special_film_performance_type/film_performance_type./film/performance/film	/m/08q1tg
/m/0170pk	/music/artist/origin	/m/013cz2
/m/091z_p	/olympics/olympic_sport/athletes./olympics/olympic_athlete_affiliation/country	/m/01czx
/m/0gq9h	/education/educational_institution/students_graduates./education/education/major_field_of_study	/m/05ljv7
/m/01ztgm	/military/military_combatant/military_conflicts./military/military_combatant_group/combatants	/m/0c7ct
/m/031t2d	/award/award_ceremony/awards_presented./award/award_honor/award_winner	/m/02279c
/m/04n7njg	/film/film/other_crew./film/film_crew_gig/crewmember	/m/072twv
/m/0hmm7	/base/popstra/celebrity/breakup./base/popstra/breakup/participant	/m/0gqzz
/m/0j2pg	/film/film/country	/m/0fp_v1x
/m/09txzv	/base/popstra/location/vacationers./base/popstra/vacation_choice/vacationer	/m/01pcq3
/m/0162c8	/film/actor/film./film/performance/special_performance_type	/m/03xmy1
/m/05qx1	/music/group_member/membership./music/group_membership/role	/m/02q52q
/m/01pl14	/base/schemastaging/organization_extra/phone_number./base/schemastaging/phone_sandbox/service_location	/m/049dk
/m/0g5879y	/people/person/profession	/m/01p45_v
/m/06cx9	/government/politician/government_positions_held./government/government_position_held/basic_title	/m/0hkxq
/m/05wp1p	/olympics/olympic_games/sports	/m/05z7c
/m/03s5lz	/film/actor/film./film/performance/film	/m/09ftwr
/m/016sp_	/government/legislative_session/members./government/government_position_held/legislative_sessions	/m/02d_zc
/m/0512p	/user/tsegaran/random/taxonomy_subject/entry./user/tsegaran/random/taxonomy_entry/taxonomy	/m/03_r3
/m/053y0s	/influence/influence_node/peers./influence/peer_relationship/peers	/m/01htzx
/m/011_vz	/people/person/religion	/m/0l9rg
/m/01ngz1	/award/award_ceremony/awards_presented./award/award_honor/award_winner	/m/05cgv
/m/018wdw	/award/award_category/category_of	/m/015grj
/m/0gzy02	/government/government_office_category/officeholders./government/government_position_held/jurisdiction_of_office	/m/03hp2y1
/m/080h2	/sports/sports_league_draft/picks./sports/sports_league_draft_pick/school	/m/029j_
/m/01c58j	/film/actor/film./film/performance/film	/m/0jqd3
/m/0dclg	/sports/professional_sports_team/draft_picks./sports/sports_league_draft_pick/school	/m/0h7x
/m/02g839	/user/ktrueman/default_domain/international_organization/member_states	/m/0yjf0
/m/026p4q7	/award/award_nominee/award_nominations./award/award_nomination/award	/m/0gkz15s
/m/0fbvqf	/government/government_office_category/officeholders./government/government_position_held/jurisdiction_of_office	/m/053rxgm
/m/0gkkf	/celebrities/celebrity/sexual_relationships./celebrities/romantic_relationship/celebrity	/m/02lg9w
/m/092c5f	/film/film/estimated_budget./measurement_unit/dated_money_value/currency	/m/04wvhz
/m/0mx6c	/olympics/olympic_participating_country/medals_won./olympics/olympic_medal_honor/medal	/m/0f25w9
/m/01963w	/base/schemastaging/organization_extra/phone_number./base/schemastaging/phone_sandbox/contact_category	/m/05cj4r
/m/04ykg	/location/us_county/county_seat	/m/0lfgr
/m/02_fj	/award/ranked_item/appears_in_ranked_lists./award/ranking/list	/m/08rr3p
/m/0dgrmp	/people/person/places_lived./people/place_lived/location	/m/09p0ct
/m/02lfl4	/location/location/contains	/m/01sbf2
/m/021p26	/music/performance_role/regular_performances./music/group_membership/role	/m/0g3zpp
/m/018wrk	/media_common/netflix_genre/titles	/m/01_x6v
/m/07gyv	/music/artist/contribution./music/recording_contribution/performance_role	/m/016sp_
/m/09p35z	/award/award_category/category_of	/m/0djb3vw
/m/01sxq9	/education/university/local_tuition./measurement_unit/dated_money_value/currency	/m/03cvwkr
/m/05xb7q	/government/legislative_session/members./government/government_position_held/district_represented	/m/0161sp
/m/04f62k	/media_common/netflix_genre/titles	/m/0dq3c
/m/094jv	/music/genre/artists	/m/07y2s
/m/09cm54	/olympics/olympic_participating_country/medals_won./olympics/olympic_medal_honor/medal	/m/03bxbql
/m/0121c1	/education/university/local_tuition./measurement_unit/dated_money_value/currency	/m/05j82v
/m/014_lq	/people/person/place_of_birth	/m/01l8t8
/m/05d8vw	/olympics/olympic_sport/athletes./olympics/olympic_athlete_affiliation/olympics	/m/02v4vl
/m/02_2v2	/sports/sports_team/roster./american_football/football_roster_position/position	/m/026mg3
/m/0bymv	/education/educational_degree/people_with_this_degree./education/education/institution	/m/02rqwhl
/m/04zyhx	/people/person/nationality	/m/07jrjb
/m/0464pz	/people/profession/specialization_of	/m/03cs_z7
/m/03l7rh	/people/person/nationality	/m/05vc35
/m/02nb2s	/award/award_winning_work/awards_won./award/award_honor/award_winner	/m/01hhvg
/m/04v8x9	/film/film/produced_by	/m/05r4w
/m/0bjqh	/film/film/release_date_s./film/film_regional_release_date/film_regional_debut_venue	/m/0164qt
/m/025m8y	/film/film/music	/m/015q1n
/m/025cbm	/tv/tv_program/genre	/m/01hmnh
/m/0735l	/award/award_winning_work/awards_won./award/award_honor/award	/m/01qzyz
/m/0mj1l	/people/ethnicity/languages_spoken	/m/020ngt
/m/017d93	/sports/sports_team/colors	/m/049bmk
/m/09qwmm	/award/award_winning_work/awards_won./award/award_honor/award	/m/06s6l
/m/01cjhz	/film/film/other_crew./film/film_crew_gig/film_crew_role	/m/09v8db5
/m/0395lw	/people/person/gender	/m/02pqcfz
/m/0c_n9	/film/film/prequel	/m/07vk2
/m/01vsnff	/people/person/employment_history./business/employment_tenure/company	/m/06x58
/m/0ddfwj1	/base/popstra/celebrity/dated./base/popstra/dated/participant	/m/03s9b
/m/03mr85	/location/statistical_region/gdp_nominal./measurement_unit/dated_money_value/currency	/m/0n5j_
/m/0fpkhkz	/military/military_conflict/combatants./military/military_combatant_group/combatants	/m/01v9l67
/m/0km5c	/base/schemastaging/organization_extra/phone_number./base/schemastaging/phone_sandbox/service_language	/m/0d2psv
/m/05_k56	/location/location/contains	/m/0b66qd
/m/0hcr	/military/military_combatant/military_conflicts./military/military_combatant_group/combatants	/m/032nwy
/m/043n0v_	/tv/tv_program/regular_cast./tv/regular_tv_appearance/actor	/m/0ds33
/m/06cgy	/olympics/olympic_sport/athletes./olympics/olympic_athlete_affiliation/olympics	/m/04n3l
/m/016z5x	/music/performance_role/track_performances./music/track_contribution/role	/m/0163v
/m/06myp	/location/location/partially_contains	/m/0prfz
/m/01hydr	/people/person/place_of_birth	/m/0l56b
/m/0325pb	/olympics/olympic_participating_country/medals_won./olympics/olympic_medal_honor/olympics	/m/01vyp_
/m/02rdyk7	/award/award_category/winners./award/award_honor/award_winner	/m/01lcxbb
/m/03g3w	/location/statistical_region/religions./location/religion_percentage/religion	/m/021_rm
/m/01sn04	/sports/sports_position/players./sports/sports_team_roster/team	/m/0swbd
/m/04969y	/film/actor/film./film/performance/film	/m/01y0s9
/m/04mqgr	/education/educational_institution/school_type	/m/05zm34
/m/01d38g	/music/group_member/membership./music/group_membership/role	/m/01f7j9
/m/031778	/base/popstra/celebrity/canoodled./base/popstra/canoodled/participant	/m/09v71cj
/m/0m491	/film/film/music	/m/02vklm3
/m/04rqd	/medicine/symptom/symptom_of	/m/0p4wb
/m/0clfdj	/music/genre/artists	/m/09_bl
/m/02gys2	/people/cause_of_death/people	/m/0277jc
/m/01fwj8	/education/educational_degree/people_with_this_degree./education/education/major_field_of_study	/m/0kx4m
/m/03lrht	/tv/tv_program/tv_producer./tv/tv_producer_term/producer_type	/m/05hgj
/m/09qj50	/music/record_label/artist	/m/03xpf_7
/m/02h40lc	/tv/tv_program/languages	/m/014j1m
/m/01g257	/music/genre/artists	/m/0c6g1l
/m/08g_jw	/sports/sports_team/roster./basketball/basketball_roster_position/position	/m/01yhm
/m/01gq0b	/film/film/runtime./film/film_cut/film_release_region	/m/01wyzyl
/m/09vw2b7	/education/university/fraternities_and_sororities	/m/0bbf1f
/m/0fd3y	/organization/organization_member/member_of./organization/organization_membership/organization	/m/01vhb0
/m/01qh7	/film/special_film_performance_type/film_performance_type./film/performance/film	/m/0g48m4
/m/054ky1	/film/film/featured_film_locations	/m/05glt
/m/01n4f8	/sports/sports_team/roster./american_football/football_roster_position/position	/m/03lmx1
/m/09mq4m	/sports/professional_sports_team/draft_picks./sports/sports_league_draft_pick/school	/m/03c7tr1
/m/044mm6	/base/petbreeds/city_with_dogs/top_breeds./base/petbreeds/dog_city_relationship/dog_breed	/m/09ntbc
/m/0h1m9	/organization/role/leaders./organization/leadership/organization	/m/07t58
/m/021y7yw	/tv/tv_producer/programs_produced./tv/tv_producer_term/program	/m/0162c8
/m/06wrt	/tv/tv_writer/tv_programs./tv/tv_program_writer_relationship/tv_program	/m/02yv6b
/m/03q5t	/award/hall_of_fame/inductees./award/hall_of_fame_induction/inductee	/m/0fdv3
/m/03xgm3	/film/film/prequel	/m/0g48m4
/m/0pkyh	/base/biblioness/bibs_location/state	/m/0106dv
/m/0343h	/location/country/capital	/m/0284n42
/m/01jtp7	/music/record_label/artist	/m/0191_7
/m/0h1mt	/sports/sports_position/players./sports/sports_team_roster/team	/m/04n65n
/m/04k25	/sports/sport/pro_athletes./sports/pro_sports_played/athlete	/m/01_d4
/m/02g1jh	/organization/organization/headquarters./location/mailing_address/state_province_region	/m/03yf3z
/m/0320jz	/people/ethnicity/geographic_distribution	/m/01gbbz
/m/043djx	/music/genre/parent_genre	/m/030_1m
/m/0167_s	/base/x2010fifaworldcupsouthafrica/world_cup_squad/current_world_cup_squad./base/x2010fifaworldcupsouthafrica/current_world_cup_squad/current_club	/m/0gvrws1
/m/06lj1m	/base/schemastaging/person_extra/net_worth./measurement_unit/dated_money_value/currency	/m/050f0s
/m/05d6kv	/celebrities/celebrity/celebrity_friends./celebrities/friendship/friend	/m/0283d
/m/0c7lcx	/people/person/sibling_s./people/sibling_relationship/sibling	/m/0418wg
/m/0gghm	/base/petbreeds/city_with_dogs/top_breeds./base/petbreeds/dog_city_relationship/dog_breed	/m/0151ns
/m/0gxfz	/soccer/football_team/current_roster./soccer/football_roster_position/position	/m/02bfmn
/m/02vxn	/sports/sports_team/roster./baseball/baseball_roster_position/position	/m/01gtbb
/m/07t65	/film/film/personal_appearances./film/personal_film_appearance/person	/m/01wj92r
/m/01l9p	/business/job_title/people_with_this_title./business/employment_tenure/company	/m/0jjw
/m/0f4m2z	/award/award_nominated_work/award_nominations./award/award_nomination/nominated_for	/m/0p_th
/m/0154j	/film/film/cinematography	/m/030h95
/m/0n6f8	/film/film/story_by	/m/0l6mp
/m/097h2	/olympics/olympic_sport/athletes./olympics/olympic_athlete_affiliation/country	/m/01qhm_
/m/05zrvfd	/government/government_office_category/officeholders./government/government_position_held/jurisdiction_of_office	/m/0dwvl
/m/06wbm8q	/education/educational_institution/colors	/m/041rx
/m/0p8jf	/base/marchmadness/ncaa_basketball_tournament/seeds./base/marchmadness/ncaa_tournament_seed/team	/m/01t6b4
/m/04jplwp	/soccer/football_player/current_team./sports/sports_team_roster/team	/m/01fc7p
/m/01zmpg	/education/educational_institution/school_type	/m/04r7jc
/m/01n5sn	/media_common/netflix_genre/titles	/m/0n1h
/m/073hmq	/people/person/places_lived./people/place_lived/location	/m/01pr_j6
/m/024pcx	/film/film_set_designer/film_sets_designed	/m/01pr_j6
/m/09rp4r_	/award/ranked_item/appears_in_ranked_lists./award/ranking/list	/m/02xfj0
/m/05g8pg	/film/film/costume_design_by	/m/03h_fk5
/m/01mgw	/base/americancomedy/celebrity_impressionist/celebrities_impersonated	/m/03hrz
/m/05k7sb	/music/instrument/instrumentalists	/m/06mzp
/m/017v_	/organization/organization_member/member_of./organization/organization_membership/organization	/m/051kv
/m/0661m4p	/film/film/distributors./film/film_film_distributor_relationship/region	/m/0fphf3v
/m/03ckwzc	/influence/influence_node/peers./influence/peer_relationship/peers	/m/099c8n
/m/02wcx8c	/organization/role/leaders./organization/leadership/organization	/m/0j3b
/m/0gztl	/user/ktrueman/default_domain/international_organization/member_states	/m/0ymc8
/m/017zq0	/music/instrument/instrumentalists	/m/02_j1w
/m/01l849	/film/director/film	/m/02c638
/m/06cv1	/people/person/place_of_birth	/m/01x73
/m/01b1mj	/film/film/film_format	/m/09x3r
/m/02hn5v	/olympics/olympic_participating_country/medals_won./olympics/olympic_medal_honor/medal	/m/0309jm
/m/04rqd	/film/film/music	/m/07j8r
/m/0pzpz	/olympics/olympic_games/participating_countries	/m/05fgt1
/m/043djx	/music/artist/contribution./music/recording_contribution/performance_role	/m/017fp
/m/02773m2	/sports/sports_team/roster./american_football/football_historical_roster_position/position_s	/m/0j871
/m/026b33f	/user/ktrueman/default_domain/international_organization/member_states	/m/05q96q6
/m/0d_q40	/music/record_label/artist	/m/01_9c1
/m/03xpsrx	/medicine/disease/notable_people_with_this_condition	/m/062zjtt
/m/0mgkg	/film/film/personal_appearances./film/personal_film_appearance/person	/m/0g9wdmc
/m/04nw9	/film/director/film	/m/011yd2
/m/01clyr	/award/award_nominated_work/award_nominations./award/award_nomination/nominated_for	/m/065zr
/m/0_b3d	/government/legislative_session/members./government/government_position_held/legislative_sessions	/m/0f25w9
/m/03fvqg	/medicine/symptom/symptom_of	/m/061681
/m/0mhfr	/award/award_category/nominees./award/award_nomination/nominated_for	/m/013y1f
/m/07f5x	/award/ranked_item/appears_in_ranked_lists./award/ranking/list	/m/0b68vs
/m/0hmm7	/education/educational_institution/colors	/m/03gr7w
/m/04f_d	/education/educational_institution/students_graduates./education/education/student	/m/016sp_
/m/04rwx	/location/location/adjoin_s./location/adjoining_relationship/adjoins	/m/0gslw
/m/0ft5vs	/military/military_combatant/military_conflicts./military/military_combatant_group/combatants	/m/0197tq
/m/03qjg	/film/film/distributors./film/film_film_distributor_relationship/region	/m/021bk
/m/04h4c9	/organization/organization/place_founded	/m/01l1b90
/m/02knnd	/business/business_operation/revenue./measurement_unit/dated_money_value/currency	/m/0dwvl
/m/0f__1	/base/aareas/schema/administrative_area/administrative_parent	/m/027rwmr
/m/025n3p	/tv/tv_producer/programs_produced./tv/tv_producer_term/producer_type	/m/02wrhj
/m/01_vfy	/film/film_set_designer/film_sets_designed	/m/0kfv9
/m/0lfgr	/location/hud_county_place/place	/m/026t6
/m/0htlr	/music/artist/track_contributions./music/track_contribution/role	/m/01ztgm
/m/0fphgb	/american_football/football_team/current_roster./sports/sports_team_roster/position	/m/02qkk9_
/m/05krk	/people/person/place_of_birth	/m/0c422z4
/m/0f6lx	/film/film/language	/m/0lrh
/m/0glt670	/sports/professional_sports_team/draft_picks./sports/sports_league_draft_pick/draft	/m/09d5h
/m/0g9wdmc	/award/award_category/disciplines_or_subjects	/m/07wbk
/m/0d90m	/user/tsegaran/random/taxonomy_subject/entry./user/tsegaran/random/taxonomy_entry/taxonomy	/m/0cqhk0
/m/06151l	/film/film/story_by	/m/01b7b
/m/020qr4	/influence/influence_node/influenced_by	/m/02qjj7
/m/0lgw7	/base/popstra/celebrity/dated./base/popstra/dated/participant	/m/05f2jk
/m/0hzlz	/music/artist/track_contributions./music/track_contribution/role	/m/02k856
/m/02lnhv	/sports/professional_sports_team/draft_picks./sports/sports_league_draft_pick/draft	/m/02m7r
/m/01q_ph	/sports/professional_sports_team/draft_picks./sports/sports_league_draft_pick/school	/m/0cz8mkh
/m/0f7h2v	/award/hall_of_fame/inductees./award/hall_of_fame_induction/inductee	/m/03n_7k
/m/02lf1j	/broadcast/content/artist	/m/03x42
/m/02sp_v	/sports/sports_position/players./sports/sports_team_roster/team	/m/080dwhx
/m/020xn5	/broadcast/content/artist	/m/01hww_
/m/018j2	/education/field_of_study/students_majoring./education/education/major_field_of_study	/m/016ckq
/m/04sx9_	/base/popstra/location/vacationers./base/popstra/vacation_choice/vacationer	/m/05_k56
/m/05fgt1	/people/person/sibling_s./people/sibling_relationship/sibling	/m/076lxv
/m/018gz8	/location/country/second_level_divisions	/m/0bm2g
/m/01v3s2_	/film/film/release_date_s./film/film_regional_release_date/film_release_distribution_medium	/m/0m31m
/m/084qpk	/location/hud_foreclosure_area/estimated_number_of_mortgages./measurement_unit/dated_integer/source	/m/026dcvf
/m/03rtmz	/user/tsegaran/random/taxonomy_subject/entry./user/tsegaran/random/taxonomy_entry/taxonomy	/m/02rxj
/m/0n2g	/location/administrative_division/country	/m/0418wg
/m/013b2h	/influence/influence_node/influenced_by	/m/04w_7
/m/0bmssv	/education/educational_institution_campus/educational_institution	/m/0jtg0
/m/01cv3n	/education/educational_degree/people_with_this_degree./education/education/student	/m/06t2t
/m/01nqfh_	/award/award_nominee/award_nominations./award/award_nomination/award_nominee	/m/01hw6wq
/m/01kckd	/education/educational_institution/students_graduates./education/education/major_field_of_study	/m/05vz3zq
/m/0b7xl8	/location/country/second_level_divisions	/m/0408np
/m/05ml_s	/organization/endowed_organization/endowment./measurement_unit/dated_money_value/currency	/m/018lg0
/m/0dwl2	/people/person/religion	/m/02y_lrp
/m/05lf_	/location/location/time_zones	/m/0qf43
/m/02pp_q_	/film/actor/film./film/performance/special_performance_type	/m/0lgw7
/m/07024	/film/actor/film./film/performance/special_performance_type	/m/02_j1w
/m/0436yk	/music/record_label/artist	/m/07z542
/m/038g2x	/film/actor/film./film/performance/special_performance_type	/m/02py4c8
/m/0h7h6	/sports/sports_position/players./american_football/football_historical_roster_position/position_s	/m/0gs96
/m/02pyyld	/film/film/written_by	/m/0fxgg9
/m/016gr2	/olympics/olympic_sport/athletes./olympics/olympic_athlete_affiliation/country	/m/024rbz
/m/02jm0n	/award/award_nominated_work/award_nominations./award/award_nomination/nominated_for	/m/02ndj5
/m/01vn35l	/base/biblioness/bibs_location/state	/m/06x58
/m/02_xgp2	/organization/role/leaders./organization/leadership/organization	/m/0mtdx
/m/0hpt3	/organization/role/leaders./organization/leadership/organization	/m/01mr2g6
/m/01tszq	/tv/tv_program/genre	/m/0k049
/m/02c6d	/sports/sports_team/roster./american_football/football_historical_roster_position/position_s	/m/02rjv2w
/m/0gvstc3	/film/film/distributors./film/film_film_distributor_relationship/region	/m/019nnl
/m/01ls2	/base/popstra/celebrity/dated./base/popstra/dated/participant	/m/06cqb
/m/0pdp8	/people/person/spouse_s./people/marriage/spouse	/m/01y_px
/m/05dbf	/government/politician/government_positions_held./government/government_position_held/basic_title	/m/06rq1k
/m/07xzm	/film/film/distributors./film/film_film_distributor_relationship/region	/m/0407yfx
/m/083chw	/location/location/time_zones	/m/01v0sx2
/m/0qcr0	/olympics/olympic_participating_country/medals_won./olympics/olympic_medal_honor/medal	/m/02f2dn
/m/0170vn	/location/hud_county_place/place	/m/01n4f8
/m/0hn10	/people/person/gender	/m/071pf2
/m/01mtqf	/film/film/other_crew./film/film_crew_gig/crewmember	/m/05zkcn5
/m/0l14qv	/tv/tv_network/programs./tv/tv_network_duration/program	/m/02hn5v
/m/02l7c8	/music/performance_role/track_performances./music/track_contribution/role	/m/07kc_
/m/0crx5w	/sports/sports_league/teams./sports/sports_league_participation/team	/m/0661ql3
/m/0c8wxp	/user/alexander/philosophy/philosopher/interests	/m/01wgxtl
/m/05lls	/film/film_set_designer/film_sets_designed	/m/012cj0
/m/03_gd	/government/politician/government_positions_held./government/government_position_held/basic_title	/m/05k2s_
/m/07zlqp	/organization/organization/headquarters./location/mailing_address/country	/m/029zqn
/m/09y20	/media_common/netflix_genre/titles	/m/019f4v
/m/06j0md	/tv/tv_producer/programs_produced./tv/tv_producer_term/producer_type	/m/0cb77r
/m/0b60sq	/people/person/places_lived./people/place_lived/location	/m/05l2z4
/m/04tz52	/people/person/gender	/m/0mwk9
/m/0169dl	/business/job_title/people_with_this_title./business/employment_tenure/company	/m/06dv3
/m/0k4gf	/military/military_conflict/combatants./military/military_combatant_group/combatants	/m/058ncz
/m/0dwtp	/award/award_category/nominees./award/award_nomination/nominated_for	/m/015t56
/m/09q_6t	/award/award_nominated_work/award_nominations./award/award_nomination/nominated_for	/m/01d650
/m/05hqv	/medicine/symptom/symptom_of	/m/02_5x9
/m/03z5xd	/sports/sports_team_location/teams	/m/01n4w
/m/01qdjm	/people/person/profession	/m/04wtx1
/m/090gpr	/tv/tv_producer/programs_produced./tv/tv_producer_term/producer_type	/m/014q2g
/m/01b39j	/music/instrument/instrumentalists	/m/0738b8
/m/01xwqn	/film/film/genre	/m/096f8
/m/02r8hh_	/music/record_label/artist	/m/01br2w
/m/0c0yh4	/business/job_title/people_with_this_title./business/employment_tenure/company	/m/069q4f
/m/01mhwk	/people/person/gender	/m/011_vz
/m/015nl4	/sports/professional_sports_team/draft_picks./sports/sports_league_draft_pick/school	/m/0418wg
/m/05y7hc	/award/ranked_item/appears_in_ranked_lists./award/ranking/list	/m/050rj
/m/01m13b	/organization/non_profit_organization/registered_with./organization/non_profit_registration/registering_agency	/m/0kszw
/m/03mnn0	/base/popstra/celebrity/breakup./base/popstra/breakup/participant	/m/0fsm8c
/m/0np9r	/people/ethnicity/people	/m/0bczgm
/m/07xzm	/user/jg/default_domain/olympic_games/sports	/m/081pw
/m/09q_6t	/people/person/profession	/m/0z1cr
/m/0jym0	/film/film/prequel	/m/09qj50
/m/0h0wc	/sports/sport/pro_athletes./sports/pro_sports_played/athlete	/m/060j8b
/m/04ghz4m	/olympics/olympic_sport/athletes./olympics/olympic_athlete_affiliation/country	/m/0h1_w
/m/0_b3d	/olympics/olympic_sport/athletes./olympics/olympic_athlete_affiliation/country	/m/0gvbw
/m/0ds11z	/location/hud_foreclosure_area/estimated_number_of_mortgages./measurement_unit/dated_integer/source	/m/0436f4
/m/057d89	/music/artist/contribution./music/recording_contribution/performance_role	/m/0345h
/m/018wrk	/music/instrument/instrumentalists	/m/02g1jh
/m/026q3s3	/education/educational_degree/people_with_this_degree./education/education/institution	/m/021bmf
/m/018grr	/film/film/release_date_s./film/film_regional_release_date/film_release_region	/m/0167_s
/m/0f6_dy	/location/country/capital	/m/02t__l
/m/035yn8	/influence/influence_node/peers./influence/peer_relationship/peers	/m/0162c8
/m/03gk2	/olympics/olympic_games/sports	/m/07f1x
/m/0l14j_	/base/aareas/schema/administrative_area/capital	/m/042rnl
/m/04b4yg	/location/country/capital	/m/09gkx35
/m/01nv4h	/people/ethnicity/geographic_distribution	/m/03qd_
/m/0d68qy	/film/film/genre	/m/02j4sk
/m/05x_5	/education/educational_institution/school_type	/m/018swb
/m/070fnm	/sports/pro_athlete/teams./sports/sports_team_roster/team	/m/01qhm_
/m/09m6kg	/base/biblioness/bibs_location/country	/m/0chgzm
/m/013cz2	/education/field_of_study/students_majoring./education/education/major_field_of_study	/m/0dcfv
/m/01bns_	/award/award_winning_work/awards_won./award/award_honor/honored_for	/m/0k4d7
/m/0hg5	/user/alexander/philosophy/philosopher/interests	/m/02x73k6
/m/0jbk9	/award/award_category/disciplines_or_subjects	/m/07lt7b
/m/02hsq3m	/music/performance_role/track_performances./music/track_contribution/role	/m/04nfpk
/m/0gl02yg	/location/hud_county_place/county	/m/083qy7
/m/0gx9rvq	/people/cause_of_death/people	/m/03ww_x
/m/0cb77r	/education/university/local_tuition./measurement_unit/dated_money_value/currency	/m/01l3vx
/m/02rytm	/sports/sports_team/roster./american_football/football_roster_position/position	/m/02rb84n
/m/046b0s	/base/petbreeds/city_with_dogs/top_breeds./base/petbreeds/dog_city_relationship/dog_breed	/m/0dxtg
/m/03_d0	/award/award_nominated_work/award_nominations./award/award_nomination/nominated_for	/m/0ch3qr1
/m/01fh9	/olympics/olympic_participating_country/medals_won./olympics/olympic_medal_honor/olympics	/m/04306rv
/m/02f2dn	/base/biblioness/bibs_location/country	/m/02md2d
/m/0mn0v	/people/person/spouse_s./people/marriage/spouse	/m/0408np
/m/04hwbq	/sports/pro_athlete/teams./sports/sports_team_roster/team	/m/01yhm
/m/05g76	/user/tsegaran/random/taxonomy_subject/entry./user/tsegaran/random/taxonomy_entry/taxonomy	/m/05qhw
/m/04m8fy	/education/field_of_study/students_majoring./education/education/major_field_of_study	/m/02lpp7
/m/053rxgm	/organization/organization/headquarters./location/mailing_address/state_province_region	/m/06sks6
/m/07f5x	/people/person/spouse_s./people/marriage/spouse	/m/032xhg
/m/0l8sx	/education/field_of_study/students_majoring./education/education/major_field_of_study	/m/023vrq
/m/01t94_1	/business/job_title/people_with_this_title./business/employment_tenure/company	/m/092vkg
/m/02qyxs5	/film/film/executive_produced_by	/m/026n998
/m/03cx282	/award/award_winning_work/awards_won./award/award_honor/honored_for	/m/026gyn_
/m/010dft	/olympics/olympic_participating_country/medals_won./olympics/olympic_medal_honor/olympics	/m/02r0csl
/m/0453t	/business/job_title/people_with_this_title./business/employment_tenure/company	/m/05pdbs
/m/0dq6p	/education/field_of_study/students_majoring./education/education/student	/m/05tbn
/m/01n4w	/olympics/olympic_participating_country/medals_won./olympics/olympic_medal_honor/medal	/m/07tg4
/m/0gx_st	/base/saturdaynightlive/snl_cast_member/seasons./base/saturdaynightlive/snl_season_tenure/cast_members	/m/03ckwzc
/m/0dgrmp	/military/military_conflict/combatants./military/military_combatant_group/combatants	/m/0p4v_
/m/06xj93	/celebrities/celebrity/sexual_relationships./celebrities/romantic_relationship/celebrity	/m/034qmv
/m/01rrwf6	/education/field_of_study/students_majoring./education/education/major_field_of_study	/m/0hv27
/m/09nyf	/soccer/football_team/current_roster./soccer/football_roster_position/position	/m/072bb1
/m/01ty7ll	/location/hud_county_place/place	/m/01mw1
/m/040fv	/people/cause_of_death/people	/m/01tmtg
/m/0fv6dr	/olympics/olympic_games/sports	/m/04lc0h
/m/0f25w9	/user/alexander/philosophy/philosopher/interests	/m/03_3d
/m/0ml25	/base/biblioness/bibs_location/country	/m/0b1xl
/m/01_4z	/organization/non_profit_organization/registered_with./organization/non_profit_registration/registering_agency	/m/0c4z8
/m/021p26	/location/location/time_zones	/m/06ztvyx
/m/0338lq	/medicine/symptom/symptom_of	/m/0j43swk
/m/01f7d	/location/capital_of_administrative_division/capital_of./location/administrative_division_capital_relationship/administrative_division	/m/069ld1
/m/0356lc	/film/film/personal_appearances./film/personal_film_appearance/person	/m/0j3b
/m/014_lq	/film/film/production_companies	/m/0h1wg
/m/0cb77r	/people/person/religion	/m/03hfx6c
/m/02stbw	/sports/sports_position/players./sports/sports_team_roster/team	/m/03qnvdl
/m/01c40n	/film/film/written_by	/m/0p76z
/m/0kv2hv	/film/film/personal_appearances./film/personal_film_appearance/person	/m/01x5fb
/m/02778pf	/olympics/olympic_participating_country/athletes./olympics/olympic_athlete_affiliation/olympics	/m/03x746
/m/05f4p	/organization/role/leaders./organization/leadership/organization	/m/070mff
/m/0b1y_2	/film/film/country	/m/02s7tr
/m/01wdqrx	/location/statistical_region/religions./location/religion_percentage/religion	/m/0l9k1
/m/06t61y	/business/job_title/people_with_this_title./business/employment_tenure/company	/m/01q7cb_
/m/09bkv	/common/topic/webpage./common/webpage/category	/m/014lc_
/m/06xj93	/soccer/football_team/current_roster./sports/sports_team_roster/position	/m/02ghq
/m/0fpjyd	/award/ranked_item/appears_in_ranked_lists./award/ranking/list	/m/026xxv_
/m/02m501	/tv/tv_producer/programs_produced./tv/tv_producer_term/program	/m/011_vz
/m/01v90t	/education/field_of_study/students_majoring./education/education/major_field_of_study	/m/016jhr
/m/0cvw9	/base/saturdaynightlive/snl_cast_member/seasons./base/saturdaynightlive/snl_season_tenure/cast_members	/m/011zf2
/m/02k_4g	/education/university/local_tuition./measurement_unit/dated_money_value/currency	/m/07f5x
/m/01q7cb_	/film/film/other_crew./film/film_crew_gig/film_crew_role	/m/0mp3l
/m/01v9l67	/music/performance_role/track_performances./music/track_contribution/role	/m/09pgj2
/m/02rchht	/film/film/prequel	/m/079kr
/m/01cbwl	/people/person/place_of_birth	/m/01s0_f
/m/0407yfx	/people/person/profession	/m/05tbn
/m/02bn_p	/film/film/film_production_design_by	/m/0blq0z
/m/03975z	/film/film_distributor/films_distributed./film/film_film_distributor_relationship/film	/m/0yyg4
/m/04fzfj	/location/administrative_division/country	/m/0jxy
/m/02jjdr	/film/film/distributors./film/film_film_distributor_relationship/film_distribution_medium	/m/080dwhx
/m/07w4j	/government/legislative_session/members./government/government_position_held/legislative_sessions	/m/01rk91
/m/02301	/user/ktrueman/default_domain/international_organization/member_states	/m/0gkg6
/m/01j5ts	/location/us_county/county_seat	/m/013kcv
/m/01jrp0	/base/popstra/celebrity/friendship./base/popstra/friendship/participant	/m/02rdyk7
/m/02ddqh	/celebrities/celebrity/sexual_relationships./celebrities/romantic_relationship/celebrity	/m/0gydcp7
/m/01w58n3	/music/performance_role/regular_performances./music/group_membership/role	/m/02g3ft
/m/013719	/film/film/distributors./film/film_film_distributor_relationship/region	/m/088cp
/m/04lc0h	/award/award_winning_work/awards_won./award/award_honor/award	/m/07lx1s
/m/02rv_dz	/education/university/domestic_tuition./measurement_unit/dated_money_value/currency	/m/01kj0p
/m/024rbz	/broadcast/content/artist	/m/0pv2t
/m/0418wg	/location/location/adjoin_s./location/adjoining_relationship/adjoins	/m/01s695
/m/014dq7	/user/ktrueman/default_domain/international_organization/member_states	/m/02jt1k
/m/0h1p	/education/field_of_study/students_majoring./education/education/major_field_of_study	/m/06wcbk7
/m/07fb8_	/people/person/religion	/m/0_ytw
/m/0ddt_	/film/film/written_by	/m/018lg0
/m/05cj4r	/location/statistical_region/gdp_nominal_per_capita./measurement_unit/dated_money_value/currency	/m/02l5rm
/m/02hwyss	/music/instrument/instrumentalists	/m/0jqp3
/m/04x4s2	/american_football/football_team/current_roster./sports/sports_team_roster/position	/m/09fqtq
/m/03177r	/film/film/release_date_s./film/film_regional_release_date/film_regional_debut_venue	/m/0379s
/m/088tb	/organization/organization/place_founded	/m/09fqtq
/m/01zzk4	/organization/organization/headquarters./location/mailing_address/country	/m/03h_9lg
/m/09pl3s	/music/performance_role/regular_performances./music/group_membership/role	/m/04k4l
/m/02_fj	/sports/sports_league/teams./sports/sports_league_participation/team	/m/0jm3v
/m/0c00zd0	/film/film/country	/m/01ck6h
/m/019nnl	/influence/influence_node/peers./influence/peer_relationship/peers	/m/0kx4m
/m/01pgzn_	/base/x2010fifaworldcupsouthafrica/world_cup_squad/current_world_cup_squad./base/x2010fifaworldcupsouthafrica/current_world_cup_squad/current_club	/m/01_vfy
/m/03qcq	/business/business_operation/revenue./measurement_unit/dated_money_value/currency	/m/02_fj
/m/092vkg	/location/statistical_region/religions./location/religion_percentage/religion	/m/044ntk
/m/0cv3w	/sports/sports_team_location/teams	/m/02dsz
/m/0b_j2	/award/award_ceremony/awards_presented./award/award_honor/honored_for	/m/029j_
/m/07srw	/film/special_film_performance_type/film_performance_type./film/performance/film	/m/03lty
/m/01j_9c	/food/food/nutrients./food/nutrition_fact/nutrient	/m/0dm5l
/m/02q_cc	/education/educational_institution/campuses	/m/0124k9
/m/0drsm	/location/hud_foreclosure_area/estimated_number_of_mortgages./measurement_unit/dated_integer/source	/m/078bz
/m/02pxmgz	/award/award_ceremony/awards_presented./award/award_honor/award_winner	/m/0gr4k
/m/01k5y0	/music/genre/parent_genre	/m/033smt
/m/03cvwkr	/people/profession/specialization_of	/m/013m43
/m/02q56mk	/sports/sports_team/roster./basketball/basketball_roster_position/position	/m/04ych
/m/0j1z8	/american_football/football_team/current_roster./sports/sports_team_roster/position	/m/03t0k1
/m/032_jg	/film/film/film_art_direction_by	/m/013q07
/m/03xx9l	/sports/sports_team/sport	/m/02rn00y
/m/0292l3	/music/artist/contribution./music/recording_contribution/performance_role	/m/043js
/m/01frpd	/film/actor/film./film/performance/film	/m/07yk1xz
/m/038rzr	/people/profession/specialization_of	/m/01445t
/m/0509bl	/film/film/produced_by	/m/08720
/m/018vs	/olympics/olympic_games/medals_awarded./olympics/olympic_medal_honor/medal	/m/01pgzn_
/m/02zv4b	/government/politician/government_positions_held./government/government_position_held/legislative_sessions	/m/02hgm4
/m/02b1mc	/film/film/distributors./film/film_film_distributor_relationship/region	/m/01w3v
/m/02r34n	/award/award_category/winners./award/award_honor/ceremony	/m/01gbcf
/m/01dzz7	/organization/organization_founder/organizations_founded	/m/02bp37
/m/07w5rq	/business/business_operation/industry	/m/0cc846d
/m/0hn10	/music/instrument/instrumentalists	/m/015fs3
/m/017d93	/organization/role/leaders./organization/leadership/organization	/m/02q52q
/m/09qvms	/government/legislative_session/members./government/government_position_held/district_represented	/m/07s9rl0
/m/07b_l	/education/university/local_tuition./measurement_unit/dated_money_value/currency	/m/0lk8j
/m/0l998	/user/ktrueman/default_domain/international_organization/member_states	/m/0hv27
/m/05m63c	/government/politician/government_positions_held./government/government_position_held/legislative_sessions	/m/0blg2
/m/06v9_x	/film/film/runtime./film/film_cut/film_release_region	/m/01k7xz
/m/0k2cb	/music/instrument/instrumentalists	/m/02r34n
/m/013cz2	/people/person/profession	/m/04306rv
/m/02dlfh	/base/popstra/celebrity/breakup./base/popstra/breakup/participant	/m/06mz5
/m/047g8h	/people/person/spouse_s./people/marriage/type_of_union	/m/05h43ls
/m/0bn9sc	/location/administrative_division/country	/m/04ktcgn
/m/0t_2	/organization/endowed_organization/endowment./measurement_unit/dated_money_value/currency	/m/0bcndz
/m/018jk2	/broadcast/content/artist	/m/0ds33
/m/0169dl	/sports/professional_sports_team/draft_picks./sports/sports_league_draft_pick/draft	/m/02k_4g
/m/030h95	/location/location/adjoin_s./location/adjoining_relationship/adjoins	/m/033nzk
/m/07kb5	/base/schemastaging/person_extra/net_worth./measurement_unit/dated_money_value/currency	/m/03x400
/m/058ncz	/people/person/sibling_s./people/sibling_relationship/sibling	/m/05hdf
/m/0358x_	/tv/tv_program/tv_producer./tv/tv_producer_term/producer_type	/m/0265vcb
/m/0gqng	/base/biblioness/bibs_location/country	/m/085bd1
/m/01xvb	/organization/endowed_organization/endowment./measurement_unit/dated_money_value/currency	/m/03gh4
/m/012s5j	/people/person/nationality	/m/02s4l6
/m/02qvl7	/film/film_set_designer/film_sets_designed	/m/01x73
/m/0f721s	/tv/tv_personality/tv_regular_appearances./tv/tv_regular_personal_appearance/program	/m/0jt3qpk
/m/041ly3	/film/actor/film./film/performance/film	/m/01p45_v
/m/0272_vz	/music/genre/artists	/m/030pr
/m/08q1tg	/award/award_nominee/award_nominations./award/award_nomination/award_nominee	/m/0cv3w
/m/01jnf1	/location/us_county/county_seat	/m/0kr5_
/m/01cyd5	/location/hud_county_place/county	/m/01wwvc5
/m/0ds2l81	/music/genre/artists	/m/03s5t
/m/01rnxn	/tv/tv_network/programs./tv/tv_network_duration/program	/m/0dwr4
/m/09rwjly	/olympics/olympic_participating_country/medals_won./olympics/olympic_medal_honor/olympics	/m/02f6g5
/m/080dwhx	/government/political_party/politicians_in_this_party./government/political_party_tenure/politician	/m/01d4cb
/m/0hnlx	/sports/professional_sports_team/draft_picks./sports/sports_league_draft_pick/school	/m/05zbm4
/m/01hp22	/base/popstra/celebrity/friendship./base/popstra/friendship/participant	/m/02hwyss
/m/09lbv	/people/person/spouse_s./people/marriage/type_of_union	/m/02q3n9c
/m/02lxj_	/sports/sports_team/colors	/m/0512p
/m/0ft7sr	/sports/professional_sports_team/draft_picks./sports/sports_league_draft_pick/school	/m/01c72t
/m/04yc76	/location/location/adjoin_s./location/adjoining_relationship/adjoins	/m/02hczc
/m/02h4rq6	/government/politician/government_positions_held./government/government_position_held/basic_title	/m/01k2wn
/m/0sx8l	/film/film/distributors./film/film_film_distributor_relationship/region	/m/01xwqn
/m/09s1f	/education/field_of_study/students_majoring./education/education/student	/m/081pw
/m/0bdw6t	/influence/influence_node/influenced_by	/m/0gs96
/m/02681vq	/music/genre/parent_genre	/m/07r78j
/m/016lmg	/film/film/runtime./film/film_cut/film_release_region	/m/0ds2l81
/m/06w6_	/music/performance_role/track_performances./music/track_contribution/role	/m/04r7jc
/m/0ch3qr1	/sports/sports_position/players./sports/sports_team_roster/team	/m/01v9l67
/m/0m313	/music/performance_role/track_performances./music/track_contribution/role	/m/020fcn
/m/04tz52	/tv/tv_network/programs./tv/tv_network_duration/program	/m/050023
/m/081mh	/government/political_party/politicians_in_this_party./government/political_party_tenure/politician	/m/05th8t
/m/01g5v	/people/ethnicity/languages_spoken	/m/0ckd1
/m/02lfl4	/organization/endowed_organization/endowment./measurement_unit/dated_money_value/currency	/m/04ljl_l
/m/0fsm8c	/people/person/profession	/m/01k2yr
/m/01vxlbm	/tv/tv_producer/programs_produced./tv/tv_producer_term/program	/m/01d30f
/m/02k54	/film/film/featured_film_locations	/m/0gt_k
/m/0f4vbz	/base/popstra/celebrity/dated./base/popstra/dated/participant	/m/0r1jr
/m/01frpd	/sports/professional_sports_team/draft_picks./sports/sports_league_draft_pick/school	/m/0ft5vs
/m/03qjg	/education/educational_institution/school_type	/m/09dt7
/m/0lgsq	/location/hud_foreclosure_area/estimated_number_of_mortgages./measurement_unit/dated_integer/source	/m/016ckq
/m/03y1mlp	/influence/influence_node/peers./influence/peer_relationship/peers	/m/06mkj
/m/0d0x8	/award/hall_of_fame/inductees./award/hall_of_fame_induction/inductee	/m/03nm_fh
/m/03sxd2	/sports/sports_team/sport	/m/02s62q
/m/0bpx1k	/language/human_language/countries_spoken_in	/m/06n90
/m/01c333	/location/country/form_of_government	/m/05p1tzf
/m/0184jc	/education/educational_degree/people_with_this_degree./education/education/major_field_of_study	/m/01kf4tt
/m/04f62k	/base/locations/continents/countries_within	/m/0gtsx8c
/m/01vv126	/people/person/nationality	/m/02bp37
/m/062zm5h	/music/performance_role/regular_performances./music/group_membership/group	/m/0c6qh
/m/03q0r1	/people/person/places_lived./people/place_lived/location	/m/035qy
/m/02q1tc5	/film/film/film_art_direction_by	/m/01fh9
/m/02dtg	/sports/sports_position/players./sports/sports_team_roster/team	/m/04jbyg
/m/04bdxl	/government/legislative_session/members./government/government_position_held/district_represented	/m/083chw
/m/0sxkh	/government/political_party/politicians_in_this_party./government/political_party_tenure/politician	/m/03q5t
/m/022_lg	/film/film/produced_by	/m/040njc
/m/067pl7	/base/locations/continents/countries_within	/m/05sxg2
/m/0264v8r	/tv/tv_network/programs./tv/tv_network_duration/program	/m/01b39j
/m/016lmg	/film/film/film_production_design_by	/m/06bnz
/m/03nm_fh	/people/deceased_person/place_of_death	/m/04smkr
/m/0dhdp	/award/award_nominated_work/award_nominations./award/award_nomination/nominated_for	/m/016jhr
/m/02583l	/people/ethnicity/geographic_distribution	/m/04b_46
/m/05pd94v	/education/educational_degree/people_with_this_degree./education/education/student	/m/01qzyz
/m/04f52jw	/people/person/nationality	/m/04lgymt
/m/0gt_0v	/tv/tv_program/country_of_origin	/m/02mxw0
/m/02rb84n	/award/award_winner/awards_won./award/award_honor/award_winner	/m/07cfx
/m/01w60_p	/people/marriage_union_type/unions_of_this_type./people/marriage/location_of_ceremony	/m/02hft3
/m/09dt7	/people/marriage_union_type/unions_of_this_type./people/marriage/location_of_ceremony	/m/081t6
/m/02t_tp	/award/award_category/winners./award/award_honor/award_winner	/m/01s695
/m/01j95f	/location/country/second_level_divisions	/m/097ns
/m/087wc7n	/tv/tv_program/regular_cast./tv/regular_tv_appearance/actor	/m/015cjr
/m/05sb1	/film/film/costume_design_by	/m/01vsxdm
/m/0260bz	/film/film_subject/films	/m/011j5x
/m/0lv1x	/government/politician/government_positions_held./government/government_position_held/legislative_sessions	/m/0356lc
/m/01d650	/music/performance_role/regular_performances./music/group_membership/role	/m/04nl83
/m/05k79	/tv/tv_personality/tv_regular_appearances./tv/tv_regular_personal_appearance/program	/m/01mr2g6
/m/086qd	/people/deceased_person/place_of_death	/m/0jzw
/m/01f7j9	/base/biblioness/bibs_location/state	/m/03n0q5
/m/040wdl	/music/genre/artists	/m/0170vn
/m/01963w	/organization/endowed_organization/endowment./measurement_unit/dated_money_value/currency	/m/016v46
/m/01b7b	/people/ethnicity/people	/m/05f7s1
/m/02vy5j	/base/popstra/celebrity/breakup./base/popstra/breakup/participant	/m/01c59k
/m/0lsxr	/film/film/executive_produced_by	/m/09n48
/m/026n998	/organization/organization_founder/organizations_founded	/m/06wrt
/m/078lk	/business/business_operation/revenue./measurement_unit/dated_money_value/currency	/m/0ckr7s
/m/09pjnd	/people/cause_of_death/people	/m/05k2xy
/m/02pkpfs	/people/profession/specialization_of	/m/020y73
/m/0r5y9	/location/location/contains	/m/03bx2lk
/m/05z7c	/film/film/cinematography	/m/036gdw
/m/0k4d7	/location/hud_county_place/place	/m/029j_
/m/04cy8rb	/sports/sports_position/players./sports/sports_team_roster/team	/m/049yf
/m/02pprs	/location/hud_county_place/place	/m/026b33f
/m/02r_d4	/award/award_category/nominees./award/award_nomination/nominated_for	/m/067jsf
/m/01m13b	/film/film/personal_appearances./film/personal_film_appearance/person	/m/01tp5bj
/m/072x7s	/soccer/football_player/current_team./sports/sports_team_roster/team	/m/05fgt1
/m/02301	/film/film/film_format	/m/012_53
/m/01f8hf	/people/ethnicity/people	/m/01wdj_
/m/02_5x9	/music/genre/parent_genre	/m/02d9k
/m/047sgz4	/film/actor/film./film/performance/film	/m/02z9hqn
/m/0k6nt	/film/film/music	/m/0q5hw
/m/07j8r	/location/country/capital	/m/01xd9
/m/0dq3c	/base/schemastaging/person_extra/net_worth./measurement_unit/dated_money_value/currency	/m/07t58
/m/08cn4_	/location/hud_foreclosure_area/estimated_number_of_mortgages./measurement_unit/dated_integer/source	/m/041mt
/m/07f5x	/base/aareas/schema/administrative_area/capital	/m/03k9fj
/m/01s7zw	/people/person/sibling_s./people/sibling_relationship/sibling	/m/015rhv
/m/045g4l	/film/film/prequel	/m/0dl9_4
/m/01z27	/award/award_nominated_work/award_nominations./award/award_nomination/nominated_for	/m/05th8t
/m/016z7s	/music/genre/parent_genre	/m/0kz2w
/m/03h3x5	/people/person/nationality	/m/0cv3w
/m/02yv_b	/food/food/nutrients./food/nutrition_fact/nutrient	/m/0chsq
/m/0kyk	/people/person/profession	/m/05cvgl
/m/01fpvz	/award/award_nominee/award_nominations./award/award_nomination/award_nominee	/m/06mmb
/m/01271h	/people/person/spouse_s./people/marriage/location_of_ceremony	/m/0fq27fp
/m/078jt5	/location/location/time_zones	/m/07s6fsf
/m/072twv	/people/person/sibling_s./people/sibling_relationship/sibling	/m/01k5t_3
/m/06s0l	/sports/sports_position/players./sports/sports_team_roster/team	/m/058kqy
/m/033cnk	/education/educational_degree/people_with_this_degree./education/education/institution	/m/05d6kv
/m/07jrjb	/location/hud_county_place/county	/m/048lv
/m/09sb52	/medicine/disease/notable_people_with_this_condition	/m/014zcr
/m/020y73	/base/schemastaging/organization_extra/phone_number./base/schemastaging/phone_sandbox/service_language	/m/09s1f
/m/05vsb7	/organization/organization/headquarters./location/mailing_address/citytown	/m/031zkw
/m/0swbd	/award/award_category/nominees./award/award_nomination/nominated_for	/m/01pv91
/m/02xcb6n	/soccer/football_player/current_team./sports/sports_team_roster/team	/m/01l8t8
/m/0fh694	/education/educational_institution/campuses	/m/0kpl
/m/0kfpm	/base/biblioness/bibs_location/country	/m/01vv6xv
/m/0mdqp	/music/artist/origin	/m/03m4mj
/m/05p3738	/broadcast/content/artist	/m/0h63gl9
/m/01l9p	/music/artist/track_contributions./music/track_contribution/role	/m/01kcd
/m/02rbdlq	/film/film/film_format	/m/0kfpm
/m/02bqn1	/film/film/written_by	/m/0kvsb
/m/01f7kl	/organization/non_profit_organization/registered_with./organization/non_profit_registration/registering_agency	/m/06lgq8
/m/03_8r	/organization/organization/headquarters./location/mailing_address/state_province_region	/m/04vr_f
/m/0h1p	/business/business_operation/revenue./measurement_unit/dated_money_value/currency	/m/0mhfr
/m/0c5dd	/base/culturalevent/event/entity_involved	/m/03ydlnj
/m/034x61	/base/popstra/celebrity/breakup./base/popstra/breakup/participant	/m/01m13b
/m/015882	/award/award_nominated_work/award_nominations./award/award_nomination/nominated_for	/m/01mgw
/m/0r2l7	/award/hall_of_fame/inductees./award/hall_of_fame_induction/inductee	/m/019rg5
/m/0k6nt	/influence/influence_node/influenced_by	/m/01ls2
/m/0prfz	/film/film/distributors./film/film_film_distributor_relationship/region	/m/0401sg
/m/0fvf9q	/base/popstra/celebrity/breakup./base/popstra/breakup/participant	/m/040b5k
/m/07xl34	/soccer/football_team/current_roster./soccer/football_roster_position/position	/m/02vxq9m
/m/0gkydb	/sports/sports_team/colors	/m/0d1tm
/m/02r_pp	/people/marriage_union_type/unions_of_this_type./people/marriage/location_of_ceremony	/m/02ndbd
/m/026390q	/education/educational_institution/students_graduates./education/education/major_field_of_study	/m/01jbx1
/m/0fpjyd	/film/film/estimated_budget./measurement_unit/dated_money_value/currency	/m/02773nt
/m/0sxrz	/education/educational_institution/campuses	/m/027l4q
/m/01dzz7	/tv/tv_program/country_of_origin	/m/03cd0x
/m/05hs4r	/tv/tv_personality/tv_regular_appearances./tv/tv_regular_personal_appearance/program	/m/0cwx_
/m/0kx4m	/organization/organization/headquarters./location/mailing_address/state_province_region	/m/04q24zv
/m/02_cq0	/film/film/music	/m/0241jw
/m/01xsbh	/broadcast/content/artist	/m/0fb0v
/m/0lk8j	/film/film/country	/m/0g48m4
/m/0190_q	/organization/organization/headquarters./location/mailing_address/country	/m/02rh1dz
/m/017d93	/sports/sports_team/roster./american_football/football_historical_roster_position/position_s	/m/0gtv7pk
/m/026zvx7	/film/film/country	/m/01mqz0
/m/05_k56	/film/film/other_crew./film/film_crew_gig/crewmember	/m/02qm_f
/m/04twmk	/film/film/prequel	/m/070m6c
/m/0pcc0	/media_common/netflix_genre/titles	/m/05hdf
/m/0l2nd	/people/ethnicity/people	/m/02mjs7
/m/04vr_f	/award/award_category/nominees./award/award_nomination/nominated_for	/m/06gp3f
/m/01k8q5	/military/military_combatant/military_conflicts./military/military_combatant_group/combatants	/m/0jmfv
/m/0pv3x	/people/person/sibling_s./people/sibling_relationship/sibling	/m/0283_zv
/m/08664q	/location/hud_foreclosure_area/estimated_number_of_mortgages./measurement_unit/dated_integer/source	/m/046b0s
/m/0blg2	/education/educational_institution/school_type	/m/04xvh5
/m/01_srz	/tv/tv_program/regular_cast./tv/regular_tv_appearance/actor	/m/0btpm6
/m/088tb	/soccer/football_team/current_roster./soccer/football_roster_position/position	/m/09p35z
/m/0dwr4	/government/politician/government_positions_held./government/government_position_held/legislative_sessions	/m/024rgt
/m/01719t	/tv/tv_program/genre	/m/056878
/m/0wp9b	/film/film/written_by	/m/034g2b
/m/07vc_9	/location/statistical_region/gdp_nominal./measurement_unit/dated_money_value/currency	/m/019vhk
/m/094hwz	/tv/tv_network/programs./tv/tv_network_duration/program	/m/02hgm4
/m/04cy8rb	/base/schemastaging/organization_extra/phone_number./base/schemastaging/phone_sandbox/service_location	/m/03spz
/m/021yc7p	/base/americancomedy/celebrity_impressionist/celebrities_impersonated	/m/011zd3
/m/01f8ld	/film/film/country	/m/013w7j
/m/0m_xy	/film/film/release_date_s./film/film_regional_release_date/film_release_distribution_medium	/m/01bpc9
/m/018swb	/award/award_nominee/award_nominations./award/award_nomination/award_nominee	/m/02yv_b
/m/016pns	/music/performance_role/track_performances./music/track_contribution/role	/m/0pc7r
/m/05k2s_	/location/country/second_level_divisions	/m/030h95
/m/0gl02yg	/tv/tv_program/tv_producer./tv/tv_producer_term/producer_type	/m/0hnlx
/m/01sgl	/award/award_nominated_work/award_nominations./award/award_nomination/nominated_for	/m/0gzy02
/m/05pq9	/medicine/disease/notable_people_with_this_condition	/m/04t36
/m/0dq6p	/base/x2010fifaworldcupsouthafrica/world_cup_squad/current_world_cup_squad./base/x2010fifaworldcupsouthafrica/current_world_cup_squad/current_club	/m/01yb09
/m/0r1jr	/award/award_category/nominees./award/award_nomination/nominated_for	/m/03qx63
/m/02g3ft	/education/university/fraternities_and_sororities	/m/0c9c0
/m/01zkxv	/award/award_nominee/award_nominations./award/award_nomination/award	/m/05ksh
/m/0p_th	/government/politician/government_positions_held./government/government_position_held/basic_title	/m/024d8w
/m/0mhfr	/music/genre/parent_genre	/m/0m7yy
/m/0fphf3v	/film/film/release_date_s./film/film_regional_release_date/film_release_distribution_medium	/m/0fy6bh
/m/01vx5w7	/award/award_nominee/award_nominations./award/award_nomination/nominated_for	/m/0yc84
